SONG_ID,Clean_Lyrics,Word_Count,Unique_Word_Count,Repetition_Score,Average_Line_Length,Vocabulary_Diversity,Title_Repetition,Explicit_Word_Count,Sentiment_Score,Positive_Score,Negative_Score,Emotional_Intensity
7j5TIXPi0cCbSSqItmbyZy,"what are you looking at?

strike a pose

strike a pose
vogue (vogue, vogue)
vogue (vogue, vogue)

look around, everywhere you turn is heartache
it's everywhere that you go (look around)
you try everything you can to escape
the pain of life that you know (life that you know)
when all else fails and you long to be
something better than you are today
i know a place where you can get away
it's called a dance floor
and here's what it's for, so

come on, vogue (vogue)
let your body move to the music (move to the music)
hey, hey, hey
come on, vogue (vogue)
let your body go with the flow (go with the flow)
you know you can do it

all you need is your own imagination
so use it, that's what it's for (that's what it's for)
go inside for your finest inspiration
your dreams will open the door (open up the door)
it makes no difference if you're black or white
if you're a boy or a girl
if the music's pumping it will give you new life
you're a superstar
yes, that's what you are, you know it

come on, vogue (vogue)
let your body groove to the music (groove to the music)
hey, hey, hey
come on, vogue (vogue, vogue)
let your body go with the flow (go with the flow)
you know you can do it

beauty's where you find it
not just where you bump and grind it
soul is in the musical
that's where i feel so beautiful
magical, life's a ball
so get up on the dance floor

vogue (vogue)
let your body move to the music (move to the music)
hey, hey, hey
come on, vogue (vogue, vogue)
let your body go with the flow (go with the flow)
you know you can do it

vogue (vogue)
beauty's where you find it (move to the music)
vogue (vogue)
beauty's where you find it (go with the flow)

greta garbo and monroe
dietrich and dimaggio
marlon brando, jimmy dean
on the cover of a magazine

grace kelly, harlow, jean
picture of a beauty queen
gene kelly, fred astaire
ginger rogers, dance on air

they had style, they had grace
rita hayworth gave good face
lauren, katherine, lana too
bette davis, we love you

ladies with an attitude
fellas that were in the mood
don't just stand there, let's get to it
strike a pose, there's nothing to it

vogue, vogue
vogue, vogue (move to the music)
vogue, vogue
vogue, vogue (go with the flow)

ooh, you've got to
let your body move to the music
ooh, you've got to just
let your body go with the flow

ooh, you've got to just...
vogue (vogue)",455,185,0.5934,5.9091,0.4066,34,0,0.9753,0.072,0.026,0.9753
0yp3TvJNlG50Q4tAHWNCRm,"words like violence
break the silence
come crashing in
into my little world

painful to me
pierce right through me
can't you understand
oh my little girl?

all i ever wanted
all i ever needed
is here in my arms
words are very unnecessary
they can only do harm

vows are spoken
to be broken
feelings are intense
words are trivial

pleasures remain
so does the pain
words are meaningless
and forgettable

all i ever wanted
all i ever needed
is here in my arms
words are very unnecessary
they can only do harm

all i ever wanted
all i ever needed
is here in my arms
words are very unnecessary
they can only do harm

all i ever wanted
all i ever needed
is here in my arms
words are very unnecessary
they can only do harm

enjoy the silence",141,56,0.6028,3.8108,0.3972,1,0,-0.9701,0.059,0.187,0.9701
3XVozq1aeqsJwpXrEZrDJ9,"yo vip, let's kick it
ice, ice baby
ice, ice baby

alright stop, collaborate and listen
ice is back with my brand new invention
something grabs a hold of me tightly
flow like a harpoon daily and nightly
will it ever stop? yo, i don't know
turn off the lights, and i'll glow

to the extreme, i rock a mic like a vandal
light up a stage and wax a chump like a candle
dance, go rush to the speaker that booms
i'm killing your brain like a poisonous mushroom

deadly, when i play a dope melody
anything less than the best is a felony
love it or leave it, you better gangway
you better hit bull's eye, the kid don't play
if there was a problem, yo, i'll solve it
check out the hook while my dj revolves it

ice, ice baby
vanilla ice, ice baby
vanilla ice, ice baby
vanilla ice, ice baby
vanilla

now that the party is jumping
with the bass kicked in, and the vegas are pumping
quick to the point, to the point, no faking
cooking mcs like a pound of bacon
burning them, if you ain't quick and nimble
i go crazy when i hear a cymbal
and a hi-hat with a souped up tempo
i'm on a roll, it's time to go solo

rollin' in my 5.0
with my rag-top down so my hair can blow
the girlies on standby, waving just to say ""hi""
""did you stop?"" no, i just drove by
kept on, pursuing to the next stop
i busted a left, and i'm heading to the next block
the block was dead, yo
so i continued to a1a beachfront avenue

girls were hot wearing less than bikinis
rockman lovers driving lamborghinis
jealous, 'cause i'm out getting mine
shay with a gauge, and vanilla with a nine
ready for the chumps on the wall
the chumps acting ill because they're full of eight ball
gunshots rang out like a bell
i grabbed my nine, all i heard were shells
falling on the concrete real fast

jumped in my car, slammed on the gas
bumper to bumper, the avenue's packed
i'm trying to get away before the jackers jack
police on the scene, you know what i mean
they passed me up, confronted all the dope fiends
if there was a problem, yo, i'll solve it
check out the hook while my dj revolves it

ice, ice baby
vanilla ice, ice baby
vanilla ice, ice baby
vanilla ice, ice baby
vanilla

take heed 'cause i'm a lyrical poet
miami's on the scene, just in case you didn't know it
my town, that created all the bass sound
enough to shake and kick holes in the ground
'cause my style's like a chemical spill
feasible rhymes that you can vision and feel
conducted and formed, this is a hell of a concept

we make it hype, and you want to step
with this, shay plays on the fade
slice like a ninja, cut like a razor blade
so fast, other djs say ""damn!""
if my rhyme was a drug, i'd sell it by the gram

keep my composure,when it's time to get loose
magnetized by the mic while i kick my juice
if there was a problem, yo, i'll solve it
check out the hook while d-shay revolves it

ice, ice baby
vanilla ice, ice baby
vanilla ice, ice baby
vanilla ice, ice baby
vanilla ice
yo man, let's get out of here
word to your mother

ice, ice baby, too cold
ice, ice baby, too cold, too cold
ice, ice baby, too cold, too cold
ice, ice baby, too cold, too cold",611,291,0.5237,6.9432,0.4763,0,2,-0.4058,0.099,0.096,0.4058
7EsjkelQuoUlJXEw7SeVV4,"aaow!

aaow!

i took my baby on a saturday bang
boy, is that girl with you?
yes, we're one and the same
now i believe in miracles
and a miracle has happened tonight
hee!

but, if you're thinking about my baby
it don't matter if you're black or white
ooh!

they print my message in the saturday sun
i had to tell 'em i ain't second to none
and i told 'em about equality
and it's true, either you're wrong or you're right
hoo!

but, if you're thinking about my baby
it don't matter if you're black or white
hoo!

gone witcha girl!
hee-hee!

i am tired of this devil
i am tired of this stuff
i am tired of this business
so when the going gets rough
i ain't scared of your brother
i ain't scared of no sheets
i ain't scared of nobody
girl, when the going gets mean

protection for gangs, clubs and nations
causing grief in human relations
it's a turf war on a global scale
i'd rather hear both sides of the tale
see, it's not about races
just places, faces
where your blood comes from is where your space is
i've seen the bright get duller
i'm not going to spend my life being a color

don't tell me you agree with me
when i saw you kicking dirt in my eye
hee-hee!

but, if you're thinking about my baby
it don't matter if you're black or white
i said if you're thinking of being my baby
it don't matter if you're black or white
i said if you're thinking of being my brother
it don't matter if you're black or white

alright, alright
ah, dah, ah (ooh, ooh, ooh, ooh)
dah, ah, dah, alright
ooh, ooh, yeah, yeah, yeah, now
alright, alright (ooh, ooh, ooh, ooh)
shamone, don't
ooh, ooh, yeah, yeah, yeah now
alright (ooh, ooh, ooh, ooh)
it's black, it's white
it's tough for you to get by (ooh, ooh, yeah, yeah, yeah)
it's black, it's white, hoo! (ooh, ooh, ooh, ooh)
it's black, it's white
it's tough for you to get by (ooh, ooh, yeah, yeah, yeah)
it's black, it's white, hoo! (shamone, dah)",364,151,0.5852,5.9672,0.4148,5,0,0.969,0.166,0.111,0.969
5ghIJDpPoe3CfHMGu71E6T,"load up on guns, bring your friends
it's fun to lose and to pretend
she's over-bored, and self-assured
oh no, i know a dirty word

hello, hello, hello, how low?
hello, hello, hello, how low?
hello, hello, hello, how low?
hello, hello, hello

with the lights out, it's less dangerous
here we are now, entertain us
i feel stupid and contagious
here we are now, entertain us
a mulatto, an albino
a mosquito, my libido, yeah
hey, yey

i'm worse at what i do best
and for this gift, i feel blessed
our little group has always been
and always will until the end

hello, hello, hello, how low?
hello, hello, hello, how low?
hello, hello, hello, how low?
hello, hello, hello

with the lights out, it's less dangerous
here we are now, entertain us
i feel stupid and contagious
here we are now, entertain us
a mulatto, an albino
a mosquito, my libido, yeah
hey, yey

and i forget just why i taste
oh yeah, i guess it makes me smile
i found it hard, it's hard to find
oh well, whatever, never mind

hello, hello, hello, how low?
hello, hello, hello, how low?
hello, hello, hello, how low?
hello, hello, hello

with the lights out, it's less dangerous
here we are now, entertain us
i feel stupid and contagious
here we are now, entertain us
a mulatto, an albino
a mosquito, my libido

a denial, a denial
a denial, a denial
a denial, a denial
a denial, a denial
a denial",253,91,0.6403,5.1633,0.3597,0,0,-0.9119,0.136,0.192,0.9119
31AOj9sFz2gM0O3hMARRBx,"oh, life is bigger
it's bigger than you
and you are not me
the lengths that i will go to
the distance in your eyes
oh no, i've said too much
i set it up

that's me in the corner
that's me in the spotlight
losing my religion
trying to keep up with you
and i don't know if i can do it
oh no, i've said too much
i haven't said enough

i thought that i heard you laughing
i thought that i heard you sing
i think i thought i saw you try

every whisper, of every waking hour
i'm choosing my confessions
trying to keep an eye on you
like a hurt, lost, and blinded fool, fool
oh no, i've said too much
i set it up

consider this
consider this, the hint of the century
consider this the slip
that brought me to my knees, failed
what if all these fantasies come
flailing around
now i've said too much

i thought that i heard you laughing
i thought that i heard you sing
i think i thought i saw you try

but that was just a dream
that was just a dream

that's me in the corner
that's me in the spotlight
losing my religion
trying to keep up with you
and i don't know if i can do it
oh no, i've said too much
i haven't said enough

i thought that i heard you laughing
i thought that i heard you sing
i think i thought i saw you try

but that was just a dream
try, cry, fly, try
that was just a dream
just a dream
just a dream",277,96,0.6534,5.54,0.3466,2,0,0.7184,0.083,0.063,0.7184
1SAkL1mYNJlaqnBQxVZrRl,"oh my god
becky, look at her butt
it's so big
she looks like one of those rap guys' girlfriends
but, you know
who understands those rap guys?
they only talk to her because she looks like a total prostitute, okay
i mean her butt
it's just so big
i can't believe it's so round
it's like, out there
i mean, it's gross
look, she's just so black

i like big butts and i cannot lie
you other brothers can't deny
that when a girl walks in with an itty bitty waist
and a round thing in your face

you get sprung
wanna pull up tough
'cause you notice that butt was stuffed
deep in the jeans she's wearing
i'm hooked and i can't stop staring

oh, baby i wanna get with ya
and take your picture
my homeboys tried to warn me
but that butt you got
makes (me so horny)

ooh, rump of smooth skin
you say you wanna get in my benz
well use me, use me 'cause you aint that average groupie

i've seen them dancin'
to hell with romancin'
she's sweat and wet
got it goin' like a turbo 'vette

i'm tired of magazines
saying flat butts are the thing
take the average black man and ask him that
she gotta pack much back

so, fellas! (yeah), fellas (yeah)
has your girlfriend got the butt? (hell yeah)
tell 'em to shake it! (shake it), shake it (shake it)
shake that healthy butt
baby got back!

(l.a. face with a oakland booty)

baby got back!
(l.a. face with a oakland booty)

(l.a. face with a oakland booty)

i like 'em round and big
and when i'm throwin a gig
i just can't help myself
i'm actin like an animal
now here's my scandal

i wanna get you home
and ugh, double-up, ugh, ugh
i ain't talkin' 'bout playboy
'cause silicone parts are made for toys
i want 'em real thick and juicy

so find that juicy double
mix-a-lot's in trouble
beggin' for a piece of that bubble
so i'm lookin' at rock videos
knock-kneeded bimbos walkin' like hoes

you can have them bimbos
i'll keep my women like flo jo
a word to the thick soul sistas, i wanna get with ya
i won't cuss or hit ya
but i gotta be straight when i say i wanna

'til the break of dawn
baby got it goin' on
a lot of simps won't like this song
'cause them punks like to hit it and quit it
and i'd rather stay and play
'cause i'm long, and i'm strong
and i'm down to get the friction on

so, ladies (yeah), ladies (yeah)
if you wanna roll in my mercedes (yeah)
then turn around, stick it out
even white boys got to shout
baby got back

baby got back

yeah, baby, when it comes to females, cosmo ain't got nothin'
to do with my selection, 36-24-36? ha-ha, only if she's 5'3""

so your girlfriend rolls a honda
playin' workout tapes by fonda
but fonda ain't got a motor in the back of her honda

my anaconda don't want none
unless you've got buns, hun
you can do side bends or sit-ups
but please don't lose that butt

some brothers wanna play that hard role
and tell you that the butt ain't gold
so they toss it and leave it
and i pull up quick to retrieve it

so cosmo says you're fat
well i ain't down with that
'cause your waist is small and your curves are kickin'
and i'm thinkin' 'bout stickin'

to the beanpole dames in the magazines
you ain't it, miss thing
give me a sister, i can't resist her
red beans and rice didn't miss her

some knucklehead tried to diss
'cause his girls are on my list
he had game but he chose to hit 'em
and i pull up quick to get wit 'em

so ladies, if the butt is round
and you want a triple x throw down
dial 1-900-mix-a-lot
and kick them nasty thoughts
baby got back

baby got back

(little in the middle but she got much back)
(little in the middle but she got much back)
(little in the middle but she got much back)
(little in the middle but she got much back)",716,326,0.5447,6.2261,0.4553,6,2,0.974,0.117,0.082,0.974
4eHbdreAnSOrDDsFfc4Fpm,"if i should stay
i would only be in your way
so i'll go, but i know
i'll think of you every step of the way

and i will always love you
i will always love you
you
my darling, you, mm-mm

bittersweet memories
that is all i'm taking with me
so goodbye, please don't cry
we both know i'm not what you, you need

and i will always love you
i will always love you

i hope life treats you kind
and i hope you have all you've dreamed of
and i wish you joy and happiness
but above all this, i wish you love

and i will always love you
i will always love you
i will always love you
i will always love you
i will always love you
i, i will always love you

you
darling, i love you
ooh, i'll always, i'll always love you",150,62,0.5867,5.5556,0.4133,10,0,0.9992,0.491,0.006,0.9992
70LcF31zb1H0PyJoS1Sx1r,"when you were here before
couldn't look you in the eye

you're just like an angel
your skin makes me cry
you float like a feather
in a beautiful world

i wish i was special
you're so fuckin' special

but i'm a creep
i'm a weirdo
what the hell am i doin' here?
i don't belong here

i don't care if it hurts
i wanna have control
i want a perfect body
i want a perfect soul
i want you to notice
when i'm not around

so fuckin' special
i wish i was special

but i'm a creep
i'm a weirdo
what the hell am i doin' here?
i don't belong here

she's running out the door (run)
she's running out
she run, run, run, run

run

whatever makes you happy
whatever you want

you're so fuckin' special

i wish i was special

but i'm a creep
i'm a weirdo
what the hell am i doin' here?
i don't belong here
i don't belong here",165,67,0.5939,4.4595,0.4061,3,3,0.879,0.244,0.171,0.879
119c93MHjrDLJTApCVGpvx,"what that nigga want, god?
word up, look out for the cops (wu-tang five-finger shit, fam)
cash rules-
word up, two for fives over here, baby
word up, two for fives, niggas got garbage down the way
word up, know what i'm sayin'? (cash rules everything around me, c.r.e.a.m. get-)
yeah, check this ol' fly shit out, word up
(cash rules everything around me) take you on a natural joint
(c.r.e.a.m. get the money) here we, here we go
(dollar, dollar bill, y'all) check this shit, yo

i grew up on the crime side, the new york times side
staying alive was no jive
at second hands, moms bounced on old men
so then we moved to shaolin land
a young youth, yo' rockin' the gold tooth, 'lo goose
only way, i begin to gee off was drug loot
and let's start it like this son, rollin' with this one
and that one, pullin' out gats for fun

but it was just a dream for the teen, who was a fiend
started smokin' woolies at 16
and running up in gates, and doing hits for high stakes
making my way on fire escapes
no question, i would speed, for cracks and weed
the combination made my eyes bleed
no question, i would flow off, and try to get the dough all
sticking up white boys in ball courts

my life got no better, same damn 'lo sweater
times is rough and tough like leather
figured out i went the wrong route
so i got with a sick ass click and went all out
catchin' keys from across seas
rollin' in mpv's, every week we made forty g's
yo nigga respect mine, or anger the tech nine
ch-chick-pow! wu from the gate now

cash rules everything around me
c.r.e.a.m. get the money
dollar, dollar bill, y'all
cash rules everything around me
c.r.e.a.m. get the money
dollar, dollar bill, y'all

it's been 22 long hard years of still strugglin'
survival got me buggin', but i'm alive on arrival
i peep at the shape of the streets
and stay awake to the ways of the world 'cause shit is deep
a man with a dream with plans to make c.r.e.a.m
which failed, i went to jail at the age of 15
a young buck sellin' drugs and such who never had much
trying to get a clutch at what i could not, could not

the court played me short, now i face incarceration
pacin' going up state's my destination
handcuffed in back of a bus, 40of us
life as a shorty shouldn't be so rough
but as the world turns, i learned life is hell
living in the world no different from a cell
every day, i escape from jakes givin' chase, sellin' base
smokin' bones in the staircase

though i don't know why i chose to smoke sess
i guess that's the time when i'm not depressed
but i'm still depressed, and i ask what's it worth?
ready to give up, so i seek the old earth
who explained working hard may help you maintain
to learn to overcome the heartaches and pain
we got stickup kids, corrupt cops, and crack rocks
and stray shots, all on the block that stays hot

leave it up to me while i be living proof
to kick the truth to the young black youth
but shorty's running wild smokin' sess drinkin' beer
and ain't trying to hear what i'm kickin' in his ear
neglected, but now, but yo, it gots to be accepted
that what? that life is hectic

cash rules everything around me
c.r.e.a.m. get the money
dollar, dollar bill, y'all
cash rules everything around me (my niggas gots to do what they gotta do)
c.r.e.a.m. get the money
dollar, dollar bill, y'all (to get through, know what i'm sayin'?)

cash rules everything around me (because you can't just get by no more)
c.r.e.a.m. get the money (word up)
dollar, dollar bill, y'all (you gotta get over, straight up and down)
cash rules everything around me
c.r.e.a.m. get the money
dollar, dollar bill, y'all

cash rules everything around me
c.r.e.a.m. get the money
dollar, dollar bill, y'all
cash rules everything around me
c.r.e.a.m. get the money
dollar, dollar bill, y'all

cash rules everything around me
c.r.e.a.m. get the money
dollar, dollar bill, y'all
cash rules everything around me
c.r.e.a.m. get the money
dollar, dollar bill, y'all-all-all, yeah",733,356,0.5143,7.7979,0.4857,12,9,-0.9941,0.066,0.118,0.9941
6kWJvPfC4DgUpRsXKNa9z9,"she leads a lonely life
she leads a lonely life

when she woke up late
in the morning light
and the day had just begun

she opened up
her eyes and thought
oh, what a morning

it's not a day for work
it's a day for catching tan
just laying on the beach
and having fun
she's going to get ya

all that she wants
is another baby
she's gone tomorrow, boy
all that she wants
is another baby, yeah

all that she wants
is another baby
she's gone tomorrow, boy
all that she wants
is another baby, yeah

(all that she wants)

(all that she wants)

so if you are in sight
and the day is right
she's a hunter, you're the fox

the gentle voice
that talks to you
won't talk forever

it is a night for passion
but the morning means goodbye

beware of what is flashing in her eyes
she's going to get ya

all that she wants
is another baby
she's gone tomorrow, boy
all that she wants
is another baby, yeah

all that she wants
is another baby
she's gone tomorrow, boy
all that she wants
is another baby, yeah

all that she wants
is another baby
she's gone tomorrow, boy
all that she wants
is another baby, yeah

all that she wants
is another baby
she's gone tomorrow, boy
all that she wants
is another baby, yeah

(all that she wants)
(all that she wants)",242,77,0.6818,4.2456,0.3182,16,0,0.9325,0.08,0.014,0.9325
0OTO8ZF2YqFQVw9hnZylTd,"what is love?
oh, baby, don't hurt me
don't hurt me no more
baby, don't hurt me
don't hurt me no more

what is love?

yeah, yeah

(ooh, ooh)

i don't know why you're not there
i give you my love, but you don't care
so what is right?
and what is wrong?
gimme a sign

what is love?
oh, baby, don't hurt me
don't hurt me no more
what is love?
oh, baby, don't hurt me
don't hurt me no more

whoa, whoa, whoa, whoa
oh-whoa, whoa, ohh, ooh
whoa, whoa, whoa, whoa
oh-whoa, whoa, ohh, ooh

oh, i don't know, what can i do?
what else can i say, it's up to you
i know we're one
just me and you
i can't go on

what is love?
oh, baby, don't hurt me
don't hurt me no more
what is love?
oh, baby, don't hurt me
don't hurt me no more

whoa, whoa, whoa, whoa
oh-whoa, whoa, ohh, ooh
whoa, whoa, whoa, whoa
oh-whoa, whoa, ohh, ooh

what is love?
(ooh, ooh, ooh)
what is love?
(ooh, ooh, ooh)

what is love?
oh, baby, don't hurt me
don't hurt me no more

don't hurt me
don't hurt me

i want no other, no other lover
this is our life, our time
when we are together, i need you forever
is it love?

what is love?
oh, baby, don't hurt me
don't hurt me no more
what is love?
oh, baby, don't hurt me
don't hurt me no more
yeah, yeah

whoa, whoa, whoa, whoa
oh-whoa, whoa, ohh, ooh
whoa, whoa, whoa, whoa
oh-whoa, whoa, ohh, ooh

what is love?
oh, baby, don't hurt me
don't hurt me no more
what is love?
oh, baby, don't hurt me
don't hurt me no more

(huh-huh, huh-huh)
oh, baby, don't hurt me
don't hurt me no more
(huh-huh, huh-huh)
oh, baby, don't hurt me
don't hurt me no more
what is love?",321,70,0.7819,4.28,0.2181,14,0,0.9996,0.446,0.035,0.9996
2EoOZnxNgtmZaD8uUmz2nD,"in my eyes
indisposed
in disguises no one knows
hides the face
lies the snake
and the sun in my disgrace
boiling heat
summer stench
neath the black, the sky looks dead
call my name
through the cream
and i'll hear you scream again

black hole sun
won't you come
and wash away the rain?
black hole sun
won't you come
won't you come
won't you come

stuttering
cold and damp
steal the warm wind, tired friend
times are gone
for honest men
sometimes, far too long for snakes
in my shoes
walking sleep
in my youth, i pray to keep
heaven send
hell away
no one sings like you anymore

black hole sun
won't you come
and wash away the rain?
black hole sun
won't you come
won't you come

black hole sun
won't you come
and wash away the rain?
black hole sun
won't you come
won't you come (black hole sun, black hole sun)
won't you come (black hole sun, black hole sun)
won't you come (black hole sun, black hole sun)
won't you come? (black hole sun, black hole sun)

hang my head
drown my fear
till you all just disappear

black hole sun
won't you come
and wash away the rain?
black hole sun
won't you come
won't you come

black hole sun
won't you come
and wash away the rain?
black hole sun
won't you come
won't you come (black hole sun, black hole sun)
won't you come (black hole sun, black hole sun)
won't you come (black hole sun, black hole sun)
won't you come (black hole sun, black hole sun)
won't you come (black hole sun, black hole sun)
won't you come (black hole sun, black hole sun)
won't you come
won't you come",292,86,0.7055,4.2941,0.2945,30,1,-0.9781,0.059,0.135,0.9781
0bYg9bo50gSsH3LtXe2SQn,"i don't want a lot for christmas
there is just one thing i need
i don't care about the presents underneath the christmas tree
i just want you for my own
more than you could ever know
make my wish come true
all i want for christmas is you

yeah

i don't want a lot for christmas
there is just one thing i need (and i)
don't care about the presents underneath the christmas tree
i don't need to hang my stocking there upon the fireplace
santa claus won't make me happy with a toy on christmas day

i just want you for my own
more than you could ever know
make my wish come true
all i want for christmas is you
you, baby

oh, i won't ask for much this christmas
i won't even wish for snow (and i)
i'm just gonna keep on waiting underneath the mistletoe
i won't make a list and send it to the north pole for saint nick
i won't even stay awake to hear those magic reindeer click

'cause i just want you here tonight
holding on to me so tight
what more can i do?
oh, baby, all i want for christmas is you
you, baby

oh-oh, all the lights are shining so brightly everywhere (so brightly, baby)
and the sound of children's laughter fills the air (oh, oh, yeah)
and everyone is singing (oh, yeah)
i hear those sleigh bells ringing
santa, won't you bring me the one i really need? (yeah, oh)
won't you please bring my baby to me?

oh, i don't want a lot for christmas
this is all i'm asking for
i just wanna see my baby standing right outside my door

oh, i just want you for my own
more than you could ever know
make my wish come true
oh, baby, all i want for christmas is you
you, baby

all i want for christmas is you, baby
all i want for christmas is you, baby
all i want for christmas is you, baby
all i want for christmas (all i really want) is you, baby
all i want (i want) for christmas (all i really want) is you, baby",366,127,0.653,7.7872,0.347,7,0,0.9805,0.141,0.04,0.9805
6L89mwZXSOwYl76YXfX13s,"do you have the time to listen to me whine?
about nothing and everything, all at once
i am one of those melodramatic fools
neurotic to the bone, no doubt about it

sometimes i give myself the creeps
sometimes my mind plays tricks on me
it all keeps adding up
i think i'm cracking up
am i just paranoid or am i just stoned?

i went to a shrink, to analyze my dreams
she said it's lack of sex that's bringing me down
i went to a whore, he said my life's a bore
so quit my whining 'cause it's bringing her down

sometimes i give myself the creeps
sometimes my mind plays tricks on me
it all keeps adding up
i think, i'm cracking up
am i just paranoid?
i don't know

grasping to control
so i better hold on

sometimes i give myself the creeps
sometimes my mind plays tricks on me
it all keeps adding up
i think i'm cracking up
am i just paranoid?
or am i just stoned?",173,77,0.5549,6.4074,0.4451,0,1,-0.9237,0.071,0.153,0.9237
7ygpwy2qP3NbrxVkHvUhXY,"today is gonna be the day
that they're gonna throw it back to you
by now, you should've somehow
realized what you gotta do
i don't believe that anybody
feels the way i do about you now

backbeat, the word was on the street
that the fire in your heart is out
i'm sure you've heard it all before
but you never really had a doubt
i don't believe that anybody
feels the way i do about you now

and all the roads we have to walk are winding
and all the lights that lead us there are blinding
there are many things that
i would like to say to you, but i don't know how

because maybe
you're gonna be the one that saves me
and after all
you're my wonderwall

today was gonna be the day
but they'll never throw it back to you
by now, you should've somehow
realized what you're not to do
i don't believe that anybody
feels the way i do about you now

and all the roads that lead you there were winding
and all the lights that light the way are blinding
there are many things that
i would like to say to you, but i don't know how

i said maybe
you're gonna be the one that saves me
and after all
you're my wonderwall

i said maybe (i said maybe)
you're gonna be the one that saves me
and after all
you're my wonderwall

i said maybe (i said maybe)
you're gonna be the one that saves me (saves me)
you're gonna be the one that saves me (that saves me)
you're gonna be the one that saves me (saves me)",281,90,0.6797,6.6905,0.3203,3,0,0.6602,0.037,0.018,0.6602
1DIXPcTDzTj8ZMHt3PDt8p,"as i walk through the valley of the shadow of death
i take a look at my life, and realize there's nothin' left
'cause i've been blastin' and laughin' so long
that even my momma thinks that my mind is gone

but i ain't never crossed a man that didn't deserve it
me be treated like a punk, you know that's unheard of
you better watch how you talkin' and where you walkin'
or you and your homies might be lined in chalk

i really hate to trip, but i gotta loc
as they croak, i see myself in the pistol smoke
fool, i'm the kinda g the little homies wanna be like
on my knees in the night, sayin' prayers in the streetlight

been spendin' most their lives livin' in the gangsta's paradise
been spendin' most their lives livin' in the gangsta's paradise
keep spendin' most our lives livin' in the gangsta's paradise
keep spendin' most our lives livin' in the gangsta's paradise

look at the situation they got me facin'
i can't live a normal life, i was raised by the street
so i gotta be down with the hood team
too much television watchin' got me chasin' dreams

i'm a educated fool with money on my mind
got my ten in my hand and a gleam in my eye
i'm a loc'd out gangsta, set trippin' banger
and my homies is down so don't arouse my anger

fool, death ain't nothin' but a heart beat away
i'm livin' life do or die, what can i say?
i'm 23 now, but will i live to see 24?
the way things is goin', i don't know

tell me why are we so blind to see
that the ones we hurt are you and me?

been spendin' most their lives livin' in the gangsta's paradise
been spendin' most their lives livin' in the gangsta's paradise
keep spendin' most our lives livin' in the gangsta's paradise
keep spendin' most our lives livin' in the gangsta's paradise

power and the money, money and the power
minute after minute, hour after hour
everybody's runnin', but half of them ain't lookin'
it's goin' on in the kitchen, but i don't know what's cookin'

they say i gotta learn, but nobody's here to teach me
if they can't understand it, how can they reach me?
i guess they can't, i guess they won't
i guess they frontin', that's why i know my life is out of luck, fool!

been spendin' most their lives livin' in the gangsta's paradise
been spendin' most their lives livin' in the gangsta's paradise
keep spendin' most our lives livin' in the gangsta's paradise
keep spendin' most our lives livin' in the gangsta's paradise

tell me why are we so blind to see
that the ones we hurt are you and me?
tell me why are we so blind to see
that the ones we hurt are you and me?",489,188,0.6155,9.78,0.3845,12,0,0.9939,0.168,0.1,0.9939
6qspW4YKycviDFjHBOaqUY,"a lonely mother gazing out of her window
staring at a son that she just can't touch
if at any time he's in a jam, she'll be by his side
but he doesn't realize he hurts her so much

but all the praying just ain't helping at all
'cause he can't seem to keep his self out of trouble
so, he goes out, and he makes his money the best way he know how
another body laying cold in the gutter
listen to me

don't go chasing waterfalls
please stick to the rivers and the lakes that you're used to
i know that you're gonna have it your way or nothing at all
but i think you're moving too fast

little precious has a natural obsession
for temptation, but he just can't see
she give him loving that his body can't handle
but all he can say is, ""baby, it's good to me""

one day he goes and takes a glimpse in the mirror
but he doesn't recognize his own face
his health is fading and he doesn't know why
three letters took him to his final resting place
y'all don't hear me

don't go chasing waterfalls
please stick to the rivers and the lakes that you're used to
i know that you're gonna have it your way or nothing at all
but i think you're moving too fast

don't go chasing waterfalls
please stick to the rivers and the lakes that you're used to
i know that you're gonna have it your way or nothing at all
but i think you're moving too fast (come on)

i seen a rainbow yesterday
but too many storms have come and gone
leavin' a trace of not on god-given ray
is it because my life is ten shades of gray
i pray all ten fade away
seldom praise him for the sunny days
and like his promise is true
only my faith can undo
the many chances i blew
will it bring my life to anew

clear blue and unconditional skies
have dried the tears from my eyes
no more lonely cries
my only bleedin' hope is for the folk who can't cope
wit' such an endurin' pain
that it keeps 'em in the pourin' rain
who's to blame for tootin' cane in your own vein
what a shame
you shoot and aim for someone else's brain

you claim the insane and name this day in time
for fallin' prey to crime
i say the system got you victim to your own mind
dreams are hopeless aspirations
in hopes of comin' true
believe in yourself
the rest is up to me and you

don't go chasing waterfalls
please stick to the rivers and the lakes that you're used to
i know that you're gonna have it your way or nothing at all
but i think you're moving too fast (oh, you're moving)

don't go chasing waterfalls
please stick to the rivers and the lakes that you're used to
i know that you're gonna have it your way or nothing at all
but i think you're moving too fast",516,222,0.5698,8.0625,0.4302,5,0,0.9886,0.143,0.087,0.9886
6urCAbunOQI4bLhmGpX7iS,"you and me
we used to be together
every day together, always
i really feel
that i'm losing my best friend
i can't believe this could be the end

it looks as though you're letting go
and if it's real
well, i don't want to know

don't speak
i know just what you're sayin'
so please stop explainin'
don't tell me 'cause it hurts

don't speak
i know what you're thinkin'
i don't need your reasons
don't tell me 'cause it hurts

our memories
they can be inviting
but some are altogether mighty frightening

as we die, both you and i
with my head in my hands i sit and cry

don't speak
i know just what you're sayin'
so please stop explainin'
don't tell me 'cause it hurts

no, no, no, don't speak
i know what you're thinkin'
and i don't need your reasons
don't tell me 'cause it hurts

it's all ending
we gotta stop pretending who we are

you and me
i can see us dyin'
are we?

don't speak
i know just what you're sayin'
so please stop explainin'
don't tell me 'cause it hurts

no, no, don't speak
i know what you're thinkin'
and i don't need your reasons
don't tell me 'cause it hurts

don't tell me 'cause it hurts
i know what you're sayin'
so please stop explainin'
don't speak
don't speak

don't speak, no
i know what you're thinkin'
and i don't need your reasons
i know you're good
i know you're good
i know you're real good, oh

la, la, la, la
la, la, la, la
don't, don't, oh, oh
hush, hush, darling
hush, hush, darling
hush, hush
don't tell 'cause hurts

hush, hush, darling
hush, hush, darling
hush, hush
don't tell 'cause hurts",293,97,0.6689,4.5077,0.3311,9,0,0.8764,0.172,0.148,0.8764
1Je1IMUlBXcx1Fz0WE7oPT,"yo, i'll tell you what i want, what i really, really want
so tell me what you want, what you really, really want
i'll tell you what i want, what i really, really want
so tell me what you want, what you really, really want
i wanna (hey!), i wanna (hey!), i wanna (hey!), i wanna (hey!)
i wanna really, really, really wanna ""zig-a-zig"", ah

if you want my future, forget my past
if you wanna get with me, better make it fast
now don't go wasting my precious time
get your act together, we could be just fine

i'll tell you what i want, what i really, really want
so tell me what you want, what you really, really want
i wanna (hey!), i wanna (hey!), i wanna (hey!), i wanna (hey!)
i wanna really, really, really wanna ""zig-a-zig"", ah

if you wanna be my lover, you gotta get with my friends (gotta get with my friends)
make it last forever, friendship never ends
if you wanna be my lover, you have got to give
taking is too easy, but that's the way it is

oh what you think about that? now you know how i feel
say you could handle my love, are you for real? (are you for real?)
i won't be hasty, i'll give you a try
if you really bug me, then i'll say goodbye

yo, i'll tell you what i want, what i really, really want
so tell me what you want, what you really, really want
i wanna (hey!), i wanna (hey!), i wanna (hey!), i wanna (hey!)
i wanna really, really, really wanna ""zig-a-zig"", ah

if you wanna be my lover, you gotta get with my friends (gotta get with my friends)
make it last forever, friendship never ends
if you wanna be my lover, you have got to give (you've got to give)
taking is too easy, but that's the way it is

so here's a story from a to z
you wanna get with me, you gotta listen carefully
we got em in the place who likes it in your face
we got g like mc who likes it on an-
easy v doesn't come for free, she's a real lady
and as for me, haha, you'll see
slam your body down and wind it all around
slam your body down and wind it all around

if you wanna be my lover, you gotta get with my friends (gotta get with my friends)
make it last forever, friendship never ends
if you wanna be my lover, you have got to give (you've got to give)
taking is too easy, but that's the way it is

if you wanna be my lover
(you gotta, you gotta, you gotta, you gotta, you gotta slam)
make it last forever (slam, slam, slam, slam)
slam your body down and wind it all around
slam your body down and wind it all around (hey, hey, hey, hey, hey)
slam your body down and wind it all around
slam your body down and ""zig-a-zig"", ah

if you wanna be my lover",515,135,0.7379,10.3,0.2621,0,0,0.9978,0.214,0.067,0.9978
3ia3dJETSOllPsv3LJkE35,"california love!

california... knows how to party
california... knows how to party
in the citaaay of l.a.
in the citaaay of good ol' watts
in the citaaay, the city of compton
we keep it rockin! we keep it rockin!

now let me welcome everybody to the wild, wild west
a state that's untouchable like elliot ness
the track hits ya eardrum like a slug to ya chest
pack a vest for your jimmy in the city of sex
we in that sunshine state with a bomb ass hemp beat
the state where ya never find a dance floor empty
and pimps be on a mission for them greens
lean mean money-makin-machines servin fiends
i been in the game for ten years makin rap tunes
ever since honeys was wearin sassoon
now it's '95 and they clock me and watch me
diamonds shinin lookin like i robbed liberace
it's all good, from diego to tha bay
your city is tha bomb if your city makin pay
throw up a finger if ya feel the same way
dre puttin it down for
californ-i-a

california... knows how to party
california... knows how to party
in the citaaay of l.a.
in the citaaay of good ol' watts
in the citaaay, the city of compton
we keep it rockin! we keep it rockin!

shake it shake it baby
shake it shake it baby
shake it shake it mama
shake it cali
shake it shake it baby
shake it shake it shake it shake it...

out on bail fresh outta jail, california dreamin
soon as i stepped on the scene, i'm hearin hoochies screamin
fiendin for money and alcohol
the life of a west side playa where cowards die and its all ball
only in cali where we riot not rally to live and die
in l.a. we wearin chucks not ballies (that's right)
dressed in locs and khaki suits and ride is what we do
flossin but have caution we collide with other crews
famous cause we program worldwide
let'em recognize from long beach to rosecrans
bumpin and grindin like a slow jam, it's west side
so you know the row won't bow down to no man
say what you say
but give me that bomb beat from dre
let me serenade the streets of l.a.
from oakland to sacktown
the bay area and back down
cali is where they put they mack down
give me love!

california... knows how to party
california... knows how to party
in the citaaay of l.a.
in the citaaay of good ol' watts
in the citaaay, the city of compton
we keep it rockin! we keep it rockin!

shake it shake it baby
shake it shake it baby
shake it shake it mama
shake it cali
shake it shake it baby
shake it shake it shake it shake it...

uh, yeah, uh, longbeach in tha house, uh yeah
oaktown, oakland definately in tha house hahaha
frisko, frisko
hey, you know la is up in this
pasadena, where you at
yeah, inglewood, inglewood always up to no good
even hollywood tryin to get a piece baby
sacramento, sacramento where ya at? yeah

throw it up y'all, throw it up, throw it up
let's show these fools how we do this on that west side
cause you and i know it's tha best side

yeah, that's riight
west coast, west coast
uh, california love
california love",565,239,0.577,6.8902,0.423,3,1,0.9797,0.128,0.116,0.9797
5ZrDlcxIDZyjOzHdYW1ydr,"hiya, barbie!
hi, ken!
you wanna go for a ride?
sure, ken!
jump in!

i'm a barbie girl in a barbie world
life in plastic, it's fantastic
you can brush my hair, undress me everywhere
imagination, life is your creation
come on barbie, let's go party

i'm a barbie girl in a barbie world
life in plastic, it's fantastic
you can brush my hair, undress me everywhere
imagination, life is your creation

i'm a blonde bimbo girl in a fantasy world
dress me up, make it tight, i'm your dolly
you're my doll, rock and roll, feel the glamour in pink
kiss me here, touch me there, hanky-panky

you can touch, you can play
if you say, ""i'm always yours""
ooh-whoa-ooh

i'm a barbie girl in a barbie world
life in plastic, it's fantastic
you can brush my hair, undress me everywhere
imagination, life is your creation

come on barbie, let's go party
ah-ah-ah, yeah
come on barbie, let's go party
ooh-whoa-ooh, ooh-whoa-ooh
come on barbie, let's go party
ah-ah-ah, yeah
come on barbie, let's go party
ooh-whoa-ooh, ooh-whoa-ooh

make me walk, make me talk, do whatever you please
i can act like a star, i can beg on my knees
come jump in, bimbo friend, let us do it again
hit the town, fool around, let's go party

you can touch, you can play
if you say, ""i'm always yours""

you can touch, you can play
if you say, ""i'm always yours""

come on barbie, let's go party
ah-ah-ah, yeah
come on barbie, let's go party
ooh-whoa-ooh, ooh-whoa-ooh
come on barbie, let's go party
ah-ah-ah, yeah
come on barbie, let's go party
ooh-whoa-ooh, ooh-whoa-ooh

i'm a barbie girl in a barbie world
life in plastic, it's fantastic
you can brush my hair, undress me everywhere
imagination, life is your creation

i'm a barbie girl in a barbie world
life in plastic, it's fantastic
you can brush my hair, undress me everywhere
imagination, life is your creation

come on barbie, let's go party
ah-ah-ah, yeah
come on barbie, let's go party
ooh-whoa-ooh, ooh-whoa-ooh
come on barbie, let's go party
ah-ah-ah, yeah
come on barbie, let's go party
ooh-whoa-ooh, ooh-whoa-ooh

oh, i'm having so much fun!
well barbie, we're just getting started
oh, i love you, ken!",376,104,0.7234,5.5294,0.2766,5,0,0.9985,0.254,0.006,0.9985
33LC84JgLvK2KuW43MfaNq,"every night in my dreams
i see you, i feel you
that is how i know you go on

far across the distance
and spaces between us
you have come to show you go on

near, far, wherever you are
i believe that my heart does go on
once more you open the door
and you're here in my heart, and
my heart will go on and on

love can touch us one time
and last for a lifetime
and never let go 'til we're gone (we're gone)

love was when i loved you
one true time i hold to
in my life we'll always go on

near, far, wherever you are
i believe that my heart does go on
(why does the heart go on?)
once more you open the door
and you're here in my heart, and
my heart will go on and on

you're here, there's nothing i fear
and i know that my heart will go on
we'll stay forever this way
you are safe in my heart, and
my heart will go on and on

thank you so much, everybody
good night
good night boston",190,84,0.5579,6.129,0.4421,4,0,0.9974,0.303,0.0,0.9974
57iDDD9N9tTWe75x6qhStw,"'cause it's a bitter sweet symphony, that's life

tryin' to make ends meet, you're a slave to money then you die

i'll take you down the only road i've ever been down
you know the one that takes you to the places where all the veins meet, yeah

no change, i can change, i can change, i can change
but i'm here in my mold, i am here in my mold
but i'm a million different people from one day to the next
i can't change my mould, no, no, no, no, no
(have you ever been down?)

well, i've never prayed, but tonight i'm on my knees, yeah
i need to hear some sounds that recognize the pain in me, yeah

i let the melody shine, let it cleanse my mind, i feel free now

but the airwaves are clean and there's nobody singing to me now

no change, i can change, i can change, i can change
but i'm here in my mold, i am here in my mold
and i'm a million different people from one day to the next
i can't change my mould, no, no, no, no, no
(have you ever been down?)
i can't change it you know
i can't change it

'cause it's a bitter sweet symphony, that's life

tryin' to make ends meet, tryin' to find some money then you die

i'll take you down the only road i've ever been down

you know the one that takes you to the places where all the veins meet, yeah

you know, i can change, i can change, i can change, i can change
but i'm here in my mold, i am here in my mold
and i'm a million different people from one day to the next
i can't change my mold, no, no, no, no, no
i can't change my mold, no, no, no, no, no
i can't change my mold, no, no, no, no, no

it's just sex and violence, melody and silence
it's just i can't change my violence, melody and violence
i'll take you down the only road i've ever been down (sex and violence, melody and silence)
it's just i can't change my violence, melody and silence
i'll take you down the only road i've ever been down (sex and violence, melody and silence)

been down
ever been down
ever been down
ever been down
have you ever been down?
have you ever been down?
have you ever been down?",412,102,0.7524,9.8095,0.2476,2,0,-0.9804,0.074,0.125,0.9804
6sHsXIJoEN5JpdkGMQDJxt,"the boy is mine, the boy is mine
the boy is mine, the boy is mine
the boy is mine

excuse me can i please talk to you for a minute?
uh huh sure, you know you look kinda familiar
yeah you do to, but i just wanted to know do you know somebody named?
you know his name
oh yeah definitely i know his name
well i just want to let you that he's mine
huh no, no he's mine

you need to give it up
had about enough
it's not hard to see
the boy is mine
i'm sorry that you
seem to be confused
he belongs to me
the boy is mine

think it's time we got this straight
sit and talk face to face
there is no way you could mistake
him for your man, are you insane?

you see i know that you may be
just a bit jealous of me
but you're blind if you can't see
that his love is all in me

see i tried to hesitate
i didn't want to say what he told me
he said without me he couldn't make it
through the day, ain't that a shame?

but maybe you misunderstood
'cause i can't see how he could
wanna change something that's so good
all my love was all it took (the boy is mine)

you need to give it up
had about enough (enough)
it's not hard to see
the boy is mine (boy is mine)
i'm sorry that you (sorry that you)
seem to be confused (confused, ohh)
he belongs to me
the boy is mine

must you do the things you do?
you keep on acting like a fool
you need to know it's me not you
and if you didn't know it, girl it's true

i think that you should realize
and try to understand why
he is a part of my life
i know it's killing you inside

you can say what you wanna say
what we have you can't take
from the truth you can't escape
i can tell the real from the fake

when will you get the picture
you're the past, i'm the future
get away, it's my time to shine
if you didn't know, the boy is mine, ohh

you need to give it up
had about enough (enough)
it's not hard to see (to see)
the boy is mine (the boy is mine)
i'm sorry that you (sorry that you)
seem to be confused (seem to be confused)
he belongs to me (he belongs to me)
the boy is mine (the boy is mine)

you need to give it up (ooh)
had about enough (had about enough)
it's not hard to see (he's mine, he's mine, he's mine, he's mine)
the boy is mine
i'm sorry that you (i'm so sorry you seem to be confused)
seem to be confused
he belongs to me (he belongs to me)
the boy is mine

you can't destroy this love i found
your silly games i won't allow
the boy is mine without a doubt
you might as well throw in the towel

what makes you think that he wants you
when i'm the one that brought him to
the special place that's in my heart?
he was my love right from the start

you need to give it up (give it on up)
had about enough
it's not hard to see
the boy is mine (the boy is mine, oh)
i'm sorry that you (i'm so sorry that you)
seem to be confused (seem to be confused)
he belongs to me (he belongs to me)
the boy is mine (no, no)

you need to give it up (you need to give it up)
had about enough ('bout enough)
it's not hard to see
the boy is mine (the boy is mine)
i'm sorry that you (mine, ohh)
seem to be confused (seem to be confused)
he belongs to me (he belongs to me)
the boy is mine (the boy is mine)

you need to give it up (not yours, but mine)
had about enough (not yours, but mine)
it's not hard to see (not yours, but mine)
the boy is mine

i'm sorry that you
seem to be confused
he belongs to me
the boy is mine",717,203,0.7169,6.7642,0.2831,27,0,0.2538,0.109,0.117,0.2538
5qlJg0Wbj3sslxfwiaRNpq,"i could stay awake just to hear you breathing
watch you smile while you are sleeping
while you're far away and dreaming
i could spend my life in this sweet surrender
i could stay lost in this moment forever
where every moment spent with you is a moment i treasure

don't wanna close my eyes, i don't wanna fall asleep
'cause i'd miss you baby and i don't wanna miss a thing
'cause even when i dream of you the sweetest dream would never do
i'd still miss you baby and i don't want to miss a thing

lying close to you feeling your heart beating
and i'm wondering what you're dreaming
wondering if it's me you're seeing
then i kiss your eyes and thank god we're together
i just wanna stay with you in this moment forever, forever and ever

i don't wanna close my eyes, i don't wanna fall asleep
'cause i'd miss you baby and i don't wanna miss a thing
'cause even when i dream of you the sweetest dream would never do
i'd still miss you baby and i don't want to miss a thing

i don't wanna miss one smile, i don't wanna miss one kiss
i just wanna be with you, right here with you, just like this
i just want to hold you close, feel your heart so close to mine
and just stay here in this moment for all the rest of time

yeah (yeah)
yeah (yeah)
yeah

don't wanna close my eyes, don't wanna fall asleep
'cause i'd miss you baby and i don't wanna miss a thing
'cause even when i dream of you the sweetest dream would never do
i'd still miss you baby and i don't want to miss a thing

i don't wanna close my eyes, i don't wanna fall asleep
'cause i'd miss you baby and i don't wanna miss a thing
'cause even when i dream of you the sweetest dream would never do

i'd still miss you baby and i don't want to miss a thing
i don't wanna close my eyes, i don't wanna fall asleep
yeah, i don't wanna miss a thing",361,98,0.7285,10.0278,0.2715,4,0,0.9919,0.192,0.064,0.9919
3MjUtNVVq3C8Fn0MP3zhXa,"oh, baby, baby
oh, baby, baby

oh, baby, baby, how was i supposed to know
that something wasn't right here?
oh, baby, baby, i shouldn't have let you go
and now you're out of sight, yeah

show me how you want it to be, tell me, baby
'cause i need to know now, oh, because

my loneliness is killin' me (and i)
i must confess, i still believe (still believe)
when i'm not with you, i lose my mind, give me a sign
hit me, baby, one more time

oh, baby, baby, the reason i breathe is you (oh, yeah)
boy, you got me blinded
oh, pretty baby, there's nothing that i wouldn't do
it's not the way i planned it

show me how you want it to be, tell me, baby
'cause i need to know now, oh, because

my loneliness is killin' me (and i)
i must confess, i still believe (still believe)
when i'm not with you, i lose my mind, give me a sign
hit me, baby, one more time

oh, baby, baby (oh-oh)
oh, baby, baby (eh-eh-yeah)

oh, baby, baby, how was i supposed to know?
oh, pretty baby, i shouldn't have let you go
i must confess that my loneliness is killin' me now
don't you know i still believe
that you will be here, and give me a sign?
hit me, baby, one more time

my loneliness is killin' me (and i)
i must confess, i still believe (still believe)
when i'm not with you, i lose my mind, give me a sign
hit me, baby, one more time

i must confess that my loneliness is killin' me now
don't you know i still believe
that you will be here, and give me a sign?
hit me, baby, one more time",298,88,0.7047,7.8421,0.2953,0,0,-0.8984,0.042,0.073,0.8984
1KGi9sZVMeszgZOWivFpxs,"hmm, oh no

a scrub is a guy that thinks he's fly
and is also known as a busta
always talkin' about what he wants
and just sits on his broke ass, so

no, i don't want your number
no, i don't want to give you mine and
no, i don't want to meet you nowhere
no, don't want none of your time and

no, i don't want no scrub
a scrub is a guy that can't get no love from me
hangin' out the passenger side of his best friend's ride
tryin' to holla at me
i don't want no scrub
a scrub is a guy that can't get no love from me
hangin' out the passenger side of his best friend's ride
tryin' to holla at me

a scrub checkin' me, but his game is kinda weak
and i know that he cannot approach me
'cause i'm lookin' like class, and he's lookin' like trash
can't get with a deadbeat ass, so

no, i don't want your number
no, i don't want to give you mine and
no, i don't want to meet you nowhere
no, don't want none of your time

no, i don't want no scrub
a scrub is a guy that can't get no love from me
hangin' out the passenger side of his best friend's ride
tryin' to holla at me
i don't want no scrub
a scrub is a guy that can't get no love from me
hangin' out the passenger side of his best friend's ride
tryin' to holla at me

if you don't have a car and you're walkin'
oh yes, son, i'm talkin' to you
if you live at home with your momma
oh yes, son, (i'm) i'm talkin' to you (baby)
if you have a shorty that you don't show love
oh yes, son, i'm talkin' to you
wanna get me with no money
oh no, i don't want no -

no scrub
no scrub (no, no)
no scrub (no, no, no)
no scrub (no, no)

no, i don't want no scrub
a scrub is a guy that can't get no love from me
hangin' out the passenger side of his best friend's ride (oh)
tryin' to holla at me
i don't want no scrub (no)
a scrub is a guy that can't get no love from me
hangin' out the passenger side of his best friend's ride
tryin' to holla at me

i don't want no scrub
a scrub is a guy that can't get no love from me
hangin' out the passenger side of his best friend's ride
tryin' to holla at me
i don't want no scrub
a scrub is a guy that can't get no love from me
hangin' out the passenger side of his best friend's ride
tryin' to holla at me

i don't want no scrub
a scrub is a guy that can't get no love from me
hangin' out the passenger side of his best friend's ride
tryin' to holla at me
i don't want no scrub
a scrub is a guy that can't get no love from me
hangin' out the passenger side of his best friend's ride
tryin' to holla at me

i don't want no scrub
a scrub is a guy that can't get no love from me
hangin' out the passenger side of his best friend's ride
tryin' to holla at me
i don't want no scrub
a scrub is a guy that can't get no love from me
hangin' out the passenger side",586,98,0.8328,7.7105,0.1672,0,2,0.9989,0.21,0.075,0.9989
2pX4FpOgwItRVPPUFdRcxA,"man, it's a hot one
like seven inches from the midday sun
well, i hear you whisper and the words melt everyone
but you stay so cool

my muñequita
my spanish harlem mona lisa
you're my reason for reason
the step in my groove, yeah

and if you said, ""this life ain't good enough""
i would give my world to lift you up
i could change my life to better suit your mood (yeah)
because you're so smooth

and it's just like the ocean under the moon
it's the same as the emotion that i get from you
you got the kind of lovin' that can be so smooth, yeah
give me your heart, make it real, or else forget about it

but i'll tell you one thing
if you would leave, it'd be a crying shame
in every breath and every word
i hear your name calling me out, yeah

well, out from the barrio
you hear my rhythm on your radio
you would feel the turning of the world, so soft and slow
turnin' you 'round and 'round

and if you said, ""this life ain't good enough""
i would give my world to lift you up
i could change my life to better suit your mood (yeah)
because you're so smooth

and it's just like the ocean under the moon
it's the same as the emotion that i get from you
you got the kind of lovin' that can be so smooth, yeah
give me your heart, make it real, or else forget about it, yeah

and it's just like the ocean under the moon
it's the same as the emotion that i get from you
you got the kind of lovin' that can be so smooth, yeah
give me your heart, make it real, or else forget about it, yeah

or else forget about it
oh, or else forget about it
oh, let's don't forget about it
(give me your heart, make it real)
oh, let's don't forget about it, hey
let's don't forget about it now, oh, no
oh, let's don't forget about it, no, no, no
oh, let's don't forget about it, hey, no, no
oh, let's don't forget about it, hey, hey, hey",369,121,0.6721,8.2,0.3279,5,0,0.9949,0.197,0.079,0.9949
47BBI51FKFwOMlIiX6m8ya,a letra nao esta sincronizada com a musica,8,7,0.125,8.0,0.875,0,0,0.0,0.0,0.0,0.0
6naxalmIoLFWR0siv8dnQQ,"mm, yeah
yeah, yeah, yeah, yeah, yeah, yeah
yeah, yeah, yeah, yeah, yeah, yeah

i think i did it again
i made you believe we're more than just friends
oh, baby, it might seem like a crush
but it doesn't mean that i'm serious

'cause to lose all my senses
that is just so typically me
ooh, baby, baby

oops, i did it again, i played with your heart
got lost in the game, oh, baby, baby
oops, you think i'm in love, that i'm sent from above
i'm not that innocent

you see, my problem is this
i'm dreaming away, wishing that heroes, they truly exist
i cry watching the days
can't you see i'm a fool in so many ways?

but to lose all my senses
that is just so typically me
oh, baby, oh

oops, i did it again, i played with your heart
got lost in the game, oh, baby, baby
oops, you think i'm in love, that i'm sent from above
i'm not that innocent

yeah, yeah, yeah, yeah, yeah, yeah
yeah, yeah, yeah, yeah, yeah, yeah

""all aboard!""
""britney! before you go, there's something i want you to have""
""oh, it's beautiful! but wait a minute, isn't this...?""
""yeah, yes, it is""
""but i thought the old lady dropped it into the ocean in the end""
""well, baby, i went down and got it for ya""
""aw, you shouldn't have""

oops, i did it again to your heart
got lost in this game, oh, baby
oops, you (oops, you) think that i'm sent from above
i'm not that innocent

oops, i did it again, i played with your heart
got lost in the game, oh, baby, baby
oops, you think i'm in love, that i'm sent from above (yeah)
i'm not that innocent

oops, i did it again, i played with your heart
got lost in the game, oh, baby, baby
oops, you think i'm in love, that i'm sent from above
i'm not that innocent",332,115,0.6536,7.2174,0.3464,0,0,0.998,0.311,0.121,0.998
62bOmKYxYg7dhrC6gH9vFn,"hey, hey
bye, bye, bye
bye, bye
bye, bye

i, i'm doing this tonight
you're probably gonna start a fight
i know this can't be right, hey baby, come on
i loved you endlessly
and you weren't there for me
so now it's time to leave and make it alone

i know that i can't take no more, it ain't no lie
i wanna see you out that door
baby, bye, bye, bye

(bye, bye) i don't want to be a fool for you
just another player in your game for two
you may hate me but it ain't no lie
baby, bye, bye, bye

(bye, bye) i don't really want to make it tough
i just wanna tell you that i had enough
it might sound crazy but it ain't no lie
baby, bye, bye, bye

just hit me with the truth
now, girl you're more than welcome to
so give me one good reason, baby, come on
i live for you and me
and now i really come to see
that life would be much better once you're gone

i know that i can't take no more, it ain't no lie
i wanna see you out that door
baby, bye, bye, bye

(bye, bye) i don't want to be a fool for you
just another player in your game for two
you may hate me but it ain't no lie
baby, bye, bye, bye

(bye, bye) i don't really want to make it tough
i just wanna tell you that i had enough
might sound crazy but it ain't no lie
baby, bye, bye, bye

i'm giving up, i know for sure
i don't wanna be the reason for your love no more
(bye, bye) i'm checkin' out, i'm signin' off
i don't want to be the loser and i've had enough

i don't wanna be your fool
in this game for two
so i'm leaving you behind
bye, bye, bye
i don't wanna make it tough
but i've had enough
and it ain't no lie (bye, bye)
(bye, bye) baby

i don't want to be a fool for you
or just another player in your game for two
i don't wanna be a fool
but it ain't no lie
baby, bye, bye, bye

(bye, bye) i don't really want to make it tough
i just wanna tell you that i had enough
it might sound crazy but it ain't no lie
bye, bye, bye",407,108,0.7346,6.8983,0.2654,0,0,-0.3947,0.112,0.131,0.3947
3UmaczJpikHgJFyBTAJVoz,"my tea's gone cold, i'm wondering why i got out of bed at all
the morning rain clouds up my window and i can't see at all
and even if i could it'll all be grey, but your picture on my wall
it reminds me, that it's not so bad, it's not so bad

my tea's gone cold, i'm wondering why i got out of bed at all
the morning rain clouds up my window and i can't see at all

and even if i could it'll all be gray, but your picture on my wall
it reminds me, that it's not so bad, it's not so bad

dear slim i wrote you, but you still ain't callin'
i left my cell, my pager and my home phone at the bottom
i sent two letters back in autumn, you must not've got em

there probably was a problem at the post office or something

sometimes i scribble addresses too sloppy when i jot 'em
but anyways, fuck it, what's been up man, how's your daughter?
my girlfriend's pregnant too, i'm 'bout to be a father
if i have a daughter, guess what i'mma call her?
i'mma name her bonnie
i read about your uncle ronnie too, i'm sorry
i had a friend kill himself over some bitch who didn't want him
i know you probably hear this every day, but i'm your biggest fan
i even got the underground shit that you did with skam
i got a room full of your posters and your pictures, man
i like the shit you did with rawkus too, that shit was phat
anyways, i hope you get this man, hit me back
just to chat, truly yours, your biggest fan, this is stan

my tea's gone cold, i'm wondering why i got out of bed at all
the morning rain clouds up my window and i can't see at all

and even if i could it'll all be gray, but your picture on my wall
it reminds me, that it's not so bad, it's not so bad

dear slim, you still ain't called or wrote; i hope you have a chance
i ain't mad, i just think it's fucked up you don't answer fans
if you didn't want to talk to me outside the concert

you didn't have to, but you could've signed an autograph for matthew
that's my little brother man, he's only six years old
we waited in the blistering cold for you

for four hours and you just said no
that's pretty shitty man, you're like his fucking idol
he wants to be just like you, man, he likes you more than i do
i ain't that mad though, i just don't like being lied to
remember when we met in denver?
you said if i'd write you, you would write back
see, i'm just like you in a way
i never knew my father neither
he used to always cheat on my mom and beat her
i can relate to what you're saying in your songs
so when i have a shitty day, i drift away and put 'em on
cause i don't really got shit else
so that shit helps when i'm depressed
i even got a tattoo of your name across the chest
sometimes i even cut myself to see how much it bleeds
it's like adrenaline, the pain is such a sudden rush for me
see everything you say is real, and i respect you cause you tell it
my girlfriend's jealous cause i talk about you 24/7
but she don't know you like i know you, slim, no one does
she don't know what it was like for people like us growing up
you gotta call me, man, i'll be the biggest fan you'll ever lose
sincerely yours, stan
p.s. we should be together too

my tea's gone cold, i'm wondering why i got out of bed at all
the morning rain clouds up my window and i can't see at all
and even if i could it'll all be gray, but your picture on my wall

it reminds me, that it's not so bad, it's not so bad

dear mr. i'm-too-good-to-call-or-write-my-fans
this'll be the last package i ever send your ass
it's been six months and still no word, i don't deserve it?
i know you got my last two letters
i wrote the addresses on 'em perfect

so this is my cassette i'm sending you, i hope you hear it
i'm in the car right now, i'm doing 90 on the freeway
hey, slim, i drank a fifth of vodka, you dare me to drive
you know the song by phil collins ""in the air of the night""
about that guy who could've saved that other guy from drowning
but didn't, then phil saw it all, then at a a show he found him
that's kinda how this is, you could've rescued me from drowning
now it's too late, i'm on a thousand downers now, i'm drowsy
and all i wanted was a lousy letter or a call
i hope you know i ripped all of your pictures off the wall
i loved you slim, we could've been together, think about it
you ruined it now, i hope you can't sleep and you dream about it
and when you dream
i hope you can't sleep and you scream about it
i hope your conscience eats at you
and you can't breathe without me
see, slim, shut up bitch, i'm tryna talk
hey, slim, that's my girlfriend screamin' in the trunk
but i didn't slit her throat, i just tied her up, see i ain't like you
cause if she suffocates she'll suffer more and then she'll die too

well, gotta go, i'm almost at the bridge now
oh shit, i forgot, how am i supposed to send this shit out?

my tea's gone cold, i'm wondering why i got out of bed at all
the morning rain clouds up my window and i can't see at all

and even if i could it'll all be gray, but your picture on my wall
it reminds me, that it's not so bad, it's not so bad

dear, stan, i meant to write you sooner but i just been busy
you said your girlfriend's pregnant now, how far along is she?
look, i'm really flattered you would call your daughter that
and here's an autograph for your brother

i wrote it on a starter cap
i'm sorry i didn't see you at the show, i must've missed you
don't think i did that shit intentionally just to diss you
but what's this shit you said about you like to cut your wrists too?
i say that shit just clowning, dawg, come on, how fucked up is you?
you got some issues stan, i think you need some counseling
to help your ass from bouncing off the walls when you get down some
and what's this shit about us meant to be together?
that type of shit'll make me not want us to meet each other
i really think you and your girlfriend need each other
or maybe you just need to treat her better
i hope you get to read this letter, i just hope it reaches you in time
before you hurt yourself, i think that you'll be doing just fine
if you relax a little, i'm glad i inspire you, but stan
why are you so mad?
try to understand, that i do want you as a fan
i just don't want you to do some crazy shit
i seen this one shit on the news a couple weeks ago that made me sick
some dude was drunk and drove his car over a bridge
and had his girlfriend in the trunk
and she was pregnant with his kid
and in the car they found a tape, but they didn't say who it was to
come to think about it, his name was...
it was you.
damn!",1334,437,0.6724,10.9344,0.3276,6,20,-0.878,0.137,0.138,0.878
0KQx6HOpJueiSkztcS0r7D,"i keep on fallin' in
and out of love with you
sometimes i love you
sometimes you make me blue

sometimes i feel good
at times i feel used
lovin' you darlin'
makes me so confused

i keep on fallin' in and out
of love with you
i never loved someone
the way that i love you

oh, oh, i

never felt this way
how do you give me so much pleasure
and cause me so much pain? (yeah, yeah)
just when i think
i've taken more than would a fool
i start fallin' back in love with you

i keep on fallin' in and out
of love with you
i never loved someone
the way that i love you

oh, baby
i, i, i, i'm fallin' (yeah, yeah)
i, i, i, i'm fallin'
fall, fall, fall (sing)
fall

i keep on fallin' in and out (out)
of love (love), with you (with you)
i never loved someone
the way that i love you

i'm fallin' in and out
of love (of love), with you (with you)
i never loved someone
the way that i love you

i'm fallin' in and out
of love (of love), with you (with you)
i never (no), loved someone (no, no)
the way that i love you
what?",214,71,0.6682,5.2195,0.3318,9,0,0.9962,0.285,0.086,0.9962
60a0Rd6pjrkxjPbaKzXjfq,as letras nao estao sincronizadas com a musica,8,8,0.0,8.0,1.0,0,0,0.0,0.0,0.0,0.0
0gmbgwZ8iqyMPmXefof8Yf,"never made it as a wise man
i couldn't cut it as a poor man stealing
tired of living like a blind man
i'm sick of sight without a sense of feeling

and this is how you remind me

this is how you remind me
of what i really am
this is how you remind me
of what i really am

it's not like you to say ""sorry""
i was waiting on a different story
this time, i'm mistaken
for handing you a heart worth breaking

and i've been wrong, i've been down
been to the bottom of every bottle
these five words in my head
scream, ""are we having fun yet?""

yeah, yeah, yeah, no, no
yeah, yeah, yeah, no, no

it's not like you didn't know that
i said, ""i love you,"" and i swear, i still do
and it must have been so bad
'cause living with me must have damn near killed you

and this is how you remind me
of what i really am
this is how you remind me
of what i really am

it's not like you to say ""sorry""
i was waiting on a different story
this time, i'm mistaken
for handing you a heart worth breaking

and i've been wrong, i've been down
been to the bottom of every bottle
these five words in my head
scream, ""are we having fun yet?""

yeah, yeah, yeah, no, no
yeah, yeah, yeah, no, no
yeah, yeah, yeah, no, no
yeah, yeah, yeah, no, no

never made it as a wise man
i couldn't cut it as a poor man stealing
and this is how you remind me
this is how you remind me

this is how you remind me
of what i really am
this is how you remind me
of what i really am

it's not like you to say ""sorry""
i was waiting on a different story
this time i'm mistaken
for handing you a heart worth breaking

and i've been wrong, i've been down
been to the bottom of every bottle
these five words in my head
scream, ""are we having fun yet?""

yeah, yeah, are we having fun yet?
yeah, yeah, are we having fun yet?
yeah, yeah, are we having fun yet?

yeah, yeah

no, no",378,96,0.746,6.3,0.254,9,1,0.6545,0.196,0.191,0.6545
04KTF78FFg8sOHC1BADqbY,"it's hot in
so hot in here
so hot in (ah)
oh!

want a little bit of (uh, uh), and a little bit of (uh, uh)
just a little bit of, just a little bit of
just a little bit of, just a little bit of

i was like, good gracious, ass is bodacious (uh)
flirtatious, tryna show patience (ah)
i'm waitin' for the right time to shoot my steez (you know)
waitin' for the right time to flash them keys
then, uh, i'm leavin', please believe in (oh)
me and the rest of my heathens
check it, got it locked at the top of the fo' seasons
penthouse, rooftop, birds i'm feedin'

no deceivin', nothin' up my sleeve and
no teasin', i need you to
get up, up on the dance floor
give that man what he askin' for (oh)
'cause i feel like bustin' loose
and i feel like touchin' you, uh, uh
and can't nobody stop the juice
so baby, tell me, what's the use? i said

it's gettin' hot in here (so hot)
so take off all your clothes (ay)
i am gettin' so hot
i wanna take my clothes off (oh)
it's gettin' hot in here (so hot)
so take off all your clothes (ay)
i am gettin' so hot
i wanna take my clothes off (let it hang all out)

why you at the bar if you ain't poppin' the bottles? (c'mon)
what good is all the fame if you ain't fuckin' the models?
i see you drivin' sports cars, ain't hittin' the throttle
and i'll be down to do a hundred, top down and goggles
got off the freeway, exit 106, and parked it
ashtray, flip gate, time to spark it
went gucci collar for dollar, got out and walked it
i spit game 'cause, baby, i can't talk it

warm (uh), sweatin' (uh), it's hot up in this joint
vokal tank top on at this point
you wit' a winner so, baby, you can't lose
i got secrets, can't leave cancun
so take it off like you're home alone
you know, dance in front your mirror while you're on the phone
checkin' your reflection and tellin' your best friend
like, ""girl, i think my butt gettin' big"" (oh)

it's gettin' hot in here (so hot)
so take off all your clothes (ay)
i am gettin' so hot
i wanna take my clothes off (oh)
it's gettin' hot in here (so hot)
so take off all your clothes (ay)
i am gettin' so hot
i wanna take my clothes off (let it hang all out)

mix a little bit of (ah, ah) with a little bit of (ah, ah)
let it just fall out
give a little bit of (ah, ah) with a little bit of (ah, ah)
let it hang all out
with a little bit of (ah, ah) and a sprinkle of that (ah, ah)
let it just fall out
i like it when ya (ah, ah), girl, baby make it (ah, ah)
oh

stop pacin', time wastin'
i got a friend with a pole in the basement (what?)
i'm just kiddin' like jason (oh)
unless you gon' do it
extra, extra (ay), spread the news (check it)
nelly took a trip from the lou' to the neptunes
came back with somethin' thicker than fittin' in sassoons
say she learned a thing about cuttin' in restrooms (oh)

it's gettin' hot in here (so hot)
so take off all your clothes (ay)
i am gettin' so hot
i wanna take my clothes off (oh)
it's gettin' hot in here (so hot)
so take off all your clothes (ay)
i am gettin' so hot
i wanna take my clothes off (let it hang all out)

it's gettin' hot in here (so hot)
so take off all your clothes (ay)
i am gettin' so hot
i wanna take my clothes off (oh)
it's gettin' hot in here (so hot)
so take off all your clothes (ay)
i am gettin' so hot (bring it, bring it)
i wanna take my clothes off (let it hang all out)

mix a little bit of (ah, ah) with a little bit of (ah, ah)
let it just fall out
give a little bit of (ah, ah) with a little bit of (ah, ah)
let it hang all out
with a little bit of (ah, ah) and a sprinkle of that (ah, ah)
let it just fall out
i like it when ya (ah, ah), girl, baby make it (ah, ah) oh",753,243,0.6773,8.0106,0.3227,0,1,0.9914,0.083,0.023,0.9914
5Z01UMMf7V1o0MzF86s6WJ,"look
if you had one shot, or one opportunity
to seize everything you ever wanted
one moment
would you capture it or just let it slip?
yo

his palms are sweaty, knees weak, arms are heavy
there's vomit on his sweater already, mom's spaghetti
he's nervous, but on the surface he looks calm and ready to drop bombs
but he keeps on forgetting what he wrote down, the whole crowd goes so loud
he opens his mouth, but the words won't come out
he's choking how, everybody's joking now
the clock's run out, time's up, over, blaow!

snap back to reality
oh, there goes gravity
oh, there goes rabbit, he choked
he's so mad, but he won't give up that easy, no
he won't have it, he knows his whole back's to these ropes
it don't matter, he's dope
he knows that but he's broke
he's so stagnant, he knows when he goes back to his mobile home, that's when it's
back to the lab again, yo
this whole rhapsody
he better go capture this moment and hope it don't pass him

you better lose yourself in the music, the moment
you own it, you better never let it go
you only get one shot, do not miss your chance to blow
this opportunity comes once in a lifetime

you better lose yourself in the music, the moment
you own it, you better never let it go
you only get one shot, do not miss your chance to blow
this opportunity comes once in a lifetime
you better

the soul's escaping, through this hole that is gaping
this world is mine for the taking
make me king, as we move toward a new world order
a normal life is boring, but superstardom's close to post mortem
it only grows harder, homie grows hotter
he blows, it's all over
these hoes is all on him
coast to coast shows, he's known as the globetrotter
lonely roads, god only knows

he's knows is grown farther from home, he's no father
he goes home and barely knows his own daughter
but hold your nose 'cause here goes the cold water
his hoes don't want him no more, he's cold product
they moved on to the next schmoe who flows
he nose dove and sold nada
so the soap opera is told and unfolds
i suppose it's old partner but the beat goes on
da da dum, da dum da da

you better lose yourself in the music, the moment
you own it, you better never let it go
you only get one shot, do not miss your chance to blow
this opportunity comes once in a lifetime

you better lose yourself in the music, the moment
you own it, you better never let it go
you only get one shot, do not miss your chance to blow
this opportunity comes once in a lifetime
you better

no more games, i'ma change what you call rage
tear this motherfucking roof off like two dogs caged
i was playing in the beginning, the mood all changed
i've been chewed up and spit out and booed off stage
but i kept rhyming and stepped right into the next cypher
best believe somebody's paying the pied piper
all the pain inside amplified by the fact
that i can't get by with my 9-to-5

and i can't provide the right type of life for my family
'cause man, these goddamn food stamps don't buy diapers
and it's no movie, there's no mekhi phifer, this is my life
and these times are so hard, and it's getting even harder
trying to feed and water my seed, plus
teeter totter caught up between being a father and a prima donna
baby mama drama's screaming on and

too much for me to wanna stay in one spot, another day of monotony
has gotten me to the point, i'm like a snail i've got to formulate a plot or i end up in jail or shot
success is my only motherfucking option, failure's not
mom, i love you, but this trailer's got to go
i cannot grow old in salem's lot
so here i go it's my shot
feet, fail me not, this may be the only opportunity that i got
you better

lose yourself in the music, the moment
you own it, you better never let it go
you only get one shot, do not miss your chance to blow
this opportunity comes once in a lifetime

you better lose yourself in the music, the moment
you own it, you better never let it go
you only get one shot, do not miss your chance to blow
this opportunity comes once in a lifetime
you better

you can do anything you set your mind to, man",795,331,0.5836,8.5484,0.4164,6,0,0.9829,0.148,0.121,0.9829
5xEM5hIgJ1jjgcEBfpkt2F,"uh-huh, life's like this
uh-huh, uh-huh, that's the way it is
'cause life's like this
uh-huh, uh-huh, that's the way it is

chill out, what you yelling for?
lay back, it's all been done before
and if you could only let it be
you would see

i like you the way you are
when we're driving in your car
and you're talking to me, one on one
but you've become

somebody else 'round everyone else
you're watching your back like you can't relax
you're trying to be cool
you look like a fool to me
tell me

why do you have to go and make things so complicated?
i see the way you're acting like you're somebody else
gets me frustrated
life's like this, you

you fall, and you crawl, and you break
and you take what you get, and you turn it into
honesty and promise me i'm never gonna find you fake it
no, no, no

you come over unannounced
dressed up like you're something else
where you are and where it's at you see
you're making me

laugh out, when you strike your pose
take off all your preppy clothes
you know you're not fooling anyone
when you become

somebody else 'round everyone else
you're watching your back like you can't relax
you're trying to be cool
you look like a fool to me
tell me

why do you have to go and make things so complicated?
i see the way you're acting like you're somebody else
gets me frustrated
life's like this, you

you fall, and you crawl, and you break
and you take what you get, and you turn it into
honesty and promise me i'm never gonna find you fake it
no, no, no (no, no)

no, no, no (no, no)
no, no, no (no, no)
no, no, no (no, no)

chill out, what you yelling for?
lay back, it's all been done before
and if you could only let it be
you would see

somebody else 'round everyone else
you're watching your back like you can't relax
you're trying to be cool
you look like a fool to me
tell me

why do you have to go and make things so complicated?
i see the way you're acting like you're somebody else
gets me frustrated
life's like this, you

you fall, and you crawl, and you break
and you take what you get, and you turn it into
honesty and promise me i'm never gonna find you fake it
no, no

why do you have to go and make things so complicated?
i see the way you're acting like you're somebody else
gets me frustrated
life's like this, you

you fall, and you crawl, and you break
and you take what you get, and you turn it into
honesty and promise me i'm never gonna find you fake it
no, no, no",479,112,0.7662,6.473,0.2338,4,0,0.9655,0.167,0.128,0.9655
2PpruBYCo4H7WOBJ7Q2EwM,"one, two, three, uh!

my baby don't mess around
because she loves me so
and this i know for sure (uh)
but does she really wanna
but can't stand to see me walk out the door (ah)

don't try to fight the feeling
'cause the thought alone is killin' me right now (uh)
thank god for mom and dad
for sticking two together
'cause we don't know how (c'mon)

hey ya!
hey ya!
hey ya!
hey ya!

hey ya!
hey ya!
hey ya!
hey ya!

you think you've got it
oh, you think you've got it
but got it just don't get it when there's nothin' at all
we get together
oh, we get together
but separate's always better when there's feelings involved

if what they say is
nothing is forever
then what makes, then what makes
then what makes, then what makes
what makes, what makes love the exception?
so why, oh, why, oh
why, oh, why, oh, why, oh
are we so in denial when we know we're not happy here

hey ya! (uh-oh)
hey ya! (uh-oh)
don't want to meet your daddy
hey ya! (uh-oh)
just want you in my caddy (uh-oh)
hey ya! (uh-oh)
don't want to meet your momma
hey ya! (uh-oh)
just want to make you cum-a (uh-oh)
hey ya! (uh-oh)
i'm, i'm, i'm, i'm just being honest (uh-oh)
i'm just being honest!

hey, alright now, alright now, fellas (yeah?)
now, what cooler than being cool? (ice cold!)
i can't hear ya
i say, what's, what's cooler than being cool? (ice cold!)
alright, alright, alright, alright, alright, alright, alright
alright, alright, alright, alright, alright, alright, alright

okay, now ladies (yeah?)
now we gon' break this thing down in just a few seconds
now don't have me break this thang down for nothin'
now i want to see y'all on your baddest behavior
lend me some sugar, i am your neighbor
ah, here we go

shake it, sh-shake it, shake it, sh-shake it (uh-oh)
shake it, sh-shake it, shake it, shake it, sh-shake it (uh-oh)
shake it like a polaroid picture! hey ya!
shake it, sh-shake it, shake it, sh-shake it
shake it, shake it (okay), shake it, sugar
shake it like a polaroid picture

now all beyonce's, and lucy liu's
and baby dolls, get on the floor (get on the floor)
you know what to do
you know what to do
you know what to do

hey ya! (uh-oh)
hey ya! (uh-oh)
hey ya! (uh-oh)
hey ya! (uh-oh, hey ya!)
hey ya! (uh-oh)
hey ya! (uh-oh)
hey ya! (uh-oh)
hey ya! (uh-oh)
hey ya!
hey ya!",432,165,0.6181,5.5385,0.3819,26,0,0.9968,0.201,0.065,0.9968
4RY96Asd9IefaL3X4LOLZ8,"go, go, go, go, go, go
go, shorty, it's your birthday
we gon' party like it's your birthday
we gon' sip bacardi like it's your birthday
and you know we don't give a fuck it's not your birthday

you can find me in the club, bottle full of bub'
look, mami, i got the x if you into takin' drugs
i'm into havin' sex, i ain't into makin' love
so come give me a hug, if you into getting rubbed

you can find me in the club, bottle full of bub'
look, mami, i got the x if you into takin' drugs
i'm into havin' sex, i ain't into makin' love
so come give me a hug, if you into getting rubbed

when i pull up out front, you see the benz on dubs (uh-huh)
when i roll 20 deep, it's 20 nines in the club (yeah)
niggas heard i fuck with dre, now they wanna show me love
when you sell like eminem, then the hoes, they wanna fuck (woo)
look homie, ain't nothin' changed, hoes down, g's up
i see xzibit in the cut, hey, nigga, roll that weed up (roll that)
if you watch how i move, you'll mistake me for a player or pimp
been hit with a few shells, but i don't walk with a limp (i'm a'ight)

in the hood in l.a., they sayin', ""50, you hot"" (uh-huh)
they like me, i want 'em to love me like they love pac
but holla in new york, the niggas'll tell you i'm loco (yeah)
and the plan is to put the rap game in a chokehold (uh-huh)
i'm fully focused, man, my money on my mind
got a mil' out the deal, and i'm still on the grind (woo)
now shawty said she feelin' my style, she feelin' my flow (uh-huh)
her girlfriend with her, they bi and they ready to go (okay)

you can find me in the club, bottle full of bub'
look, mami, i got the x if you into takin' drugs
i'm into havin' sex, i ain't into makin' love
so come give me a hug, if you into getting rubbed

you can find me in the club, bottle full of bub'
look, mami, i got the x if you into takin' drugs
i'm into havin' sex i, ain't into makin' love
so come give me a hug, if you into getting rubbed (rubbed)

my flow, my show brought me the dough
that bought me all my fancy things
my crib, my cars, my clothes, my jewels
look, nigga, i done came up and i ain't changed (what? what? yeah)

and you should love it, way more then you hate it
nigga, you mad? i thought that you'd be happy i made it (woo)
i'm that cat by the bar toasting to the good life
you that faggot-ass nigga trying to pull me back, right?

when my jaws get to bumpin' in the club, it's on
i wink my eye at you, bitch, if she smiles, she gone
if the roof on fire, let the motherfucker burn
if the talk ain't 'bout money, homie, i ain't concerned

i'ma tell you what banks told me, ""cuz, go 'head switch the style up
if the niggas hate then let 'em hate and watch the money pile up""
or we can go upside your head wit' a bottle of bub'
they know where we fuckin' be

you can find me in the club, bottle full of bub'
look, mami, i got the x if you into takin' drugs
i'm into havin' sex, i ain't into makin' love
so come give me a hug, if you into getting rubbed

you can find me in the club, bottle full of bub'
look, mami, i got the x if you into takin' drugs
i'm into havin' sex, i ain't into makin' love
so come give me a hug, if you into getting rubbed (hahaha)

don't try to act like you don't know where we be neither, nigga
we in the club all the time, nigga, so pop, pop off, nigga
g-unit",684,242,0.6462,10.6875,0.3538,0,12,0.99,0.136,0.086,0.99
5IVuqXILoxVWvWEPm82Jxr,"yes (woo! ow!)
it's so crazy right now
most incredibly, it's ya girl, b
it's ya boy, young
you ready?

uh oh, uh oh, uh oh, oh no no (ow!)
uh oh, uh oh, uh oh, oh no no
uh oh, uh oh, uh oh, oh no no
uh oh, uh oh, uh oh, oh no no

yeah, history in the making
part two, so crazy right now

i look and stare so deep in your eyes
i touch on you more and more every time
when you leave i'm begging you not to go
call your name two, three times in a row
such a funny thing for me to try to explain
how i'm feeling and my pride is the one to blame (yeah)
'cause i know i don't understand
just how your love can do what no one else can

got me looking so crazy right now, your love's got me looking so crazy right now (your love)
got me looking so crazy right now, your touch got me looking so crazy right now (your touch)
got me hoping you'll page me right now, your kiss got me hoping you'll save me right now
looking so crazy, your love's got me looking, got me looking so crazy in love

uh oh, uh oh, uh oh, oh no no
uh oh, uh oh, uh oh, oh no no
uh oh, uh oh, uh oh, oh no no
uh oh, uh oh, uh oh, oh no no

when i talk to my friends so quietly
who he think he is? look at what you did to me
tennis shoes, don't even need to buy a new dress
if you ain't there ain't nobody else to impress
it's the way that you know what i thought i knew
it's the beat that my heart skips when i'm with you
but i still don't understand
just how your love can do what no one else can

got me looking so crazy right now, your love's got me looking so crazy right now (so crazy)
got me looking so crazy right now, your touch
got me looking so crazy right now (your love, yeah!)
got me hoping you'll page me right now, your kiss got me hoping you'll save me right now (hey! hey)
looking so crazy, your love's got me looking, got me looking so crazy in love
i'm looking so crazy, your love's got me looking, got me looking so crazy in love (i'm warmed up now, let's go)

young hov, y'all know when the flow is loco (no)
young b and the r-o-c, uh-oh (oh, no)
o.g. big homie, the one and only (no, no)
stick bony, but the pockets is fat like tony, soprano (no-no-no)
the roc handle like van exel
i shake phonies man, you can't get next to
the genuine article, i do not sing though
i sling though, if anything, i bling yo

star like ringo, war like a green beret
you crazy? bring your whole set
jay-z in the range, crazy and deranged
they can't figure him out, they like, ""hey is he insane?"" (oh no)
yes sir, i'm cut from a different cloth
my texture is the best fur, chinchilla
i been iller than chain smokers (uh oh, uh oh, uh oh, oh no no)
how you think i got the name hova? (uh oh, uh oh, uh oh, oh no no)
i been realer, the game's over

fall back young, ever since the label changed over to platinum, the game's been a wrap, one (uh oh, uh oh, uh oh, oh no no, uh oh, uh oh, uh oh, oh no no)

got me looking, so crazy, my baby
i'm not myself, lately i'm foolish, i don't do this
i've been playing myself, baby, i don't care
'cause your love's got the best of me
and baby, you're making a fool of me
you got me sprung and i don't care who sees
'cause baby you got me, you got me
you got me so crazy, baby (hey!)

got me looking so crazy right now, your love's got me looking so crazy right now (your love, lookin' crazy)
got me looking so crazy right now, your touch got me looking so crazy right now (yeah)
got me hoping you'll page me right now, your kiss got me hoping you'll save me right now (hey-yeah, oh!)
looking so crazy, your love's got me looking, got me looking so crazy in love (hey! whoa!)

got me looking so crazy right now, your love's got me looking so crazy right now (your love)
got me looking so crazy right now, your touch got me looking so crazy right now (your touch)
got me hoping you'll page me right now, your kiss got me hoping you'll save me right now
looking so crazy, your love's got me looking, got me looking so crazy in love",819,245,0.7009,10.92,0.2991,5,0,0.9356,0.173,0.157,0.9356
6I9VzXrHxO9rA9A5euc8Ak,"baby, can't you see i'm calling?
a guy like you should wear a warning
it's dangerous, i'm falling

there's no escape, i can't wait
i need a hit, baby, give me it
you're dangerous, i'm loving it

too high, can't come down
losing my head, spinnin' 'round and 'round
do you feel me now?

with a taste of your lips, i'm on a ride
you're toxic, i'm slippin' under
with a taste of a poison paradise
i'm addicted to you
don't you know that you're toxic?
and i love what you do
don't you know that you're toxic?

it's getting late to give you up
i took a sip from my devil's cup
slowly, it's taking over me

too high, can't come down
it's in the air and it's all around
can you feel me now?

with a taste of your lips, i'm on a ride
you're toxic, i'm slippin' under
with a taste of a poison paradise
i'm addicted to you
don't you know that you're toxic?
and i love what you do
don't you know that you're toxic?
don't you know that you're toxic?

taste of your lips, i'm on a ride
you're toxic, i'm slippin' under
with a taste of a poison paradise
i'm addicted to you
don't you know that you're toxic?

with a taste of your lips, i'm on a ride
you're toxic, i'm slippin' under (toxic)
with a taste of a poison paradise
i'm addicted to you
don't you know that you're toxic?

intoxicate me now, with your lovin' now
i think i'm ready now, i think i'm ready now
intoxicate me now, with your lovin' now
i think i'm ready now",278,84,0.6978,6.3182,0.3022,14,0,0.9614,0.13,0.079,0.9614
003vvx7Niy0yvhvHt4a68B,"i'm coming out of my cage and i've been doing just fine
gotta, gotta be down because i want it all
it started out with a kiss, how did it end up like this?
it was only a kiss, it was only a kiss

now i'm falling asleep and she's calling a cab
while he's having a smoke and she's taking a drag
now they're going to bed and my stomach is sick
and it's all in my head, but she's touching his

chest now, he takes off her dress now
let me go

i just can't look, it's killing me
and taking control

jealousy, turning saints into the sea
swimming through sick lullabies, choking on your alibis
but it's just the price i pay, destiny is calling me
open up my eager eyes, 'cause i'm mr. brightside

i'm coming out of my cage and i've been doing just fine
gotta, gotta be down because i want it all
it started out with a kiss, how did it end up like this?
it was only a kiss, it was only a kiss

now i'm falling asleep and she's calling a cab
while he's having a smoke and she's taking a drag
now they're going to bed and my stomach is sick
and it's all in my head, but she's touching his

chest now, he takes off her dress now
let me go

'cause i just can't look, it's killing me
and taking control

jealousy, turning saints into the sea
swimming through sick lullabies, choking on your alibis
but it's just the price i pay, destiny is calling me
open up my eager eyes, 'cause i'm mr. brightside

i never
i never
i never
i never",285,96,0.6632,7.9167,0.3368,2,0,0.587,0.131,0.117,0.587
5rb9QrpfcKFHM1EUbSIurX,"peace up, a-town down
yeah! okay
usher
lil jon
yeah, yeah, yeah, yeah, yeah, yeah!
yeah, yeah, yeah, yeah, yeah, yeah!
let's go!

i was up in the club with my homies, trying to get a lil v-i
keep it down on the low key
you should know how it feels (hey!)
i seen shorty, she was checking up on me
from the game she was spitting in my ear
you would think that she know me
i decided to chill (okay!)
conversation got heavy
she had me feeling like she's ready to blow (watch out!)
ohh! (watch out)
she's saying, come get me
so i got up and followed her to the floor
she said, baby let's go
when i told her (let's go!) i said

(yeah!) yeah!
shorty got down low said, come and get me
(yeah!) yeah!
i got so caught up, i forgot she told me
(yeah!) yeah!
her and my girl, they used to be the best of homies
(yeah!) yeah!
next thing i knew, she was all up on me screaming
yeah (yeah!) yeah (yeah!) yeah, yeah!
yeah (yeah!) yeah (yeah!) yeah, yeah!

she's all up in my head now, got me thinking
that it might be a good idea to take her with me
'cause she's ready to leave, ready to leave now (let's go!)
and i got to keep it real now
'cause on a one to ten, she's a certified twenty
but that just ain't me (hey!)
'cause i don't know, if i take that chance
just where's it gonna lead
but what i do know is the way she dance
make shorty alright with me
the way she get low
i'm like, yeah, just work that out for me
she asks for one more dance, and i'm like, yeah
how the hell am i supposed to leave
(let's go, bring the beat back!) and i say

(yeah!) yeah!
shorty got down low said, come and get me
(yeah!) yeah!
i got so caught up, i forgot she told me
(yeah!) yeah!
her and my girl, they used to be the best of homies
(yeah!) yeah!
next thing i knew, she was all up on me screaming
yeah (yeah!) yeah (yeah!) yeah, yeah!
yeah (yeah!) yeah (yeah!) yeah, yeah!
(hey! hey! luda!)

watch out, my outfit's ridiculous
in the club looking so conspicuous
and roar, these women all on the prowl
if you hold the head steady, i'ma milk the cow (yeah!)
and forget about game, i'ma spit the truth (what?)
i won't stop 'til i get 'em in their birthday suit (yeah!)
so gimme the rhythm and it'll be off with their clothes
then bend over to the front and touch your toes
i left the jag and i took the rolls
if they ain't cutting, then i put em on foot patrol (let's go!)
how you like me now?
when my pinky's valued over three hundred thousand
let's drink, you the one to please (yeah!)
ludacris fill cups like double d's (yeah!)
me and ursh' once more, and we leaves 'em dead
we want a lady in the street but a freak in the bed that say

(yeah!) yeah!
shorty got down low said, come and get me
(yeah!) yeah!
i got so caught up, i forgot she told me
(yeah!) yeah!
her and my girl, they used to be the best of homies
(yeah!) yeah!
next thing i knew, she was all up on me screaming
yeah (yeah!) yeah (yeah!) yeah, yeah!
yeah (yeah!) yeah (yeah!) yeah, yeah!

take that and rewind it back
lil jon got the beat that make your booty go
take that, rewind it back
ursher got the voice make your booty go
take that, rewind it back
ludacris got the flow to make your booty go
take that, rewind it back
lil jon got the beat that make your booty go",648,229,0.6466,7.1209,0.3534,49,1,0.9994,0.3,0.055,0.9994
3LmvfNUQtglbTrydsdIqFU,"sweet love yeah
i didn't mean it when i said i didn't love you so
i should have held on tight, i never should have let you go
i didn't know nothing i was stupid
i was foolish, i was lying to myself

i couldn't have fathomed i would ever be without your love
never imagined i'd be sitting here beside myself
'cause i didn't know you, 'cause i didn't know me
but i thought i knew everything i never felt

the feeling that i'm feeling now that i don't hear your voice
or have your touch and kiss your lips
'cause i don't have a choice
or what i wouldn't give to have you lying by my side
right here
'cause baby

when you left i lost a part of me
it's still so hard to believe
come back baby please
'cause we belong together

who else am i gon' lean on when times get rough?
who's going to talk to me on
the phone 'til the sun comes up?
who's going to take your place?
there ain't nobody better
oh, baby baby, we belong together

i can't sleep at night, when you're on my mind
bobby womack's on the radio
saying to me, ""if you think you're lonely now""
wait a minute this is too deep (too deep)
i gotta change the station

so i turn the dial trying to catch a break
and then i hear babyface
i only think of you
and it's breaking my heart
i'm trying to keep it together but i'm falling apart

i'm feeling all out of my element
throwing things crying trying to figure out
where the hell i went wrong
pain reflected in this song
ain't even half of what i'm feeling inside
i need you need you back in my life baby

when you left i lost a part of me
it's still so hard to believe
come back baby please
'cause we belong together

who else am i gon' lean on when times get rough?
who's going to talk to me on the phone 'til the sun comes up?
who's going to take your place?
there ain't nobody better
oh, baby baby, we belong together, baby

when you left i lost a part of me
it's still so hard to believe
come back baby please
'cause we belong together
who am i gon' lean on when times get rough?

who's going to talk to me on the phone 'til the sun comes up?
who's going to take your place?
there ain't nobody better
oh, baby baby, we belong together",431,168,0.6102,7.3051,0.3898,6,1,-0.9871,0.064,0.131,0.9871
1PS1QMdUqOal0ai3Gt7sDQ,"she take my money when i'm in need
yeah, she's a triflin' friend indeed
oh, she's a gold digger way over town
that digs on me (uh)
(she take my money)

now i ain't sayin' she a gold digger (when i'm in need)
but she ain't messin' with no broke niggas (she take my money)
now i ain't sayin' she a gold digger (when i'm in need)
but she ain't messin' with no broke niggas (i got a weed)

get down, girl, go'n 'head, get down (i got a weed)
get down, girl, go'n 'head, get down (i got a weed)
get down, girl, go'n 'head, get down (i got a weed)
get down, girl, go'n 'head (yeah, she take my money)

cutie the bomb, met her at a beauty salon (when i'm in need)
with a baby louis vuitton under her underarm (she take my money)
she said, ""i can tell you rock, i can tell by your charm (when i'm in need)
far as girls you got a flock, i can tell by your charm and your arm""
but i'm lookin' for the one, have you seen her?
my psychic told me she have a ass like serena
trina, jennifer lopez, four kids
and i gotta take all they bad ass to showbiz?

okay, get yo' kids, but then they got their friends
i pulled up in the benz, they all got up in
we all went to din' and then i had to pay
if you fuckin' with this girl then you better be paid
you know why? it take too much to touch her
from what i heard, she got a baby by busta
my best friend say she used to fuck with usher
i don't care what none of y'all say, i still love her (yeah, she take my money)

now i ain't sayin' she a gold digger, uh (when i'm in need)
but she ain't messin' with no broke niggas, uh (she take my money)
now i ain't sayin' she a gold digger, uh (when i'm in need)
but she ain't messin' with no broke niggas, uh (i got a weed)

get down, girl, go'n 'head, get down (i got a weed)
get down, girl, go'n 'head, get down (i got a weed)
get down, girl, go'n 'head, get down (i got a weed)
get down, girl, go'n 'head (yeah, she take my money)

18 years, 18 years (when i'm in need)
she got one of yo' kids, got you for 18 years (she take my money)
i know somebody payin' child support for one of his kids (when i'm in need)
his baby momma car and crib is bigger than he is
you will see him on tv any given sunday
won the super bowl and drive off in a hyundai

she was supposed to buy your shorty tyco with your money
she went to the doctor, got lipo with your money (yeah, she take my money)
she walkin' around lookin' like michael with your money (when i'm in need)
shoulda got that insured, geico for your money, money (she take my money)

if you ain't no punk holla, ""we want prenup, we want prenup!"" yeah
it's something that you need to have
'cause when she leave yo' ass, she gon' leave with half
18 years, 18 years
and on her 18th birthday, he found out it wasn't his (yeah, she take my money)

now i ain't sayin' she a gold digger, uh (when i'm in need)
but she ain't messin' with no broke niggas, uh (she take my money)
now i ain't sayin' she a gold digger, uh (when i'm in need)
but she ain't messin' with no broke niggas, uh (i got a weed)

get down, girl, go'n 'head, get down, uh (i got a weed)
get down, girl, go'n 'head, get down (i got a weed)
get down, girl, go'n 'head, get down, uh (i got a weed)
get down, girl, go'n 'head (yeah, she take my money)

now i ain't sayin' you a gold digger, you got needs
you'n't want a dude to smoke, but he can't buy weed
you go out to eat, he can't pay, y'all can't leave
there's dishes in the back, he gotta roll up his sleeves
but while y'all washin', watch him
he gon' make it to a benz out of that datsun

he got that ambition, baby, look at his eyes
this week he moppin' floors, next week it's the fries (yeah, she take my money)
so, stick by his side (when i'm in need), i know there's dudes ballin', and yeah, that's nice
and they gon' keep callin' and tryin', but you stay right, girl (she take my money when i'm in need)
and when he get on, he'll leave yo' ass for a white girl

get down, girl, go'n 'head, get down (i got a weed)
get down, girl, go'n 'head, get down (i got a weed)
get down, girl, go'n 'head, get down (i got a weed)
get down, girl, go'n 'head (yeah, she take my money)

let me hear that back",852,257,0.6984,11.2105,0.3016,8,5,0.9989,0.153,0.032,0.9989
0d28khcov6AiegSCpG5TuT,"feel good
sha, sha-ba-da, sha-ba-da-ca, feel good
sha, sha-ba-da, sha-ba-da-ca, feel good
sha, sha-ba-da, sha-ba-da-ca, feel good
sha, sha-ba-da, sha-ba-da-ca, feel good

sha, sha-ba-da, sha-ba-da-ca, feel good
sha, sha-ba-da, sha-ba-da-ca, feel good
sha, sha-ba-da, sha-ba-da-ca, feel good
sha, sha-ba-da, sha-ba-da-ca, feel good

city's breaking down on a camel's back
they just have to go, 'cause they don't know wack
so while you fill the streets, it's appealing to see
you won't get out the county, 'cause you're bad and free

you got a new horizon, it's ephemeral style
a melancholy town where we never smile
and all i wanna hear is the message beep
my dreams, they got a kissing
'cause i don't get sleep, no

windmill, windmill for the land
turn forever hand in hand
take it all in on your stride
it is ticking, falling down
love forever, love is freely
turned forever, you and me
windmill, windmill for the land
is everybody in?

laughin' gas these hazmats, fast cats
linin' 'em up like ass cracks
play these ponies at the track
it's my chocolate attack

shit, i'm steppin' in the heart of this here (yeah)
care bear rappin' in harder this year (yeah)
watch me as i gravitate, ha-ha-ha-ha-ha

yo, we gon' ghost town this motown
with yo' sound, you in the blink
gon' bite the dust, can't fight with us
with yo' sound, you kill the inc
so don't stop, get it, get it (get it)
until you're cheddar headed
and watch the way i navigate
ha-ha-ha-ha-ha

sha, sha-ba-da, sha-ba-da-ca, feel good
sha, sha-ba-da, sha-ba-da-ca, feel good
sha, sha-ba-da, sha-ba-da-ca, feel good
sha, sha-ba-da, sha-ba-da-ca, feel good

windmill, windmill for the land
turn forever hand in hand
take it all in on your stride
it is ticking, falling down
love forever, love is freely
turned forever, you and me
windmill, windmill for the land
is everybody in?

don't stop, get it, get it (sha, sha-ba-da)
peep how your captain's in it (sha-ba-da-ca, feel good)
steady, watch me navigate (sha, sha-ba-da)
ha-ha-ha-ha-ha (sha-ba-da-ca, feel good)

don't stop, get it, get it (sha, sha-ba-da)
peep how your captain's in it (sha-ba-da-ca, feel good)
steady, watch me navigate (sha, sha-ba-da)
ha-ha-ha-ha-ha (sha-ba-da-ca, feel good)

sha, sha-ba-da, sha-ba-da-ca, feel good
sha, sha-ba-da, sha-ba-da-ca, feel good
sha, sha-ba-da, sha-ba-da-ca, feel good
sha, sha-ba-da, sha-ba-da-ca, feel good",385,149,0.613,5.9231,0.387,0,2,0.9984,0.27,0.059,0.9984
6o1l9I0faXJN2iqulHrdCQ,"i remember when
i remember, i remember when i lost my mind
there was something so pleasant about that place
even your emotions have an echo in so much space

and when you're out there without care
yeah, i was out of touch
but it wasn't because i didn't know enough
i just knew too much

does that make me crazy?
does that make me crazy?
does that make me crazy?
possibly

and i hope that you are having the time of your life
but think twice, that's my only advice
come on now, who do you, who do you, who do you
who do you think you are
ha ha ha, bless your soul
you really think you're in control

i think you're crazy
i think you're crazy
i think you're crazy
just like me

my heroes had the heart to lose their lives out on the limb
and all i remember is thinking i want to be like them

ever since i was little
ever since i was little it looked like fun
and it's no coincidence i've come
and i can die when i'm done

but maybe i'm crazy
maybe you're crazy
maybe we're crazy
probably",199,103,0.4824,6.2188,0.5176,9,0,0.228,0.162,0.174,0.228
3d0WouFnFmr0K3kjeza3fF,"ladies up in here tonight
no fighting
we got the refugees up in here (no fighting)
no fighting
shakira, shakira

i never really knew that she could dance like this
she make a man want to speak spanish
¿cómo se llama? (sí), bonita (sí)
mi casa, su casa (shakira, shakira)

oh, baby, when you talk like that
you make a woman go mad
so be wise (sí) and keep on (sí)
reading the signs of my body (uno, dos, tres, cuatro)

i'm on tonight, you know my hips don't lie
and i'm starting to feel it's right
all the attraction, the tension
don't you see, baby? this is perfection

hey, girl, i can see your body moving
and it's driving me crazy
and i didn't have the slightest idea
until i saw you dancing
and when you walk up on the dance floor nobody cannot
ignore the way you move your body, girl (your body just move)
and everything's so unexpected
the way you right and left it
so you can keep on shaking it (let's go!)

i never really knew that she could dance like this
she make a man want to speak spanish
¿cómo se llama? (sí), bonita (sí)
mi casa, su casa (shakira, shakira)

oh, baby, when you talk like that
you make a woman go mad
so be wise (sí) and keep on (sí)
reading the signs of my body (no fighting, no fighting)

i'm on tonight, you know my hips don't lie
and i'm starting to feel you, boy
come on, let's go, real slow
don't you see, baby? así es perfecto
baby, i know i'm on tonight, my hips don't lie
and i'm starting to feel it's right
all the attraction, the tension
don't you see, baby? this is perfection (shakira, shakira)

oh, boy, i can see your body moving
half animal, half man
i don't, don't really know what i'm doing
but you seem to have a plan
my will and self-restraint
have come to fail now, fail now
see, i'm doing what i can, but i can't, so you know
that's a bit too hard to explain (uno, dos, tres, cuatro)

baila en la calle de noche
baila en la calle de día (let's go!)
baila en la calle de noche
baila en la calle de día

i never really knew that she could dance like this
she make a man want to speak spanish
¿cómo se llama? (sí), bonita (sí)
mi casa, su casa (shakira, shakira)

oh, baby, when you talk like that
you know you got me hypnotized
so be wise (sí) and keep on (sí)
reading the signs of my body

señorita, feel the conga
let me see you move like you come from colombia
yeah, oh, yeah, ladies, sí! (yeah, yeah, hey, yeah)
mira, en barranquilla se baila así, say it!
en barranquilla se baila así

yeah, she's so sexy, every man's fantasy
a refugee like me back with the fugees from a third world country
i go back like when pac carried crates for humpty hump
we lead a whole club jazzy
why the cia wanna watch us?
colombians and haitians
i ain't guilty, it's a musical transaction
boo-boop-so-boop, no more do we snatch ropes
refugees run the seas 'cause we own our own boats (no fighting)

i'm on tonight, my hips don't lie
and i'm starting to feel you, boy
come on, let's go, real slow
baby, like this is perfecto (no fighting)
oh, you know i'm on tonight, my hips don't lie
and i'm starting to feel it's right
the attraction, the tension
baby, like this is perfection

no fighting (no fighting, no fighting)
no fighting",611,219,0.6416,7.1047,0.3584,5,0,0.9959,0.154,0.058,0.9959
0O45fw2L5vsWpdsOdXwNAR,"i'm bringing sexy back (yeah)
them other boys don't know how to act (yeah)
i think you're special, what's behind your back? (yeah)
so turn around and i'll pick up the slack (yeah)
take 'em to the bridge

dirty babe (uh-huh)
you see these shackles, baby, i'm your slave (uh-huh)
i'll let you whip me if i misbehave (uh-huh)
it's just that no one makes me feel this way (uh-huh)
take 'em to the chorus

come here, girl (go 'head, be gone with it)
come to the back (go 'head, be gone with it)
v.i.p. (go 'head, be gone with it)
drinks on me (go 'head, be gone with it)
let me see what you're twerking with (go 'head, be gone with it)
look at those hips (go 'head, be gone with it)
you make me smile (go 'head, be gone with it)
go 'head child (go 'head, be gone with it), and
get your sexy on (go 'head, be gone with it)
get your sexy on (go 'head, be gone with it)
get your sexy on (go 'head, be gone with it)
get your sexy on (go 'head, be gone with it)
get your sexy on (go 'head, be gone with it)
get your sexy on (go 'head, be gone with it)
get your sexy on (go 'head, be gone with it)
get your sexy on

i'm bringing sexy back (yeah)
them other fuckers don't know how to act (yeah)
girl, let me make up for the things you lack (yeah)
'cause you're burning up, i gotta get it fast (yeah)
take 'em to the bridge

dirty babe (uh-huh)
you see these shackles, baby, i'm your slave (uh-huh)
i'll let you whip me if i misbehave (uh-huh)
it's just that no one makes me feel this way (uh-huh)
take 'em to the chorus

come here, girl (go 'head, be gone with it)
come to the back (go 'head, be gone with it)
v.i.p. (go 'head, be gone with it)
drinks on me (go 'head, be gone with it)
let me see what you're twerking with (go 'head, be gone with it)
look at those hips (go 'head, be gone with it)
you make me smile (go 'head, be gone with it)
go 'head child (go 'head, be gone with it), and
get your sexy on (go 'head, be gone with it)
get your sexy on (go 'head, be gone with it)
get your sexy on (go 'head, be gone with it)
get your sexy on (go 'head, be gone with it)
get your sexy on (go 'head, be gone with it)
get your sexy on (go 'head, be gone with it)
get your sexy on (go 'head, be gone with it)
get your sexy on

you ready?
you ready?
you ready?
uh (yes)

i'm bringing sexy back (yeah)
you motherfuckers watch how i attack (yeah)
if that's your girl you better watch your back (yeah)
'cause she'll burn it up for me and that's a fact (yeah)
take 'em to the chorus, ha

come here, girl (go 'head, be gone with it)
come to the back (go 'head, be gone with it)
v.i.p. (go 'head, be gone with it)
drinks on me (go 'head, be gone with it)
let me see what you're twerking with (go 'head, be gone with it)
look at those hips (go 'head, be gone with it)
you make me smile (go 'head, be gone with it)
go 'head child (go 'head, be gone with it), and
get your sexy on (go 'head, be gone with it)
get your sexy on (go 'head, be gone with it)
get your sexy on (go 'head, be gone with it)
get your sexy on (go 'head, be gone with it)
get your sexy on (go 'head, be gone with it)
get your sexy on (go 'head, be gone with it)
get your sexy on (go 'head, be gone with it)
get your sexy on

you ready? (yes)
you ready? (yes)
(yes)",663,107,0.8386,8.2875,0.1614,0,0,0.999,0.202,0.032,0.999
66TRwr5uJwPt15mfFkzhbi,"yuu
soulja boy tell 'em
ay, i got this new dance for y'all called the soulja boy
you just gotta punch then crank back three times from left to right

soulja boy off in it, oh
watch me crank it, watch me roll
watch me crank that soulja boy
then superman that, oh

now watch me (yuu), crank that soulja boy
now watch me (yuu), crank that soulja boy
now watch me (yuu), crank that soulja boy
now watch me (yuu), crank that soulja boy
now watch

soulja boy off in it, oh
watch me crank it, watch me roll
watch me crank that soulja boy
then superman that, oh

now watch me (yuu), crank that soulja boy
now watch me (yuu), crank that soulja boy
now watch me (yuu), crank that soulja boy
now watch me (yuu), crank that soulja boy
now watch

soulja boy up in it, oh
watch me lean then watch me rock
superman that, oh
yeah, watch me crank that robocop
super fresh, now watch me jock
jocking on them haters, man
when i do that soulja boy
i lean to the left then crank that thang, now (yuu)

i'm jockin' on yo' (i'm jockin' on yo')
and if we get to fightin' then i'm - on yo' (then i'm - on yo')
you catch me at yo' local party, yes, i crank it every day
haters gettin' mad 'cause i got me some bathin' ape

soulja boy off in it, oh
watch me crank it, watch me roll
watch me crank that soulja boy
then superman that, oh

now watch me (yuu), crank that soulja boy
now watch me (yuu), crank that soulja boy
now watch me (yuu), crank that soulja boy
now watch me (yuu), crank that soulja boy
now watch

soulja boy off in it, oh
watch me crank it, watch me roll
watch me crank that soulja boy
then superman that, oh

now watch me (yuu), crank that soulja boy
now watch me (yuu), crank that soulja boy
now watch me (yuu), crank that soulja boy
now watch me (yuu), crank that soulja boy
now watch

i'm bouncin' on my toe
watch me supersoak that, oh
i'm a pass it to arab and he gon' crank it up fo' sho'
haters wanna be me soulja boy, i'm the man
they be lookin' at my neck, sayin', ""it's the rubberband man"" (man)
watch me do it (watch me do it)
dance (dance)
let's get to it (let's get to it)

nope, you can't do it like me though
so don't do it like me
folk, i see you tryna do it like me
man, that dance was ugly

soulja boy off in it, oh
watch me crank it, watch me roll
watch me crank that soulja boy
then superman that, oh

now watch me (yuu), crank that soulja boy
now watch me (yuu), crank that soulja boy
now watch me (yuu), crank that soulja boy
now watch me (yuu), crank that soulja boy
now watch

soulja boy off in it, oh
watch me crank it, watch me roll
watch me crank that soulja boy
then superman that, oh

now watch me (yuu), crank that soulja boy
now watch me (yuu), crank that soulja boy
now watch me (yuu), crank that soulja boy
now watch me (yuu), crank that soulja boy
now watch

i'm too fresh, off in it (oh)
watch me crank it, watch me (roll)
watch me crank that roosevelt then supersoak that (oh)
supersoak that (oh)
supersoak that (oh)
supersoak that (oh)
supersoak that (oh)

i'm too fresh, now watch me (do it)
watch me shuffle, watch me (yuu)
watch me crank that soulja boy
now superman (yuu)
superman (do it)
superman (do it)

soulja boy off in it, oh
watch me crank it, watch me roll
watch me crank that soulja boy
then superman that, oh

now watch me (yuu), crank that soulja boy
now watch me (yuu), crank that soulja boy
now watch me (yuu), crank that soulja boy
now watch me (yuu), crank that soulja boy
now watch

soulja boy off in it, oh
watch me crank it, watch me roll
watch me crank that soulja boy
then superman that, oh

now watch me (yuu), crank that soulja boy
now watch me (yuu), crank that soulja boy
now watch me (yuu), crank that soulja boy
now watch me (yuu), crank that soulja boy
now watch

yuu
yuu",740,129,0.8257,6.4348,0.1743,0,0,-0.1078,0.027,0.027,0.1078
2yPoXCs7BSIUrucMdK5PzV,"uh-huh, uh-huh (yeah, rihanna)
uh-huh, uh-huh (good girl, gone bad)
uh-huh, uh-huh (take three, action)
uh-huh, uh-huh (hov)

no clouds in my stones
let it rain, i hydroplane in the bank
coming down with the dow jones
when the clouds come, we gone, we roc-a-fella
we fly higher than weather, in g5's or better
you know me (you know me)
in anticipation for precipitation, stack chips for the rainy day
jay, rain man is back
with little miss sunshine, rihanna, where you at?

you have my heart
and we'll never be worlds apart
maybe in magazines
but you'll still be my star
baby, 'cause in the dark
you can't see shiny cars
and that's when you need me there
with you, i'll always share
because

when the sun shine, we shine together
told you i'll be here forever
said i'll always be your friend
took an oath, i'ma stick it out to the end
now that it's raining more than ever
know that we'll still have each other
you can stand under my umbrella

you can stand under my umbrella, -ella, -ella, eh, eh, eh
under my umbrella, -ella, -ella, eh, eh, eh
under my umbrella, -ella, -ella, eh, eh, eh
under my umbrella, -ella, -ella, eh, eh, eh, eh, eh-eh

these fancy things
will never come in between
you're part of my entity
here for infinity
when the war has took its part
when the world has dealt its cards
if the hand is hard
together we'll mend your heart
because

when the sun shine, we shine together
told you i'll be here forever
said i'll always be your friend
took an oath, i'ma stick it out to the end
now that it's raining more than ever
know that we'll still have each other
you can stand under my umbrella

you can stand under my umbrella, -ella, -ella, eh, eh, eh
under my umbrella, -ella, -ella, eh, eh, eh
under my umbrella, -ella, -ella, eh, eh, eh
under my umbrella, -ella, -ella, eh, eh, eh, eh, eh-eh

you can run into my arms
it's okay, don't be alarmed
come into me
there's no distance in between our love
so gonna let the rain pour
i'll be all you need and more
because

when the sun shine, we shine together
told you i'll be here forever
said i'll always be your friend
took an oath, i'ma stick it out to the end
now that it's raining more than ever
know that we'll still have each other
you can stand under my umbrella

you can stand under my umbrella, -ella, -ella, eh, eh, eh
under my umbrella, -ella, -ella, eh, eh, eh
under my umbrella, -ella, -ella, eh, eh, eh
under my umbrella, -ella, -ella, eh, eh, eh, eh, eh-eh

it's raining, raining
ooh baby, it's raining, raining
baby, come into me, come into me
it's raining, raining
ooh baby, it's raining, raining
you can always come into me, come into me
it's pouring rain, it's pouring rain
come into me, come into me
it's pouring rain, it's pouring rain
come into me, come into me",515,167,0.6757,6.358,0.3243,15,0,0.9871,0.086,0.029,0.9871
0j2T0R9dR9qdJYsB7ciXhf,"work it, make it, do it, makes us
harder, better, faster, stronger

n-now-now that, that don't kill me
can only make me stronger
i need you to hurry up now
'cause i can't wait much longer
i know i got to be right now
'cause i can't get much wronger
man, i been waiting all night now
that's how long i been on ya'

work it harder, make it better
do it faster, makes us stronger
(i need you right now, right now!)
more than ever
hour after hour work
(i need you right now, right now!)

let's get lost tonight
you could be my black kate moss tonight
play secretary, i'm the boss tonight
and you 'on't give a fuck what they all say, right?
awesome, the christian in christian dior
damn, they 'on't make 'em like this anymore
i ask, 'cause i'm not sure
do anybody make real shit anymore?

bow in the presence of greatness
'cause right now thou hast forsaken us
you should be honored by my lateness
that i would even show up to this fake shit
so go ahead, go nuts, go apeshit
'specially in my pastellé, on my bape shit
act like you can't tell who made this
new gospel, homie, take six
and take this, haters!

n-now-now that, that don't kill me
can only make me stronger
i need you to hurry up now
'cause i can't wait much longer
i know i got to be right now
'cause i can't get much wronger
man, i been waiting all night now
that's how long i been on ya'

work it harder, make it better
do it faster, makes us stronger
(i need you right now, now!)
more than ever
hour after hour work
(i need you right now, right now!) me likey

i don't know if you got a man or not
if you made plans or not
if god put me in your plans or not
i'm trippin', this drink got me saying a lot
but i know that god put you in front of me
so how the hell could you front on me?
there's a thousand you's, there's only one of me
i'm trippin', i'm caught up in the moment, right?

'cause it's louis vuitton don night
so we gon' do everything that kan like
heard they'd do anything for a klondike
well, i'd do anything for a blonde dyke
and she'll do anything for the limelight
and we'll do anything when the time's right
uh, baby, you're makin' it
(harder, better, faster, stronger) oh

n-now-now that, that don't kill me (oh)
can only make me stronger (oh)
i need you to hurry up now (oh)
'cause i can't wait much longer (oh)
i know i got to be right now (oh)
'cause i can't get much wronger (oh)
man, i been waiting all night now
that's how long i been on ya'

work it harder, make it better
do it faster, makes us stronger
(i need you right now, now!)
more than ever
hour after hour work is never over
(i need you right now, right now!)

you know how long i been on ya'
since prince was on apollonia
since o.j. had isotoners

don't act like i never told ya'
(work it, work is never over)
don't act like i (never) told ya'
(harder, work is never over)
uh, don't act like i (never) told ya'
don't act like i (never) told ya'
don't act like i (never) told ya'
uh, baby, you're makin' it
(harder, better, faster, stronger)

n-now-now that, that don't kill me
can only make me stronger
i need you to hurry up now
'cause i can't wait much longer
i know i got to be right now
'cause i can't get much wronger
man, i been waiting all night now
that's how long i been on ya'

work it harder, make it better
do it faster, makes us stronger
(i need you right now, now!)
more than ever
hour after hour work is never over
(i need you right now, right now!)

work it harder, make it better
do it faster, makes us stronger
(i need you right now, now!)
more than ever
hour after hour work is never over
(i need you right now, right now!)

you know how long i been on ya'
since prince was on apollonia
since o.j. had isotoners
don't act like i never told ya'
you know how long i been on ya'
since prince was on apollonia
since o.j. had isotoners

don't act like i never told ya', told ya', told ya'
never told ya', told ya', told ya'
never told ya', told ya', told ya'
never told ya', told ya', told ya'
never told ya'
never over, never over, never over, never over
never over, never over, never over

harder, better, faster, stronger
work it, harder make it better
do it faster makes us stronger
more than ever
hour after hour, work is never over
work it, harder make it better
do it faster makes us stronger
more than ever
hour after hour, work is never over

work it, harder make it better
do it faster makes us stronger
more than ever
hour after hour, work is never over
work it, harder make it better
do it faster makes us stronger
more than ever
hour after hour, work is never over",896,199,0.7779,6.4,0.2221,17,6,0.9975,0.125,0.051,0.9975
2ZBNclC5wm4GtiWaeh0DMx,"all the single ladies, all the single ladies
all the single ladies, all the single ladies
all the single ladies, all the single ladies
all the single ladies

now put your hands up
up in the club, we just broke up
i'm doing my own little thing
decided to dip and now you wanna trip
cause another brother noticed me

i'm up on him, he up on me
don't pay him any attention
just cried my tears, for three good years
ya can't be mad at me

cause if you liked it then you should have put a ring on it
if you liked it then you shoulda put a ring on it
don't be mad once you see that he want it
if you liked it then you shoulda put a ring on it
oh, oh, oh, oh, oh, oh, oh, o-ohh
oh, oh, oh, oh, oh, oh, oh, o-ohh

if you liked it then you should have put a ring on it
if you liked it then you shoulda put a ring on it
don't be mad once you see that he want it
if you liked it then you shoulda put a ring on it

i got gloss on my lips, a man on my hips
got me tighter in my dereon jeans
acting up, drink in my cup
i can care less what you think

i need no permission, did i mention
don't pay him any attention
cause you had your turn and now you gonna learn
what it really feels like to miss me

cause if you liked it then you should have put a ring on it
if you liked it then you shoulda put a ring on it
don't be mad once you see that he want it
if you liked it then you shoulda put a ring on it
oh, oh, oh, oh, oh, oh, oh

if you liked it then you should have put a ring on it
if you liked it then you shoulda put a ring on it
don't be mad once you see that he want it
if you liked it then you shoulda put a ring on it
oh, oh, oh, oh, oh, oh, oh, oh

don't treat me to the things of the world
i'm not that kind of girl
your love is what i prefer, what i deserve
here's a man that makes me then takes me
and delivers me to a destiny, to infinity and beyond
pull me into your arms, say i'm the one you own
if you don't, you'll be alone
and like a ghost i'll be gone

all the single ladies, all the single ladies
all the single ladies, all the single ladies
all the single ladies, all the single ladies
all the single ladies
now put your hands up, oh, oh, oh, oh, oh, oh, oh

cause if you liked it then you should have put a ring on it
if you liked it then you shoulda put a ring on it
don't be mad once you see that he want it
if you liked it then you shoulda put a ring on it
oh, oh, oh

if you liked it then you should have put a ring on it
if you liked it then you shoulda put a ring on it
don't be mad once you see that he want it
if you liked it then you shoulda put a ring on it
oh, oh, oh",577,128,0.7782,9.0156,0.2218,0,0,0.9969,0.15,0.024,0.9969
5R8dQOPq8haW94K7mgERlO,"mum-mum-mum-mah
mum-mum-mum-mah
mum-mum-mum-mah
mum-mum-mum-mah
mum-mum-mum-mah

i wanna hold 'em like they do in texas, please
fold 'em, let 'em, hit me, raise it, baby, stay with me (i love it)
love game intuition, play the cards with spades to start
and after he's been hooked, i'll play the one that's on his heart

oh, woah-oh, oh, oh, oh-oh-oh-oh-oh-oh
i'll get him hot, show him what i got
oh, woah-oh, oh, oh, oh-oh-oh-oh-oh-oh
i'll get him hot, show him what i got

can't read my, can't read my
no, he can't read my poker face (she's got me like nobody)
can't read my, can't read my
no, he can't read my poker face (she's got me like nobody)

po-po-po-poker face, fu-fu-fuck her face (mum-mum-mum-mah)
po-po-po-poker face, fu-fu-fuck her face (mum-mum-mum-mah)

i wanna roll with him, a hard pair we will be
a little gambling is fun when you're with me (i love it)
russian roulette is not the same without a gun
and, baby, when it's love, if it's not rough, it isn't fun (fun)

oh, woah-oh, oh, oh, oh-oh-oh-oh-oh-oh
i'll get him hot, show him what i got
oh, woah-oh, oh, oh, oh-oh-oh-oh-oh-oh
i'll get him hot, show him what i got

can't read my, can't read my
no, he can't read my poker face (she's got me like nobody)
can't read my, can't read my
no, he can't read my poker face (she's got me like nobody)

po-po-po-poker face, fu-fu-fuck her face (mum-mum-mum-mah)
po-po-po-poker face, fu-fu-fuck her face (mum-mum-mum-mah)
(mum-mum-mum-mah)

i won't tell you that i love you, kiss or hug you
'cause i'm bluffin' with my muffin
i'm not lyin', i'm just stunnin' with my love-glue gunnin'
just like a chick in the casino
take your bank before i pay you out
i promise this, promise this
check this hand 'cause i'm marvelous

can't read my, can't read my
no, he can't read my poker face (she's got me like nobody)
can't read my, can't read my
no, he can't read my poker face (she's got me like nobody)

can't read my, can't read my
no, he can't read my poker face (she's got me like nobody)
can't read my, can't read my
no, he can't read my poker face (she's got me like nobody)

can't read my, can't read my
no, he can't read my poker face (she's got me like nobody)
can't read my, can't read my
no, he can't read my poker face (she's got me like nobody)

po-po-po-poker face, fu-fu-fuck her face
po-po-po-poker face, fu-fu-fuck her face (she's got me like nobody)
po-po-po-poker face, fu-fu-fuck her face (mum-mum-mum-mah)
po-po-po-poker face, fu-fu-fuck her face (mum-mum-mum-mah)

po-po-po-poker face, fu-fu-fuck her face (mum-mum-mum-mah)
po-po-po-poker face, fu-fu-fuck her face (mum-mum-mum-mah)",452,127,0.719,7.661,0.281,20,10,0.9975,0.172,0.016,0.9975
1mea3bSkSGXuIRvnydlB5b,"i used to rule the world
seas would rise when i gave the word
now in the morning, i sleep alone
sweep the streets i used to own

i used to roll the dice
feel the fear in my enemy's eyes
listened as the crowd would sing
""now the old king is dead, long live the king""
one minute i held the key
next, the walls were closed on me
and i discovered that my castles stand
upon pillars of salt and pillars of sand
i hear jerusalem bells a-ringing
roman cavalry choirs are singing
be my mirror, my sword and shield
my missionaries in a foreign field
for some reason, i can't explain
once you'd gone, there was never
never an honest word
and that was when i ruled the world

it was a wicked and wild wind
blew down the doors to let me in
shattered windows and the sound of drums
people couldn't believe what i'd become
revolutionaries wait
for my head on a silver plate
just a puppet on a lonely string
oh, who would ever want to be king?
i hear jerusalem bells a-ringing
roman cavalry choirs are singing
be my mirror, my sword and shield
my missionaries in a foreign field
for some reason, i can't explain
i know saint peter won't call my name
never an honest word
but that was when i ruled the world

hear jerusalem bells a-ringing
roman cavalry choirs are singing
be my mirror, my sword and shield
my missionaries in a foreign field
for some reason, i can't explain
i know saint peter won't call my name
never an honest word
but that was when i ruled the world",281,129,0.5409,6.3864,0.4591,0,0,-0.9165,0.01,0.061,0.9165
0SiywuOBRcynK0uKGWdCnn,"oh-oh-oh-oh-oh, oh-oh-oh-oh, oh-oh-oh
caught in a bad romance
oh-oh-oh-oh-oh, oh-oh-oh-oh, oh-oh-oh
caught in a bad romance

rah, rah-ah-ah-ah
roma, roma-ma
gaga, ooh-la-la
want your bad romance

rah, rah-ah-ah-ah
roma, roma-ma
gaga, ooh-la-la
want your bad romance

i want your ugly, i want your disease
i want your everything as long as it's free
i want your love
love, love, love, i want your love (hey)

i want your drama, the touch of your hand (hey)
i want your leather-studded kiss in the sand
i want your love
love, love, love, i want your love (love, love, love)
(i want your love)

you know that i want you
and you know that i need you
i want it bad, your bad romance

i want your love, and i want your revenge
you and me could write a bad romance (oh-oh-oh-oh-oh)
i want your love and all your lover's revenge
you and me could write a bad romance

oh-oh-oh-oh-oh, oh-oh-oh-oh, oh-oh-oh
caught in a bad romance
oh-oh-oh-oh-oh, oh-oh-oh-oh, oh-oh-oh
caught in a bad romance

rah, rah-ah-ah-ah
roma, roma-ma
gaga, ooh-la-la
want your bad romance

i want your horror, i want your design
'cause you're a criminal as long as you're mine
i want your love
love, love, love, i want your love

i want your psycho, your vertigo shtick (hey)
want you in my rear window, baby, you're sick
i want your love
love, love, love, i want your love (love, love, love)
(i want your love)

you know that i want you
and you know that i need you ('cause i'm a free bitch, baby)
i want it bad, your bad romance

i want your love, and i want your revenge
you and me could write a bad romance (oh-oh-oh-oh-oh)
i want your love and all your lover's revenge
you and me could write a bad romance

oh-oh-oh-oh-oh, oh-oh-oh-oh, oh-oh-oh
caught in a bad romance
oh-oh-oh-oh-oh, oh-oh-oh-oh, oh-oh-oh
caught in a bad romance

rah, rah-ah-ah-ah
roma, roma-ma
gaga, ooh-la-la
want your bad romance

rah, rah-ah-ah-ah
roma, roma-ma
gaga, ooh-la-la
want your bad romance

walk, walk, fashion baby
work it, move that bitch crazy
walk, walk, fashion baby
work it, move that bitch crazy
walk, walk, fashion baby
work it, move that bitch crazy
walk, walk, passion baby
work it, i'm a free bitch, baby

i want your love, and i want your revenge
i want your love, i don't wanna be friends
j'veux ton amour, et je veux ta revanche
j'veux ton amour, i don't wanna be friends (oh-oh-oh-oh-oh, oh-oh-oh-oh)
no, i don't wanna be friends (oh-oh-oh, caught in a bad romance)
i don't wanna be friends (oh-oh-oh-oh-oh, oh-oh-oh-oh)
want your bad romance (oh-oh-oh)
caught in a bad romance
want your bad romance

i want your love, and i want your revenge
you and me could write a bad romance (oh-oh-oh-oh-oh)
i want your love and all your lover's revenge
you and me could write a bad romance

oh-oh-oh-oh-oh, oh-oh-oh-oh, oh-oh-oh
(want your bad romance)
caught in a bad romance
(want your bad romance)
oh-oh-oh-oh-oh, oh-oh-oh-oh, oh-oh-oh
(want your bad romance)
caught in a bad romance

rah, rah-ah-ah-ah
roma, roma-ma
gaga, ooh-la-la
want your bad romance",525,98,0.8133,5.4688,0.1867,29,5,0.9991,0.384,0.21,0.9991
0HPD5WQqrq7wPWR7P7Dw1i,"wake up in the morning feelin' like p. diddy (hey, what up, girl?)
grab my glasses, i'm out the door, i'm gonna hit this city (let's go)
before i leave, brush my teeth with a bottle of jack
'cause when i leave for the night, i ain't coming back

i'm talking pedicure on our toes, toes
trying on all our clothes, clothes
boys blowing up our phones, phones
drop-topping, playing our favorite cds
pulling up to the parties
trying to get a little bit tipsy

don't stop, make it pop, dj, blow my speakers up
tonight, i'ma fight 'til we see the sunlight
tick tock on the clock, but the party don't stop, no
oh, woah, woah, oh, oh, woah, woah, oh

don't stop, make it pop, dj, blow my speakers up
tonight, i'ma fight 'til we see the sunlight
tick tock on the clock, but the party don't stop, no
oh, woah, woah, oh, oh, woah, woah, oh

ain't got a care in the world, but got plenty of beer
ain't got no money in my pocket, but i'm already here
and now, the dudes are lining up 'cause they hear we got swagger
but we kick 'em to the curb unless they look like mick jagger

i'm talking about everybody getting crunk, crunk
boys tryin' to touch my junk, junk
gonna smack him if he getting too drunk, drunk
now, now, we go until they kick us out, out
or the police shut us down, down
police shut us down, down
po-po shut us

don't stop, make it pop, dj, blow my speakers up
tonight, i'ma fight 'til we see the sunlight
tick tock on the clock, but the party don't stop, no
oh, woah, woah, oh, oh, woah, woah, oh

don't stop, make it pop, dj, blow my speakers up
tonight, i'ma fight 'til we see the sunlight
tick tock on the clock, but the party don't stop, no
oh, woah, woah, oh, oh, woah, woah, oh

(dj) you build me up
you break me down
my heart, it pounds
yeah, you got me
with my hands up
you got me now
you got that sound
yeah, you got me

(dj) you build me up
you break me down
my heart, it pounds
yeah, you got me
with my hands up
put your hands up
put your hands up

now, the party don't start 'til i walk in

don't stop, make it pop, dj, blow my speakers up
tonight, i'ma fight 'til we see the sunlight
tick tock on the clock, but the party don't stop, no
oh, woah, woah, oh, oh, woah, woah, oh

don't stop, make it pop, dj, blow my speakers up
tonight, i'ma fight 'til we see the sunlight
tick tock on the clock, but the party don't stop, no
oh, woah, woah, oh, oh, woah, woah, oh",475,158,0.6674,7.7869,0.3326,0,0,0.9959,0.177,0.055,0.9959
2H1047e0oMSj10dgp7p2VG,"i got a feeling
that tonight's gonna be a good night
that tonight's gonna be a good night
that tonight's gonna be a good, good night

a feeling
that tonight's gonna be a good night
that tonight's gonna be a good night
that tonight's gonna be a good, good night

a feeling (woo-hoo)
that tonight's gonna be a good night
that tonight's gonna be a good night
that tonight's gonna be a good, good night

a feeling (woo-hoo)
that tonight's gonna be a good night
that tonight's gonna be a good night
that tonight's gonna be a good, good night

tonight's the night, let's live it up
i got my money, let's spend it up (a fee-)
go out and smash it, like, ""oh my god""
jump out that sofa, let's kick it, off (a fee-)

i know that we'll have a ball
if we get down and go out, and just lose it all
i feel, stressed out, i wanna let it go
let's go way out, spaced out, and losin' all control

fill up my cup, mazel tov
look at her dancin', just take it, off (a fee-)
let's paint the town, we'll shut it down
let's burn the roof, and then we'll do it again

let's do it, let's do it, let's do it, let's do it
and do it, and do it, let's live it up
and do it, and do it, and do it, do it, do it
let's do it, let's do it, let's do it

'cause i gotta feeling (woo-hoo)
that tonight's gonna be a good night
that tonight's gonna be a good night
that tonight's gonna be a good, good night

a feeling (woo-hoo)
that tonight's gonna be a good night
that tonight's gonna be a good night
that tonight's gonna be a good, good night (a fee-)

tonight's the night (hey), let's live it up (let's live it up)
i got my money (i'm paid), let's spend it up (let's spend it up)
go out and smash it (smash it), like, ""oh my god"" (like, ""oh my god!"")
jump out that sofa (come on), let's kick it, off (a fee-)

fill up my cup (drink), mazel tov (l'chaim)
look at her dancing (move it, move it), just take it, off (a fee-)
let's paint the town (paint the town), we'll shut it down (shut it down)
let's burn the roof (ooh-woo), and then we'll do it again

let's do it, let's do it, let's do it, (let's do it) let's do it
and do it (do it), and do it, let's live it up
and do it (do it), and do it (and do it)
and do it, do it, do it (and do it)
let's do it (and do it), let's do it (and do it)
let's do it (hey), do it (hey), do it (hey), do it

here we come, here we go, we gotta rock
easy come, easy go, now we on top
feel the shot, body rock, rock it, don't stop
round and round, up and down, around the clock
monday, tuesday, wednesday and thursday (do it)
friday, saturday, saturday to sunday (do it)
get, get, get, get, get with us, you know what we say (say)
party every day, p-p-p-party every day

and i'm feeling (woo-hoo)
that tonight's gonna be a good night
that tonight's gonna be a good night
that tonight's gonna be a good, good night

a feeling (woo-hoo)
that tonight's gonna be a good night
that tonight's gonna be a good night
that tonight's gonna be a good, good night
(woo-hoo)",598,144,0.7592,8.4225,0.2408,1,0,0.9987,0.192,0.007,0.9987
1c8gk2PeTE04A1pIDH9YMk,"there's a fire starting in my heart
reaching a fever pitch, it's bringing me out the dark
finally i can see you crystal clear
go ahead and sell me out and i'll lay your ship bare

see how i'll leave with every piece of you
don't underestimate the things that i will do
there's a fire starting in my heart
reaching a fever pitch and it's bringing me out the dark

the scars of your love remind me of us
they keep me thinking that we almost had it all
the scars of your love they leave me breathless
i can't help feeling

we could've had it all (you're gonna wish you)
(never had met me)
rolling in the deep (tears are gonna fall)
(rolling in the deep)

you had my heart inside (you're gonna wish you)
of your hands (never had met me)
and you played it (tears are gonna fall)
to the beat (rolling in the deep)

baby, i have no story to be told
but i've heard one on you, now i'm gonna make your head burn
think of me in the depths of your despair
make a home down there, as mine sure won't be shared

(you're gonna wish you)
the scars of your love (never had met me)
remind me of us (tears are gonna fall)
they keep me thinking (rolling in the deep)
that we almost had it all (you're gonna wish you)
the scars of your love (never had met me)
they leave me breathless (tears are gonna fall)
i can't help feeling (rolling in the deep)

we could've had it all (you're gonna wish you)
(never had met me)
rolling in the deep (tears are gonna fall)
(rolling in the deep)

you had my heart inside (you're gonna wish you)
of your hands (never had met me)
and you played it (tears are gonna fall)
to the beat (rolling in the deep)

we could've had it all
rolling in the deep
you had my heart inside of your hand
but you played it with a beating

throw your soul through every open door (whoa)
count your blessings to find what you look for (whoa)
turn my sorrow into treasured gold (whoa)
you pay me back in kind and reap just what you've sown

(you're gonna wish you never had met me)
we could've had it all (tears are gonna fall, rolling in the deep)
we could've had it all (you're gonna wish you never had met me)
it all, it all, it all (tears are gonna fall, rolling in the deep)

we could've had it all (you're gonna wish you)
(never had met me)
rolling in the deep (tears are gonna fall)
(rolling in the deep)

you had my heart inside (you're gonna wish you)
of your hands (never had met me)
and you played it (tears are gonna fall)
to the beat (rolling in the deep)

could've had it all (you're gonna wish you)
(never had met me)
rolling in the deep (tears are gonna fall)
(rolling in the deep)

you had my heart inside (you're gonna wish you)
of your hands (never had met me)
but you played it, you played it, you played it
you played it to the beat",541,139,0.7431,7.9559,0.2569,16,0,0.9984,0.206,0.083,0.9984
5jzKL4BDMClWqRguW5qZvh,"you think i'm pretty without any makeup on
you think i'm funny when i tell the punch line wrong
i know you get me, so i let my walls come down, down
before you met me
i was alright, but things were kinda heavy
you brought me to life, now every february
you'll be my valentine, valentine

let's go all the way tonight
no regrets, just love
we can dance, until we die
you and i, will be young forever

you make me
feel like i'm livin' a teenage dream
the way you turn me on, i can't sleep
let's run away and don't ever look back, don't ever look back
my heart stops
when you look at me, just one touch
now, baby, i believe this is real
so take a chance and don't ever look back, don't ever look back

we drove to cali and got drunk on the beach
got a motel and built a fort out of sheets
i finally found you, my missing puzzle piece
i'm complete

let's go all the way tonight
no regrets, just love
we can dance until we die
you and i, will be young forever

you make me
feel like i'm livin' a teenage dream
the way you turn me on, i can't sleep
let's run away and don't ever look back, don't ever look back
my heart stops
when you look at me, just one touch
now baby i believe this is real
so take a chance and don't ever look back, don't ever look back

i'ma get your heart racing in my skin-tight jeans
be your teenage dream tonight
let you put your hands on me in my skin-tight jeans
be your teenage dream tonight
(tonight, tonight, tonight, tonight, tonight, tonight)

(you make me feel) you make me
feel like i'm livin' a teenage dream
the way you turn me on, i can't sleep
let's run away and don't ever look back, don't ever look back (no)
my heart stops
when you look at me, just one touch
now, baby, i believe this is real (oh)
so take a chance and don't ever look back, don't ever look back

i'ma get your heart racing in my skin-tight jeans
be your teenage dream tonight
let you put your hands on me in my skin-tight jeans
be your teenage dream tonight
(tonight, tonight, tonight, tonight, tonight, tonight)",397,131,0.67,7.4906,0.33,7,0,0.9965,0.184,0.051,0.9965
15JINEqzVMv3SvJTAXAKED,"just gonna stand there and watch me burn?
well, that's alright because i like the way it hurts
just gonna stand there and hear me cry?
well, that's alright because i love the way you lie

i love the way you lie

i can't tell you what it really is, i can only tell you what it feels like
and right now, there's a steel knife in my windpipe
i can't breathe, but i still fight while i can fight
as long as the wrong feels right, it's like i'm in flight

high off of love, drunk from my hate, it's like i'm huffing paint
and i love her the more i suffer, i suffocate
and right before i'm about to drown, she resuscitates me
she fuckin' hates me, and i love it

""wait! where you going?"" ""i'm leaving you""
""no, you ain't, come back,"" we're running right back, here we go again
it's so insane 'cause when it's going good, it's going great
i'm superman with the wind at his back, she's lois lane

but when it's bad, it's awful, i feel so ashamed
i snapped, ""who's that dude?"" i don't even know his name
i laid hands on her, i'll never stoop so low again
i guess i don't know my own strength

just gonna stand there and watch me burn?
well, that's alright because i like the way it hurts
just gonna stand there and hear me cry?
well, that's alright because i love the way you lie

i love the way you lie
i love the way you lie

you ever loved somebody so much
you can barely breathe when you're with 'em?
you meet and neither one of you even know what hit 'em
got that warm fuzzy feeling, yeah, them chills, used to get 'em
now you're getting fuckin' sick of looking at 'em

you swore you'd never hit 'em, never do nothing to hurt 'em
now you're in each other's face
spewin' venom in your words when you spit 'em
you push, pull each other's hair, scratch, claw, bit 'em
throw 'em down, pin 'em, so lost in the moments when you're in 'em

it's the rage that took over, it controls you both
so they say, yeah, best to go your separate ways
guess that they don't know you 'cause today, that was yesterday
yesterday is over, it's a different day, sound like broken records playin' over

but you promised her next time, you'll show restraint
you don't get another chance, life is no nintendo game
but you lied again, now you get to watch her leave out the window
guess that's why they call it windowpane

just gonna stand there and watch me burn?
well, that's alright because i like the way it hurts
just gonna stand there and hear me cry?
well, that's alright because i love the way you lie

i love the way you lie
i love the way you lie

now i know we said things, did things that we didn't mean
and we fall back into the same patterns, same routine
but your temper's just as bad as mine is
you're the same as me, when it comes to love, you're just as blinded

baby, please come back, it wasn't you, baby, it was me
maybe our relationship isn't as crazy as it seems
maybe that's what happens when a tornado meets a volcano
all i know is i love you too much to walk away

""wait up, come inside, pick up your bags off the sidewalk""
don't you hear sincerity in my voice when i talk?
told you this is my fault, look me in the eyeball
next time i'm pissed, i'll aim my fist at the drywall

""next time? there will be no next time""
i apologize, even though i know it's lies
i'm tired of the games, i just want her back
i know i'm a liar, if she ever tries to fucking leave again
i'ma tie her to the bed and set this house on fire

just gonna stand there and watch me burn?
well, that's alright because i like the way it hurts
just gonna stand there and hear me cry?
well, that's alright, because i love the way you lie

i love the way you lie
i love the way you lie",722,298,0.5873,9.7568,0.4127,11,0,0.9936,0.203,0.151,0.9936
6qn9YLKt13AGvpq9jfO8py,"yellow diamonds in the light
now we're standing side by side
as your shadow crosses mine
what it takes to come alive

it's the way i'm feeling i just can't deny
but i've gotta let it go

we found love in a hopeless place
we found love in a hopeless place
we found love in a hopeless place
we found love in a hopeless place

shine a light through an open door
love and life i will divide
turn away 'cause i need you more
feel the heartbeat in my mind

it's the way i'm feeling i just can't deny
but i've gotta let it go

we found love in a hopeless place
we found love in a hopeless place
we found love in a hopeless place
we found love in a hopeless place

yellow diamonds in the light
now we're standing side by side
as your shadow crosses mine (mine, mine, mine)

we found love in a hopeless place
we found love in a hopeless place
we found love in a hopeless place
we found love in a hopeless place

we found love in a hopeless place
we found love in a hopeless place
we found love in a hopeless place
we found love in a hopeless place",209,62,0.7033,6.7419,0.2967,16,0,0.9947,0.314,0.187,0.9947
4wCmqSrbyCgxEXROQE6vtV,"now and then, i think of when we were together
like when you said you felt so happy you could die
told myself that you were right for me
but felt so lonely in your company
but that was love, and it's an ache i still remember

you can get addicted to a certain kinda sadness
like resignation to the end, always the end
so when we found that we could not make sense
well, you said that we would still be friends
but i'll admit that i was glad it was over

but you didn't have to cut me off
make out like it never happened and that we were nothin'
and i don't even need your love
but you treat me like a stranger, and that feels so rough

no, you didn't have to stoop so low
have your friends collect your records and then change your number
guess that i don't need that, though
now you're just somebody that i used to know

now you're just somebody that i used to know
now you're just somebody that i used to know

now and then, i think of all the times you screwed me over
but had me believin' it was always somethin' that i'd done
but i don't wanna live that way
readin' into every word you say
you said that you could let it go
and i wouldn't catch you hung up on somebody that you used to know

but you didn't have to cut me off
make out like it never happened and that we were nothin' (ah)
and i don't even need your love
but you treat me like a stranger, and that feels so rough (ah)

no, you didn't have to stoop so low
have your friends collect your records and then change your number (ah)
guess that i don't need that, though
now you're just somebody that i used to know

somebody (i used to know)
somebody (now you're just somebody that i used to know)
somebody (i used to know)
somebody (now you're just somebody that i used to know)
(i used to know)
(that i used to know)
(i used to know)
somebody",363,122,0.6639,8.6429,0.3361,6,0,0.9922,0.169,0.068,0.9922
0IkKz2J93C94Ei4BvDop7P,"party rock!
yeah
woo!
let's go

party rock is in the house tonight
everybody just have a good time (yeah)
and we gon' make you lose your mind (woo)
everybody just have a good time (clap)

party rock is in the house tonight (oh)
everybody just have a good time (i can feel it, babe)
and we gon' make you lose your mind (yeah)
we just wanna see you
shake that!

in the club, party rock
looking for your girl? she on my jock (huh)
non-stop when we in the spot
booty moving weight like she on the block (woo)

where the drink? i gots to know
tight jeans, tattoos, 'cause i'm rock 'n' roll
half black, half white, domino
gain the money, oprah dough

yo, i'm runnin' through these hoes like drano
i got that devilish flow rock 'n' roll, no halo
we party rock!
yeah, that's the crew that i'm reppin'
on the rise to the top, no led in our zeppelin (hey)

party rock is in the house tonight (woo)
everybody just have a good time (yeah)
and we gon' make you lose your mind
everybody just have a good time (let's go)

party rock is in the house tonight
everybody just have a good time (i can feel it, babe)
and we gon' make you lose your mind
we just wanna see you
shake that!

everyday, i'm shufflin'

shufflin', shufflin'

step up fast and be the first girl to make me throw this cash
we gettin' money, don't be mad, now stop, hating is bad
one more shot for us (another round)
please fill up my cup (don't mess around)
we just wanna see (you shake it now)
now you home with me (you're naked now)

get up, get down
put your hands up to the sound
get up, get down
put your hands up to the sound

get up, get down
put your hands up to the sound (woo)
put your hands up to the sound
put your hands up to the sound

get up, get up, get up, get up
get up, get up, get up, get up
get up, put your hands up to the sound, to the sound
put your hands up, put your hands up
put your hands up, put your hands up

party rock is in the house tonight (put your hands up, oh)
everybody just have a good time (put your hands up, yeah)
and we gon' make you lose your mind (put your hands up)
everybody just have a good, good, good, time

oh-oh-oh-oh-oh (put your hands up)
oh-oh-oh-oh-oh (i can feel it, babe)
oh-oh-oh-oh-oh (put your hands up)
oh-oh-oh-oh-oh (put your hands up)
shake that!

everyday i'm shuff-fflin'
put your, put your
put your, put your (yeah)
put your, put your (ooh)
your hands up

put your, put your
put your hands up
put your hands up
put your hands up",484,158,0.6736,6.5405,0.3264,0,0,0.9952,0.176,0.07,0.9952
6CjtS2JZH9RkDz5UVInsa9,"hey, macklemore, can we go thrift shopping?
what? what? what? what?
what? what? what? what?
what? what? what? what?
what? what? what? what?
what? what? what? what?
what? what? what? what?
what? what? what? what?
what? what? what? what?
oh!
oh!
ow!

i'm gonna pop some tags
only got 20 dollars in my pocket
i'm, i'm, i'm hunting, looking for a come up
this is fucking awesome

now, walk into the club like, ""what up? i got a big cock""
nah, i'm just pumped, i bought some shit from a thrift shop
ice on the fringe is so damn frosty
the people like, ""damn, that's a cold-ass honky""
rolling in hella deep, headed to the mezzanine
dressed in all pink 'cept my gator shoes, those are green
draped in a leopard mink, girl standing next to me
probably shoulda washed this, smells like r. kelly's sheets (piss)
but shit, it was 99 cents (bag it)

copping it, washing it, 'bout to go and get some compliments
passing up on those moccasins, someone else's been walking in
bummy and grudgy, fucking it, i am stunting and flossing and
saving my money and i'm hella happy, that's a bargain bitch
i'ma take your grandpa's style
i'ma take your grandpa's style
no, for real, ask your grandpa
can i have his hand-me-downs? (thank you)

velour jumpsuit and some house slippers
dookie brown leather jacket that i found, dig it
they had a broken keyboard, i bought a broken keyboard
i bought a skeet blanket, then i bought a knee board (yeah)
hello, hello, my ace man, my mello
john wayne ain't got nothing on my fringe game, hell no
i could take some pro wings, make 'em cool, sell those
the sneaker heads would be like, ""ah, he got the velcros""

i'm gonna pop some tags
only got 20 dollars in my pocket
i'm, i'm, i'm hunting, looking for a come up
this is fucking awesome, ow

i'm gonna pop some tags
only got 20 dollars in my pocket
i'm, i'm, i'm hunting, looking for a come up
this is fucking awesome

what you know about rocking a wolf on your noggin?
what you knowing about wearing a fur fox skin?
i'm digging, i'm digging, i'm searching right through that luggage
one man's trash, that's another man's come up
thank your granddad for donating that plaid button
up shirt, 'cause right now, i'm up in here stuntin'
i'm at the goodwill, you can find me in the (bins)
i'm not, i'm not stuck on searchin' in that section (men's)

your grammy, your aunty, your momma, your mammy
i'll take those flannel zebra jammies, secondhand and rock that motherfucker
the built-in onesie with the socks on that motherfucker
i hit the party and they stop in that motherfucker
they be like, ""oh that gucci, that's hella tight""
i'm like, ""yo, that's 50 dollars for a t-shirt""

limited edition, let's do some simple addition
50 dollars for a t-shirt, that's just some ignorant bitch shit
i call that getting swindled and pimped, shit
i call that getting tricked by a business, that shirt's hella dough
and having the same one as six other people in this club is a hella don't
peep game, come take a look through my telescope
trying to get girls from a brand, man, you hella won't
man, you hella won't
(goodwill, poppin' tags, yeah)

i'm gonna pop some tags
only got 20 dollars in my pocket
i'm, i'm, i'm hunting, looking for a come up
this is fucking awesome

i'll wear your granddad's clothes
i look incredible
i'm in this big-ass coat
from that thrift shop down the road
i'll wear your granddad's clothes (damn right)
i look incredible (uh, come on, man)
i'm in this big-ass coat (big ass coat)
from that thrift shop down the road (let's go, we coming)

i'm gonna pop some tags
only got 20 dollars in my pocket
i'm, i'm, i'm hunting, looking for a come up
this is fucking awesome (hahaha)

(is that your grandma's coat?)",673,309,0.5409,7.5618,0.4591,4,15,-0.9558,0.097,0.118,0.9558
03UrZgTINDqvnUMbbIMhql,"오빤 강남스타일
강남스타일

낮에는 따사로운 인간적인 여자
커피 한 잔의 여유를 아는 품격 있는 여자
밤이 오면 심장이 뜨거워지는 여자
그런 반전 있는 여자

나는 사나이
낮에는 너만큼 따사로운 그런 사나이
커피 식기도 전에 원샷 때리는 사나이
밤이 오면 심장이 터져버리는 사나이
그런 사나이

아름다워 사랑스러워
그래, 너 (hey), 그래, 바로 너 (hey)
아름다워 사랑스러워
그래, 너 (hey), 그래, 바로 너 (hey)
지금부터 갈 데까지 가볼까

오빤 강남스타일 (uh)
강남스타일
오, 오, 오, 오, 오빤 강남스타일 (uh)
강남스타일
오, 오, 오, 오, 오빤 강남스타일

eh, sexy lady
오, 오, 오, 오, 오빤 강남스타일
eh, sexy lady
오, 오, 오, 오 (eh-eh-eh, eh-eh-eh)

정숙해 보이지만 놀 땐 노는 여자
이때다 싶으면 묶었던 머리 푸는 여자
가렸지만 웬만한 노출보다 야한 여자
그런 감각적인 여자

나는 사나이
점잖아 보이지만 놀 땐 노는 사나이
때가 되면 완전 미쳐버리는 사나이
근육보다 사상이 울퉁불퉁한 사나이
그런 사나이

아름다워 사랑스러워
그래, 너 (hey), 그래, 바로 너 (hey)
아름다워 사랑스러워
그래, 너 (hey), 그래, 바로 너 (hey)
지금부터 갈 데까지 가볼까

오빤 강남스타일 (uh)
강남스타일
오, 오, 오, 오, 오빤 강남스타일 (uh)

강남스타일
오, 오, 오, 오, 오빤 강남스타일

eh, sexy lady
오, 오, 오, 오, 오빤 강남스타일
eh, sexy lady
오, 오, 오, 오 (eh-eh-eh, eh-eh-eh)

뛰는 놈 그 위에 나는 놈
baby, baby, 나는 뭘 좀 아는 놈
뛰는 놈 그 위에 나는 놈
baby, baby, 나는 뭘 좀 아는 놈
you know what i'm saying
오빤 강남스타일 (eh-eh-eh, eh-eh-eh)

eh, sexy lady
오, 오, 오, 오, 오빤 강남스타일
eh, sexy lady
오, 오, 오, 오 (eh-eh-eh, eh-eh-eh)

오빤 강남스타일 (uh)",255,81,0.6824,4.322,0.3176,0,0,0.9657,0.076,0.0,0.9657
3TGRqZ0a2l1LRblBkJoaDx,"i threw a wish in the well
don't ask me, i'll never tell
i looked to you as it fell
and now you're in my way
i trade my soul for a wish
pennies and dimes for a kiss
i wasn't looking for this
but now you're in my way

your stare was holdin'
ripped jeans, skin was showin'
hot night, wind was blowin'
where you think you're goin', baby?

hey, i just met you, and this is crazy
but here's my number, so call me, maybe
it's hard to look right at you, baby
but here's my number, so call me, maybe
hey, i just met you, and this is crazy
but here's my number, so call me, maybe
and all the other boys try to chase me
but here's my number, so call me, maybe

you took your time with the call
i took no time with the fall
you gave me nothing at all
but still, you're in my way
i beg and borrow and steal
at first sight, and it's real
i didn't know i would feel it
but it's in my way

your stare was holdin'
ripped jeans, skin was showin'
hot night, wind was blowin'
where you think you're goin', baby?

hey, i just met you, and this is crazy
but here's my number, so call me, maybe
it's hard to look right at you, baby
but here's my number, so call me, maybe
hey, i just met you, and this is crazy
but here's my number, so call me, maybe
and all the other boys try to chase me
but here's my number, so call me, maybe

before you came into my life, i missed you so bad
i missed you so bad, i missed you so, so bad
before you came into my life, i missed you so bad
and you should know that
i missed you so, so bad
(bad, bad, bad, bad, bad, bad)

it's hard to look right at you, baby
but here's my number, so call me, maybe

hey, i just met you, and this is crazy
but here's my number, so call me, maybe
and all the other boys try to chase me
but here's my number, so call me, maybe

before you came into my life, i missed you so bad
i missed you so bad, i missed you so, so bad
before you came into my life, i missed you so bad
and you should know that
so call me maybe",416,103,0.7524,7.2982,0.2476,1,0,-0.9991,0.044,0.255,0.9991
2dLLR6qlu5UJ5gk0dKz0h3,"i've never seen a diamond in the flesh
i cut my teeth on wedding rings in the movies
and i'm not proud of my address
in the torn-up town, no post code envy

but every song's like gold teeth, grey goose, trippin' in the bathroom
blood stains, ball gowns, trashin' the hotel room

we don't care, we're driving cadillacs in our dreams

but everybody's like cristal, maybach, diamonds on your time piece
jet planes, islands, tigers on a gold leash
we don't care, we aren't caught up in your love affair

and we'll never be royals (royals)
it don't run in our blood
that kind of lux just ain't for us
we crave a different kind of buzz
let me be your ruler (ruler)
you can call me queen bee
and baby i'll rule, i'll rule, i'll rule, i'll rule
let me live that fantasy

my friends and i? we've cracked the code
we count our dollars on the train to the party
and everyone who knows us knows that we're fine with this
we didn't come from money

but every song's like gold teeth, grey goose, trippin' in the bathroom
blood stains, ball gowns, trashin' the hotel room

we don't care, we're driving cadillacs in our dreams

but everybody's like cristal, maybach, diamonds on your time piece
jet planes, islands, tigers on a gold leash
we don't care we aren't caught up in your love affair

and we'll never be royals (royals)
it don't run in our blood
that kind of lux just ain't for us
we crave a different kind of buzz
let me be your ruler (ruler)
you can call me queen bee
and baby i'll rule, i'll rule, i'll rule, i'll rule
let me live that fantasy

oooh ooooh ohhh

we're bigger than we ever dreamed
and i'm in love with being queen
oooooh ooooh ohhhhh
life is great without a care
we aren't caught up in your love affair
and we'll never be royals (royals)
it don't run in our blood
that kind of lux just ain't for us
we crave a different kind of buzz
let me be your ruler (ruler)
you can call me queen bee
and baby i'll rule, i'll rule, i'll rule, i'll rule
let me live that fantasy",378,135,0.6429,7.56,0.3571,6,0,0.9919,0.14,0.057,0.9919
0nrRP2bk19rLc0orkWPQk2,"feeling my way through the darkness
guided by a beating heart
i can't tell where the journey will end
but i know where to start

they tell me i'm too young to understand
they say i'm caught up in a dream
well life will pass me by if i don't open up my eyes
well, that's fine by me

so wake me up when it's all over
when i'm wiser and i'm older
all this time, i was finding myself, and i
didn't know i was lost

so wake me up when it's all over
when i'm wiser and i'm older
all this time, i was finding myself, and i
didn't know i was lost

i tried carrying the weight of the world
but i only have two hands
hope i get the chance to travel the world
but i don't have any plans

wish that i could stay forever this young
not afraid to close my eyes
life's a game made for everyone
and love is the prize

so wake me up when it's all over
when i'm wiser and i'm older
all this time, i was finding myself, and i
didn't know i was lost

so wake me up when it's all over
when i'm wiser and i'm older
all this time, i was finding myself, and i
didn't know i was lost

i didn't know i was lost
i didn't know i was lost
i didn't know i was lost
i didn't know, i didn't know, i didn't know",252,91,0.6389,7.0,0.3611,4,0,0.9775,0.161,0.074,0.9775
69kOkLUCkxIZYexIgSG8rq,"like the legend of the phoenix, huh
our ends were beginnings
what keeps the planet spinning? ah
the force from the beginning
look

we've come too far
to give up who we are
so let's raise the bar
and our cups to the stars

she's up all night 'til the sun
i'm up all night to get some
she's up all night for good fun
i'm up all night to get lucky

we're up all night 'til the sun
we're up all night to get some
we're up all night for good fun
we're up all night to get lucky

we're up all night to get lucky
we're up all night to get lucky
we're up all night to get lucky
we're up all night to get lucky

the present has no rhythm
your gift keeps on giving
what is this i'm feeling?
if you want to leave, i'm with it

we've come too far
to give up who we are
so let's raise the bar
and our cups to the stars

she's up all night 'til the sun
i'm up all night to get some
she's up all night for good fun
i'm up all night to get lucky

we're up all night 'til the sun
we're up all night to get some
we're up all night for good fun
we're up all night to get lucky

we're up all night to get lucky
we're up all night to get lucky
we're up all night to get lucky
we're up all night to get lucky

we're up all night to get-
we're up all night to get-
we're up all night to get-
we're up all night to get-

we're up all night to get-
we're up all night to get-
we're up all night to get lucky
we're up all night to get lucky

we're up all night to get lucky
we're up all night to get lucky
we're up all night to get lucky
we're up all night to get lucky

we're up all night to get lucky
we're up all night to get lucky
we're up all night to get lucky
we're up all night to get lucky

we've come too far
to give up who we are
so let's raise the bar
and our cups to the stars

she's up all night 'til the sun
i'm up all night to get some
she's up all night for good fun
i'm up all night to get lucky

we're up all night 'til the sun
we're up all night to get some
we're up all night for good fun
we're up all night to get lucky

we're up all night to get lucky
we're up all night to get lucky
we're up all night to get lucky
we're up all night to get lucky

we're up all night to get lucky
we're up all night to get lucky
we're up all night to get lucky
we're up all night to get lucky",495,67,0.8646,6.4286,0.1354,32,0,0.999,0.235,0.006,0.999
5xTtaWoae3wi06K5WfVUUH,"i stay out too late
got nothing in my brain
that's what people say, mm-mm
that's what people say, mm-mm

i go on too many dates
but i can't make 'em stay
at least that's what people say, mm-mm
that's what people say, mm-mm

but i keep cruisin'
can't stop, won't stop movin'
it's like i got this music in my mind
sayin' it's gonna be alright

'cause the players gonna play, play, play, play, play
and the haters gonna hate, hate, hate, hate, hate
baby, i'm just gonna shake, shake, shake, shake, shake
i shake it off, i shake it off (hoo-hoo-hoo)
heartbreakers gonna break, break, break, break, break
and the fakers gonna fake, fake, fake, fake, fake
baby, i'm just gonna shake, shake, shake, shake, shake
i shake it off, i shake it off (hoo-hoo-hoo)

i never miss a beat
i'm lightnin' on my feet
and that's what they don't see, mm-mm
that's what they don't see, mm-mm

i'm dancin' on my own (dancin' on my own)
i make the moves up as i go (moves up as i go)
and that's what they don't know, mm-mm
that's what they don't know, mm-mm

but i keep cruisin'
can't stop, won't stop groovin'
it's like i got this music in my mind
sayin' it's gonna be alright

'cause the players gonna play, play, play, play, play
and the haters gonna hate, hate, hate, hate, hate
baby, i'm just gonna shake, shake, shake, shake, shake
i shake it off, i shake it off (hoo-hoo-hoo)
heartbreakers gonna break, break, break, break, break
and the fakers gonna fake, fake, fake, fake, fake
baby, i'm just gonna shake, shake, shake, shake, shake
i shake it off, i shake it off (hoo-hoo-hoo)

shake it off, i shake it off
i, i, i shake it off, i shake it off
i, i, i shake it off, i shake it off
i, i, i shake it off, i shake it off (hoo-hoo-hoo)

hey, hey, hey
just think, while you've been gettin' down and out about the liars
and the dirty, dirty cheats of the world
you could've been gettin' down to this sick beat

my ex-man brought his new girlfriend
she's like, ""oh my god!"" but i'm just gonna shake
and to the fella over there with the hella good hair
won't you come on over, baby? we can shake, shake, shake (yeah)
yeah, oh, oh

'cause the players gonna play, play, play, play, play
and the haters gonna hate, hate, hate, hate, hate (haters gonna hate)
baby, i'm just gonna shake, shake, shake, shake, shake
i shake it off, i shake it off (hoo-hoo-hoo)
heartbreakers gonna break, break, break, break, break (mmm)
and the fakers gonna fake, fake, fake, fake, fake (and fake and fake and fake)
baby, i'm just gonna shake, shake, shake, shake, shake
i shake it off, i shake it off (hoo-hoo-hoo)

shake it off, i shake it off
i, i, i shake it off, i shake it off
i, i, i shake it off, i shake it off
i, i, i shake it off (yeah), i shake it off (hoo-hoo-hoo)

shake it off, i shake it off
i, i, i shake it off, i shake it off (you got to)
i, i, i shake it off, i shake it off
i, i, i shake it off, i shake it off",559,137,0.7549,8.1014,0.2451,36,0,-0.9998,0.098,0.417,0.9998
1Slwb6dOYkBlWal1PGtnNg,"when your legs don't work like they used to before
and i can't sweep you off of your feet

will your mouth still remember the taste of my love?
will your eyes still smile from your cheeks?

and, darling, i will
be loving you 'til we're 70

and, baby, my heart
could still fall as hard at 23

and i'm thinking 'bout how

people fall in love in mysterious ways
maybe just the touch of a hand
well, me, i fall in love with you every single day
and i just wanna tell you i am

so, honey, now
take me into your loving arms

kiss me under the light of a thousand stars
place your head on my beating heart
i'm thinking out loud
maybe we found love right where we are

when my hair's all but gone and my memory fades
and the crowds don't remember my name
when my hands don't play the strings the same way, mhm
i know you will still love me the same

'cause, honey, your soul
could never grow old, it's evergreen

and, baby, your smile's
forever in my mind and memory
i'm thinking 'bout how

people fall in love in mysterious ways
and maybe it's all part of a plan
well, i'll just keep on making the same mistakes
hoping that you'll understand

that, baby, now
take me into your loving arms

kiss me under the light of a thousand stars
place your head on my beating heart
i'm thinking out loud
and maybe we found love right where we are, oh-oh

so, baby, now
take me into your loving arms
kiss me under the light of a thousand stars
oh, darling, place your head on my beating heart
i'm thinking out loud
that maybe we found love right where we are

oh, baby, we found love right where we are
and we found love right where we are",318,130,0.5912,6.913,0.4088,3,0,0.999,0.295,0.021,0.999
32OlwWuMpZ6b0aN2RZOeMS,"this hit, that ice cold
michelle pfeiffer, that white gold
this one for them hood girls
them good girls straight masterpieces
stylin', wilin', livin' it up in the city
got chucks on with saint laurent
got kiss myself, i'm so pretty

i'm too hot (hot damn)
called a police and a fireman
i'm too hot (hot damn)
make a dragon wanna retire man
i'm too hot (hot damn)
say my name you know who i am
i'm too hot (hot damn)
am i bad 'bout that money, break it down

girls hit your hallelujah (whoo)
girls hit your hallelujah (whoo)
girls hit your hallelujah (whoo)
'cause uptown funk gon' give it to you
'cause uptown funk gon' give it to you
'cause uptown funk gon' give it to you
saturday night and we in the spot
don't believe me just watch (come on)

don't believe me just watch uh

don't believe me just watch
don't believe me just watch
don't believe me just watch
don't believe me just watch
hey, hey, hey, oh

stop, wait a minute
fill my cup, put some liquor in it
take a sip, sign a check
julio, get the stretch
ride to harlem, hollywood
jackson, mississippi
if we show up, we gon' show out
smoother than a fresh jar of skippy

i'm too hot (hot damn)
called a police and a fireman
i'm too hot (hot damn)
make a dragon wanna retire man
i'm too hot (hot damn)
bitch say my name you know who i am
i'm too hot (hot damn)
am i bad 'bout that money
break it down

girls hit your hallelujah (whoo)
girls hit your hallelujah (whoo)
girls hit your hallelujah (whoo)
'cause uptown funk gon' give it to you
'cause uptown funk gon' give it to you
'cause uptown funk gon' give it to you
saturday night and we in the spot
don't believe me just watch (come on)

don't believe me just watch uh

don't believe me just watch uh
don't believe me just watch uh
don't believe me just watch
don't believe me just watch
hey, hey, hey, oh

before we leave
lemmi tell y'all a lil' something
uptown funk you up
uptown funk you up
uptown funk you up
uptown funk you up uh
i said uptown funk you up
uptown funk you up
uptown funk you up
uptown funk you up

come on, dance, jump on it
if you sexy then flaunt it
if you freaky then own it
don't brag about it, come show me

come on, dance
jump on it
if you sexy then flaunt it
well it's saturday night and we in the spot
don't believe me just watch come on!

don't believe me just watch uh

don't believe me just watch uh
don't believe me just watch uh
don't believe me just watch
don't believe me just watch
hey, hey, hey, oh

uptown funk you up
uptown funk you up (say what?)
uptown funk you up
uptown funk you up
uptown funk you up
uptown funk you up (say what?)
uptown funk you up
uptown funk you up
uptown funk you up
uptown funk you up (say what?)
uptown funk you up
uptown funk you up
uptown funk you up
uptown funk you up (say what?)
uptown funk you up",548,145,0.7354,5.48,0.2646,29,9,0.9543,0.085,0.063,0.9543
62PaSfnXSMyLshYJrlTuL3,"hello, it's me
i was wondering if after all these years you'd like to meet
to go over everything
they say that time's supposed to heal ya, but i ain't done much healing

hello, can you hear me?
i'm in california dreaming about who we used to be
when we were younger and free
i've forgotten how it felt before the world fell at our feet

there's such a difference between us
and a million miles

hello from the other side

i must've called a thousand times
to tell you i'm sorry for everything that i've done
but when i call, you never seem to be home

hello from the outside
at least i can say that i've tried
to tell you i'm sorry for breaking your heart
but it don't matter, it clearly doesn't tear you apart anymore

hello, how are you?
it's so typical of me to talk about myself, i'm sorry
i hope that you're well
did you ever make it out of that town where nothing ever happened?

it's no secret that the both of us
are running out of time

so hello from the other side (other side)
i must've called a thousand times (thousand times)
to tell you i'm sorry for everything that i've done
but when i call, you never seem to be home

hello from the outside (outside)
at least i can say that i've tried (i've tried)
to tell you i'm sorry for breaking your heart
but it don't matter, it clearly doesn't tear you apart anymore

(highs, highs, highs, highs)
ooh (lows, lows, lows, lows), anymore
(highs, highs, highs, highs)
ooh (lows, lows, lows, lows), anymore
(highs, highs, highs, highs)
ooh (lows, lows, lows, lows), anymore
(highs, highs, highs, highs)
anymore (lows, lows, lows, lows)

hello from the other side (other side)
i must've called a thousand times (thousand times)
to tell you i'm sorry for everything that i've done
but when i call, you never seem to be home

hello from the outside (outside)
at least i can say that i've tried (i've tried)
to tell you i'm sorry for breaking your heart

but it don't matter, it clearly doesn't tear you apart anymore",365,134,0.6329,7.6042,0.3671,9,0,-0.9175,0.072,0.15,0.9175
0wwPcA6wtMf6HUMpIRdeP7,"you used to call me on my
you used to, you used to
yeah

you used to call me on my cell phone
late night when you need my love
call me on my cell phone
late night when you need my love
and i know when that hotline bling
that can only mean one thing
i know when that hotline bling
that can only mean one thing

ever since i left the city, you
got a reputation for yourself now
everybody knows and i feel left out
girl you got me down, you got me stressed out
cause ever since i left the city, you
started wearing less and goin' out more
glasses of champagne out on the dance floor
hangin' with some girls i've never seen before

you used to call me on my cell phone
late night when you need my love
call me on my cell phone
late night when you need my love
i know when that hotline bling
that can only mean one thing
i know when that hotline bling
that can only mean one thing

ever since i left the city, you, you, you
you and me, we just don't get along
you make me feel like i did you wrong
going places where you don't belong
ever since i left the city, you
you got exactly what you asked for
running out of pages in your passport
hanging with some girls i've never seen before

you used to call me on my cell phone
late night when you need my love
call me on my cell phone
late night when you need my love
and i know when that hotline bling
that can only mean one thing
i know when that hotline bling
that can only mean one thing

these days, all i do is
wonder if you're bendin' over backwards for someone else
wonder if you're rolling up a backwoods for someone else
doing things i taught you, gettin' nasty for someone else
you don't need no one else
you don't need nobody else, no
why you never alone
why you always touching road
used to always stay at home, be a good girl
you was in the zone, yeah
you should just be yourself
right now, you're someone else

you used to call me on my cell phone
late night when you need my love
call me on my cell phone
late night when you need my love
and i know when that hotline bling
that can only mean one thing
i know when that hotline bling
that can only mean one thing

ever since i left the city...",439,128,0.7084,6.8594,0.2916,8,0,0.99,0.103,0.024,0.99
2JzZzZUQj3Qff7wapcbKjc,"it's been a long day without you, my friend
and i'll tell you all about it when i see you again
we've come a long way from where we began
oh, i'll tell you all about it when i see you again
when i see you again

damn, who knew?
all the planes we flew, good things we been through
that i'd be standing right here talking to you
'bout another path, i know we loved to hit the road and laugh
but something told me that it wouldn't last
had to switch up, look at things different, see the bigger picture
those were the days, hard work forever pays
now i see you in a better place (see you in a better place)
uh

how can we not talk about family when family's all that we got?
everything i went through, you were standing there by my side
and now you gon' be with me for the last ride

it's been a long day without you, my friend
and i'll tell you all about it when i see you again (i'll see you again)
we've come a long way (yeah, we came a long way)
from where we began (you know we started)
oh, i'll tell you all about it when i see you again (i'll tell you)
when i see you again

first, you both go out your way and the vibe is feeling strong
and what's small turned to a friendship, a friendship turned to a bond
and that bond will never be broken, the love will never get lost
(the love will never get lost)
and when brotherhood come first, then the line will never be crossed
established it on our own when that line had to be drawn
and that line is what we reached, so remember me when i'm gone
(remember me when i'm gone)

how can we not talk about family when family's all that we got?
everything i went through you were standing there by my side
and now you gon' be with me for the last ride

so let the light guide your way, yeah
hold every memory as you go
and every road you take
will always lead you home, home

it's been a long day without you, my friend
and i'll tell you all about it when i see you again
we've come a long way from where we began
oh, i'll tell you all about it when i see you again
when i see you again

when i see you again (yeah, uh)
see you again (yeah, yeah, yeah)

when i see you again",436,163,0.6261,9.4783,0.3739,13,1,0.9951,0.137,0.025,0.9951
72TFWvU3wUYdUuxejTTIzt,"work, work, work, work, work, work
he said me haffi
work, work, work, work, work, work
he see me do mi
dirt, dirt, dirt, dirt, dirt, dirt
so me put in
work, work, work, work, work, work

when you ah guh
learn, learn, learn, learn, learn
meh nuh cyar if him
hurt, hurt, hurt, hurt, hurting

dry me ah desert him
nuh time to have you lurking
him ah go act like he nah like it
you know i dealt with you the nicest
nuh body touch me in the righteous
nuh botha text me in a crisis

i believed all of your dreams, adoration
you took my heart and my keys and my patience
you took my heart on my sleeve for decoration
you mistaken my love i brought for you for foundation

all that i wanted from you was to give me
something that i never had
something that you've never seen
something that you've never been
mmm-mmm
but i wake up and act like nothing's wrong
just get ready fi

work, work, work, work, work, work
he said me haffi
work, work, work, work, work, work
he see me do mi
dirt, dirt, dirt, dirt, dirt, dirt
so me put in
work, work, work, work, work, work

ner ner ner ner ner ner
when you a guh learn, learn learn, learn, learn
before the tables turn, turn, turn, turn, turn, turn

beg you something please
baby don't you leave
don't leave me stuck here in the streets, uh-huh
if i get another chance to
i will never, no never neglect you

i mean who am i to hold your past against you?
i just hope that it gets to you
i hope that you see this through
i hope that you see this true

what can i say?
please recognize i'm tryin' babe
i have fi

work, work, work, work, work, work
he said me haffi
work, work, work, work, work, work
he see me do mi
dirt, dirt, dirt, dirt, dirt, dirt
so me put in
work, work, work, work, work, work

when you ah guh
learn, learn, learn, learn, learn
meh nuh cyar if him
hurt, hurt, hurt, hurt, hurting

yeah, okay
you need to get done, done, done, done at work, come over
we just need to slow the motion
don't give that away to no one
long distance, i need you
when i see potential i just gotta see it through
if you had a twin, i would still choose you
i don't wanna rush into it, if it's too soon

but i know you need to get done, done, done, done
if you come over
sorry if i'm way less friendly
i got niggas tryna end me, oh
i spilled all my emotions tonight, i'm sorry
rollin', rollin', rollin', rollin', rollin'
how many more shots until you're rollin'?

we just need a face to face
you could pick the time and the place
you spent some time away
now you need to forward and give me all the

work, work, work, work, work, work
he said me haffi
work, work, work, work, work, work
he see me do mi
dirt, dirt, dirt, dirt, dirt, dirt
so me put in
work, work, work, work, work, work

when you ah guh
learn, learn, learn, learn, learn
meh nuh cyar if him
hurt, hurt, hurt, hurt, hurting

mmm-mmm-mmm
mmm-mmm-mmm
work, work, work, work, work, work
mmm-mmm-mmm",571,190,0.6673,6.0105,0.3327,79,0,-0.9971,0.094,0.204,0.9971
7BKLCZ1jbUBVqRi2FVlTVw,"hey, i was doing just fine before i met you
i drink too much and that's an issue, but i'm okay
hey, you tell your friends it was nice to meet them
but i hope i never see them again

i know it breaks your heart
moved to the city in a broke-down car, and
four years, no calls
now you're looking pretty in a hotel bar
and i can't stop
no, i can't stop

so, baby, pull me closer
in the backseat of your rover
that i know you can't afford
bite that tattoo on your shoulder

pull the sheets right off the corner
of the mattress that you stole
from your roommate back in boulder
we ain't ever getting older

we ain't ever getting older

we ain't ever getting older

you look as good as the day i met you
i forget just why i left you, i was insane
stay and play that blink-182 song
that we beat to death in tucson, okay

i know it breaks your heart
moved to the city in a broke-down car, and
four years, no call
now i'm looking pretty in a hotel bar
and i can't stop
no, i can't stop

so, baby, pull me closer
in the backseat of your rover
that i know you can't afford
bite that tattoo on your shoulder

pull the sheets right off the corner
of the mattress that you stole
from your roommate back in boulder
we ain't ever getting older

we ain't ever getting older

we ain't ever getting older

so, baby, pull me closer
in the backseat of your rover
that i know you can't afford
bite that tattoo on your shoulder

pull the sheets right off the corner
of the mattress that you stole
from your roommate back in boulder
we ain't ever getting older

we ain't ever getting older
no, we ain't ever getting older
we ain't ever getting older
no, we ain't ever getting older
we ain't ever getting older
we ain't ever getting older
we ain't ever getting older
no, we ain't ever getting older
ah-ah-ah-ah
we ain't ever getting older
ah-ah-ah-ah
no, we ain't ever getting older",361,101,0.7202,6.0167,0.2798,3,0,0.9894,0.132,0.041,0.9894
7MXVkk9YMctZqd1Srtv4MB,"ay

i'm tryna put you in the worst mood, ah
p1 cleaner than your church shoes, ah
milli' point two just to hurt you, ah
all red lamb' just to tease you, ah
none of these toys on lease too, ah
made your whole year in a week too, yah
main bitch outta your league too, ah
side bitch outta your league too, ah

house so empty, need a centerpiece
20 racks a table, cut from ebony
cut that ivory into skinny pieces
then she clean it with her face, man, i love my baby, ah
you talkin' money, need a hearin' aid
you talkin' 'bout me, i don't see the shade
switch up my style, i take any lane
i switch up my cup, i kill any pain

look what you've done
i'm a motherfuckin' starboy
look what you've done
i'm a motherfuckin' starboy

every day a nigga try to test me, ah
every day a nigga try to end me, ah
pull off in that roadster sv, ah
pockets overweight, gettin' hefty, ah
comin' for the king, that's a far cry, i
i come alive in the fall time, i
the competition, i don't really listen
i'm in the blue mulsanne bumpin' new edition

house so empty, need a centerpiece
20 racks a table, cut from ebony
cut that ivory into skinny pieces
then she clean it with her face, man, i love my baby, ah
you talkin' money, need a hearin' aid
you talkin' 'bout me, i don't see the shade
switch up my style, i take any lane
i switch up my cup, i kill any pain

look what you've done
i'm a motherfuckin' starboy
look what you've done
i'm a motherfuckin' starboy

let a nigga brag pitt
legend of the fall, took the year like a bandit
bought mama a crib and a brand-new wagon
now she hit the grocery shop lookin' lavish
star trek roof in that wraith of khan
girls get loose when they hear this song
a hundred on the dash, get me close to god
we don't pray for love, we just pray for cars

house so empty, need a centerpiece
20 racks a table, cut from ebony
cut that ivory into skinny pieces
then she clean it with her face, man, i love my baby, ah
you talkin' money, need a hearin' aid
you talkin' 'bout me, i don't see the shade
switch up my style, i take any lane
i switch up my cup, i kill any pain

look what you've done
i'm a motherfuckin' starboy
look what you've done
i'm a motherfuckin' starboy
look what you've done
i'm a motherfuckin' starboy
look what you've done
i'm a motherfuckin' starboy",451,171,0.6208,6.9385,0.3792,8,5,-0.9908,0.061,0.143,0.9908
7KXjTSCq5nL1LoYtL7XAwS,"nobody pray for me
it been that day for me
way (yeah, yeah)

ay, i remember syrup sandwiches and crime allowances
finesse a n- with some counterfeits, but now i'm countin' this
parmesan where my accountant lives in fact, i'm downin' this
d'ussé with my boo bae tastes like kool-aid for the analysts

girl, i can buy yo' ass the world with my paystub
i know that it's good, won't you sit it on my taste bloods?
i get way too petty once you let me do the extras
pull up on your block, then break it down, we playin' tetris

a.m. to the p.m., p.m. to the a.m., funk
eat up your per diem, you just gotta hate 'em, funk
if i quit your bm, i still ride mercedes, funk
if i quit this season, i still be the greatest, funk

my left stroke just went viral
right stroke put lil' baby in a spiral
soprano c, we like to keep it on a high note
it's levels to it, you and i know

tell 'em, be humble (hol' up, -), sit down (hol' up, lil'-, hol' up, lil' -)
be humble (hol' up, -), sit down (hol' up, sit down, lil'-, sit down, lil' -)
be humble (hol' up, hol' up), -, sit down (hol' up, hol' up, lil' -)
be humble (hol' up, -), sit down (hol' up, hol' up, hol' up, hol' up)

be humble (hol' up, hol' up), sit down (hol' up, hol' up, lil'-, hol' up, lil' -)
be humble (hol' up, -), sit down (hol' up, sit down, lil'-, sit down, lil' -)
be humble (hol' up, hol' up), -, sit down (hol' up, hol' up, lil' -)
be humble (hol' up, -), sit down (hol' up, hol' up, hol' up, hol' up)

who that -a thinkin' that he frontin' on man-man? (man-man)
get the f- off my stage, i'm the sandman (sandman)
get the f- off my - (ay), that ain't right (hol' up)
i make a play blowin' up your whole life

i'm so-so sick and tired of the photoshop
show me somethin' natural like afro on richard pryor
show me somethin' natural, i wanna feel some stretch marks
still'll take you down right on your mama's couch in polo sock

ay, this is way too crazy, ay, you do not amaze me, ay
i blew cool from ac, ay, obama just paged me, ay
i don't fabricate it, ay, most of y'all be fakin', ay
i stay modest 'bout it, ay, she elaborate it, ay

this that grey poupon, that evian, that ted talk, ay
watch my soul speak, you let the meds talk, ay
if i kill a, um, it won't be the alcohol, ay
i'm the realest, um, after all

tell 'em, be humble (hol' up, -), sit down (hol' up, lil'-, hol' up, lil' -)
be humble (hol' up, -), sit down (hol' up, sit down, lil'-, sit down, lil' -)
be humble (hol' up, hol' up), tell 'em sit down (hol' up, hol' up, lil' -)
be humble (hol' up, -), sit down (hol' up, hol' up, hol' up, hol' up)

be humble (hol' up, hol' up), sit down (hol' up, hol' up, lil'-, hol' up, lil' -)
be humble (hol' up, -), sit down (hol' up, sit down, lil'-, sit down, lil' -)
be humble (hol' up, hol' up, hol' up, hol' up), -, sit down (hol' up, hol' up, lil' -)
be humble (hol' up, -), sit down (hol' up, hol' up, hol' up, hol' up)",592,210,0.6453,11.6078,0.3547,0,1,-0.7955,0.059,0.062,0.7955
7qiZfU4dY1lWllzX7mPBI3,"the club isn't the best place to find a lover
so the bar is where i go (mm-mm)
me and my friends at the table doing shots
drinking fast, and then we talk slow (mm-mm)
you come over and start up a conversation with just me
and trust me, i'll give it a chance now (mm-mm)
take my hand, stop, put ""van the man"" on the jukebox
and then we start to dance
and now i'm singing like

girl, you know i want your love
your love was handmade for somebody like me
come on now, follow my lead
i may be crazy, don't mind me
say, ""boy, let's not talk too much
grab on my waist and put that body on me""
come on now, follow my lead
come, come on now, follow my lead
(mm-mm)

i'm in love with the shape of you
we push and pull like a magnet do
although my heart is falling too
i'm in love with your body
last night you were in my room
and now my bed sheets smell like you
every day discovering something brand new
oh, i'm in love with your body

oh i, oh i, oh i, oh i
oh, i'm in love with your body
oh i, oh i, oh i, oh i
oh, i'm in love with your body
oh i, oh i, oh i, oh i
oh, i'm in love with your body
every day discovering something brand new
i'm in love with the shape of you

one week in we let the story begin
we're going out on our first date (mm-mm)
but you and me are thrifty, so go all-you-can-eat
fill up your bag, and i fill up a plate (mm-mm)

we talk for hours and hours about the sweet and the sour
and how your family is doing okay (mm-mm)
and leave and get in a taxi, then kiss in the back seat
tell the driver make the radio play
and i'm singing like

girl, you know i want your love
your love was handmade for somebody like me
come on now, follow my lead
i may be crazy, don't mind me
say, ""boy, let's not talk too much
grab on my waist and put that body on me""
come on now, follow my lead
come, come on now, follow my lead
(mm-mm)

i'm in love with the shape of you
we push and pull like a magnet do
although my heart is falling too
i'm in love with your body
last night you were in my room
and now my bed sheets smell like you
every day discovering something brand new
oh, i'm in love with your body

oh i, oh i, oh i, oh i
oh, i'm in love with your body
oh i, oh i, oh i, oh i
oh, i'm in love with your body
oh i, oh i, oh i, oh i
oh, i'm in love with your body
every day discovering something brand new
i'm in love with the shape of you

come on, be my baby, come on
come on, be my baby, come on
come on, be my baby, come on
come on, be my baby, come on
come on, be my baby, come on
come on, be my baby, come on
come on, be my baby, come on
come on, be my baby, come on

i'm in love with the shape of you
we push and pull like a magnet do
although my heart is falling too
i'm in love with your body
last night you were in my room
and now my bed sheets smell like you
every day discovering something brand new
oh, i'm in love with your body

come on, be my baby, come on
come on, be my baby, come on (i'm in love with your body)
come on, be my baby, come on
come on, be my baby, come on (oh, i'm in love with your body)
come on, be my baby, come on
come on, be my baby, come on (i'm in love with your body)
every day discovering something brand new
i'm in love with the shape of you",693,153,0.7792,7.5326,0.2208,6,0,0.9995,0.218,0.017,0.9995
6habFhsOp2NvshLv26DqMb,"ay (fonsi, dy)
(oh, oh) oh, no, oh no (oh)
hey, yeah, diri-diri-diriridi, daddy, go!

sí, sabes que ya llevo un rato mirándote
tengo que bailar contigo hoy (dy)
vi que tu mirada ya estaba llamándome
muéstrame el camino, que yo voy (oh)

tú, tú eres el imán y yo soy el metal
me voy acercando y voy armando el plan
solo con pensarlo se acelera el pulso (oh, yeah)

ya, ya me estás gustando más de lo normal
todos mis sentidos van pidiendo más
esto hay que tomarlo sin ningún apuro

despacito
quiero respirar tu cuello despacito
deja que te diga cosas al oído
para que te acuerdes si no estás conmigo
despacito
quiero desnudarte a besos, despacito
firmar las paredes de tu laberinto
y hacer de tu cuerpo todo un manuscrito (sube, sube, sube)
sube, sube (oh)

quiero ver bailar tu pelo, quiero ser tu ritmo
que le enseñes a mi boca tus lugares favoritos
(favoritos, favoritos, baby)
déjame sobrepasar tus zonas de peligro
hasta provocar tus gritos y que olvides tu apellido

si te pido un beso, ven, dámelo
yo sé que estás pensándolo
llevo tiempo intentándolo
mami, esto es dando y dándolo
sabes que tu corazón conmigo te hace bam-bam
sabes que esa beba está buscando de mi bam-bam

ven, prueba de mi boca para ver cómo te sabe
quiero, quiero, quiero ver cuánto amor a ti te cabe
yo no tengo prisa, yo me quiero dar el viaje
empezamos lento, después salvaje

pasito a pasito, suave, suavecito
nos vamos pegando poquito a poquito
cuando tú me besas con esa destreza
veo que eres malicia con delicadeza

pasito a pasito, suave, suavecito
nos vamos pegando poquito a poquito
y es que esa belleza es un rompecabezas
pero pa' montarlo, aquí tengo la pieza, oye

despacito
quiero respirar tu cuello despacito
deja que te diga cosas al oído
para que te acuerdes si no estás conmigo
despacito
quiero desnudarte a besos despacito
firmar las paredes de tu laberinto
y hacer de tu cuerpo todo un manuscrito (sube, sube, sube)
sube, sube (oh)

quiero ver bailar tu pelo, quiero ser tu ritmo
que le enseñes a mi boca tus lugares favoritos
(favoritos, favoritos, baby)
déjame sobrepasar tus zonas de peligro
hasta provocar tus gritos y que olvides tu apellido

despacito
vamo' a hacerlo en una playa en puerto rico
hasta que las olas griten: ""¡ay, bendito!""
para que mi sello se quede contigo (báilalo)

pasito a pasito, suave, suavecito
nos vamos pegando poquito a poquito
que le enseñes a mi boca tus lugares favoritos
(favoritos, favoritos, baby)

pasito a pasito, suave, suavecito
nos vamos pegando poquito a poquito
hasta provocar tus gritos y que olvides tu apellido (dy)
despacito",451,198,0.561,6.3521,0.439,10,0,0.8619,0.044,0.026,0.8619
3e9HZxeyfWwjeyPAMmWSSQ,"thought i'd end up with sean
but he wasn't a match
wrote some songs about ricky
now i listen and laugh
even almost got married
and for pete, i'm so thankful
wish i could say ""thank you"" to malcolm
'cause he was an angel

one taught me love
one taught me patience
and one taught me pain
now, i'm so amazing
say i've loved and i've lost
but that's not what i see
so, look what i got
look at what you taught me
and for that, i say

thank you, next (next)
thank you, next (next)
thank you, next
i'm so grateful for my ex

thank you, next (next)
thank you, next (next)
thank you, next (next)
i'm so

spend more time with my friends
i ain't worried 'bout nothin'
plus, i met someone else
we're havin' better discussions
i know they say i move on too fast
but this one gon' last
'cause her name is ari
and i'm so good with that (so good with that)

she taught me love (love)
she taught me patience (patience)
she handles pain (pain)
that amazing (yeah, she's amazing)
i've loved and i've lost (yeah, yeah)
but that's not what i see (yeah, yeah)
'cause look what i've found (yeah, yeah)
ain't no need for searching
and for that, i say

thank you, next (thank you, next)
thank you, next (thank you, next)
thank you, next (thank you)
i'm so grateful for my ex
thank you, next (thank you, next)
thank you, next (said thank you, next)
thank you, next (next)
i'm so grateful for my ex

thank you, next
thank you, next
thank you, next
i'm so

one day i'll walk down the aisle
holding hands with my mama
i'll be thanking my dad
'cause she grew from the drama
only wanna do it once, real bad
gon' make that last
god forbid something happens
least this song is a smash (song is a smash)

i've got so much love (love)
got so much patience (patience)
i've learned from the pain (pain)
i turned out amazing (turned out amazing)
i've loved and i've lost (yeah, yeah)
but that's not what i see (yeah, yeah)
'cause look what i've found (yeah, yeah)
ain't no need for searching
and for that, i'll say

thank you, next (thank you, next)
thank you, next (thank you, next)
thank you, next
i'm so grateful for my ex
thank you, next (thank you, next)
thank you, next (said thank you, next)
thank you, next (next)
i'm so grateful for my ex

thank you, next
thank you, next
thank you, next
yeah, yee
thank you, next
thank you, next
thank you, next
yeah, yee",447,157,0.6488,5.1379,0.3512,0,0,0.9998,0.435,0.056,0.9998
2VxeLyX666F8uXCJ0dZF8B,"tell me something, girl
are you happy in this modern world?
or do you need more?
is there something else you're searchin' for?

i'm falling
in all the good times, i find myself longin' for change
and in the bad times, i fear myself

tell me something, boy
aren't you tired trying to fill that void?
or do you need more?
ain't it hard keeping it so hardcore?

i'm falling
in all the good times, i find myself longing for change
and in the bad times, i fear myself

i'm off the deep end, watch as i dive in
i'll never meet the ground
crash through the surface, where they can't hurt us
we're far from the shallow now

in the sha-ha, sha-ha-llow
in the sha-ha-sha-la-la-la-llow
in the sha-ha, sha-ha-llow
we're far from the shallow now

oh, ha-ah-ah
ah, ha-ah-ah, oh, ah
ha-ah-ah-ah

i'm off the deep end, watch as i dive in
i'll never meet the ground
crash through the surface, where they can't hurt us
we're far from the shallow now

in the sha-ha, sha-ha-llow
in the sha-ha-sha-la-la-la-llow
in the sha-ha, sha-ha-llow
we're far from the shallow now",190,84,0.5579,5.7576,0.4421,4,0,-0.6492,0.088,0.112,0.6492
6DCZcSspjsKoFjzjrWoCdn,"and, they wishin' and wishin' and wishin' and wishin'
they wishin' on me, yeah
i been movin' calm, don't start no trouble with me
tryna keep it peaceful is a struggle for me
don't pull up at 6 am to cuddle with me
you know how i like it when you lovin' on me
i don't wanna die for them to miss me
yes, i see the things that they wishin' on me
hope i got some brothers that outlive me
they gon' tell the story, shit was different with me
god's plan, god's plan
i hold back, sometimes i won't, yeahh
i feel good, sometimes i don't, ayy, don't
i finessed down weston road, ayy, 'nessed
might go down a g-o-d, yeah, wait
i go hard on southside g, yeah, way
i make sure that north side eat
and still
bad things
it's a lot of bad things
that they wishin' and wishin' and wishin' and wishin'
they wishin' on me
bad things
it's a lot of bad things
that they wishin' and wishin' and wishin' and wishin'
they wishin' on me
yeah, ayy, ayy (ayy)
she say, ""do you love me?"" i tell her, ""only partly
i only love my bed and my momma, i'm sorry""
fifty dub, i even got it tatted on me
81, they'll bring the crashers to the party
and you know me
turn a o2 into the o3, dog
without 40, oli', there'd be no me
'magine if i never met the broskis
god's plan, god's plan
i can't do this on my own, ayy, no, ayy
someone watchin' this shit close, yep, close
i've been me since scarlett road, ayy, road, ayy
might go down as g-o-d, yeah, wait
i go hard on southside g, ayy, way
i make sure that north side eat, yuh
and still
bad things
it's a lot of bad things
that they wishin' and wishin' and wishin' and wishin'
they wishin' on me
yeah, yeah
bad things
it's a lot of bad things
that they wishin' and wishin' and wishin' and wishin'
they wishin' on me
yeah",350,150,0.5714,6.6038,0.4286,4,2,0.5996,0.132,0.116,0.5996
2Fxmhks0bxGSBdJ92vM42m,"white shirt now red, my bloody nose
sleepin', you're on your tippy toes
creepin' around like no one knows
think you're so criminal

bruises on both my knees for you
don't say thank you or please
i do what i want when i'm wanting to
my soul, so cynical

so you're a tough guy
like it really rough guy
just can't get enough guy
chest always so puffed guy
i'm that bad type
make your mama sad type
make your girlfriend mad tight
might seduce your dad type
i'm the bad guy
duh

i'm the bad guy

i like it when you take control
even if you know that you don't
own me, i'll let you play the role
i'll be your animal

my mommy likes to sing along with me
but she won't sing this song
if she reads all the lyrics
she'll pity the men i know

so you're a tough guy
like it really rough guy
just can't get enough guy
chest always so puffed guy
i'm that bad type
make your mama sad type
make your girlfriend mad tight
might seduce your dad type
i'm the bad guy
duh

i'm the bad guy

duh

i'm only good at bein' bad, bad

i like when you get mad
i guess i'm pretty glad that you're alone
you said she's scared of me?
i mean, i don't see what she sees
but maybe it's 'cause i'm wearing your cologne

i'm a bad guy

i'm-i'm a bad guy
bad guy, bad guy
i'm a bad-",256,124,0.5156,5.2245,0.4844,8,0,-0.9967,0.089,0.276,0.9967
0VjIjW4GlUZAMYd2vXMi3b,"yeah

i've been tryna call
i've been on my own for long enough
maybe you can show me how to love, maybe
i'm going through withdrawals
you don't even have to do too much
you can turn me on with just a touch, baby

i look around and
sin city's cold and empty (oh)
no one's around to judge me (oh)
i can't see clearly when you're gone

i said, ooh, i'm blinded by the lights
no, i can't sleep until i feel your touch
i said, ooh, i'm drowning in the night
oh, when i'm like this, you're the one i trust
(hey, hey, hey)

i'm running out of time
'cause i can see the sun light up the sky
so i hit the road in overdrive, baby, oh

the city's cold and empty (oh)
no one's around to judge me (oh)
i can't see clearly when you're gone

i said, ooh, i'm blinded by the lights
no, i can't sleep until i feel your touch
i said, ooh, i'm drowning in the night
oh, when i'm like this, you're the one i trust

i'm just walking by to let you know (by to let you know)
i can never say it on the phone (say it on the phone)
will never let you go this time (ooh)

i said, ooh, i'm blinded by the lights
no, i can't sleep until i feel your touch
(hey, hey, hey)

(hey, hey, hey)

i said, ooh, i'm blinded by the lights
no, i can't sleep until i feel your touch",259,106,0.5907,7.4,0.4093,0,0,0.5972,0.064,0.058,0.5972
2YpeDb67231RjR0MgVLzsG,"oh, oh-oh
oh

yeah, i'm gon' take my horse to the old town road
i'm gonna ride 'til i can't no more
i'm gon' take my horse to the old town road
i'm gon' (kio, kio) ride 'til i can't no more

i got the horses in the back
horse tack is attached
hat is matte black
got the boots that's black to match
riding on a horse, ha
you can whip your porsche
i been in the valley
you ain't been up off that porch now

can't nobody tell me nothing
you can't tell me nothing
can't nobody tell me nothing
you can't tell me nothing

riding on a tractor
lean all in my bladder
cheated on my baby
you can go and ask her
my life is a movie
bull-riding and boobies
cowboy hat from gucci
wrangler on my booty

can't nobody tell me nothing
you can't tell me nothing
can't nobody tell me nothing
you can't tell me nothing

yeah, i'm gonna take my horse to the old town road
i'm gonna ride 'til i can't no more
i'm gonna take my horse to the old town road
i'm gonna ride 'til i can't no more

hat down, 'cross town, living like a rockstar
spent a lot of money on my brand-new guitar
baby's got a habit, diamond rings and fendi sports bras
ridin' down rodeo in my maserati sports car

got no stress, i've been through all that
i'm like a marlboro man, so i kick on back
wish i could roll on back to that old town road
i wanna ride 'til i can't no more

yeah, i'm gonna take my horse to the old town road
i'm gonna ride 'til i can't no more
i'm gonna take my horse to the old town road
i'm gonna ride 'til i can't no more",308,112,0.6364,6.6957,0.3636,7,0,0.9635,0.098,0.016,0.9635
6UelLqGlWMcVH1E5c4H7lY,"tastes like strawberries
on a summer evenin'
and it sounds just like a song

i want more berries
and that summer feelin'
it's so wonderful and warm

breathe me in
breathe me out
i don't know if i could ever go without
i'm just thinking out loud
i don't know if i could ever go without

watermelon sugar
high
watermelon sugar
high
watermelon sugar
high
watermelon sugar high
watermelon sugar

strawberries
on a summer evenin'
baby, you're the end of june

i want your belly
and that summer feelin'
getting washed away in you

breathe me in
breathe me out
i don't know if i could ever go without

watermelon sugar
high
watermelon sugar
high
watermelon sugar
high
watermelon sugar high

watermelon sugar
high
watermelon sugar
high
watermelon sugar
high
watermelon sugar high

i just wanna taste it
i just wanna taste it
watermelon sugar high

tastes like strawberries
on a summer evenin'
and it sounds just like a song

i want your belly
and that summer feelin'
i don't know if i could ever go without

watermelon sugar
high
watermelon sugar
high
watermelon sugar (sugar)
high
watermelon sugar high (sugar)

watermelon sugar
high
watermelon sugar
high
watermelon sugar
high
watermelon sugar high

i just wanna taste it
i just wanna taste it
watermelon sugar high

i just wanna taste it
i just wanna taste it
watermelon sugar high
watermelon sugar",231,54,0.7662,3.2083,0.2338,25,0,0.9502,0.086,0.0,0.9502
5nujrmhLynf4yMoMtj8AQF,"if you wanna run away with me, i know a galaxy
and i can take you for a ride
i had a premonition that we fell into a rhythm
where the music don't stop for life
glitter in the sky, glitter in my eyes
shining just the way i like
if you're feeling like you need a little bit of company
you met me at the perfect time

you want me, i want you, baby
my sugarboo, i'm levitating
the milky way, we're renegading
yeah, yeah, yeah, yeah, yeah

i got you, moonlight, you're my starlight
i need you all night, come on, dance with me
i'm levitating
you, moonlight, you're my starlight (you're the moonlight)
i need you all night, come on, dance with me
i'm levitating

i believe that you're for me, i feel it in our energy
i see us written in the stars
we can go wherever, so let's do it now or never, baby
nothing's ever, ever too far
glitter in the sky, glitter in our eyes
shining just the way we are
i feel like we're forever, every time we get together
but whatever, let's get lost on mars

you want me, i want you, baby
my sugarboo, i'm levitating
the milky way, we're renegading
yeah, yeah, yeah, yeah, yeah

i got you, moonlight, you're my starlight
i need you all night, come on, dance with me
i'm levitating
you, moonlight, you're my starlight (you're the moonlight)
i need you all night, come on, dance with me
i'm levitating (whoo)

you can fly away with me tonight
you can fly away with me tonight
baby, let me take you for a ride
yeah, yeah, yeah, yeah, yeah
i'm levitating (whoo)

you can fly away with me tonight
you can fly away with me tonight
baby, let me take you for a ride
yeah, yeah, yeah, yeah, yeah (whoo)

my love is like a rocket, watch it blast off
and i'm feeling so electric, dance my arse off
and even if i wanted to, i can't stop
yeah, yeah, yeah, yeah, yeah

my love is like a rocket, watch it blast off
and i'm feeling so electric, dance my arse off
and even if i wanted to, i can't stop
yeah, yeah, yeah, yeah, yeah

you want me, i want you, baby
my sugarboo, i'm levitating
the milky way, we're renegading

i got you (yeah), moonlight, you're my starlight
i need you all night (all night), come on, dance with me
i'm levitating (whoo)

you can fly away with me tonight (tonight)
you can fly away with me tonight
baby, let me take you for a ride
yeah, yeah, yeah, yeah, yeah (take you for a ride)
i'm levitating (whoo)

you can fly away with me tonight (tonight)
you can fly away with me tonight
baby, let me take you for a ride
yeah, yeah, yeah, yeah, yeah (let me take you for a ride)

i got you, moonlight, you're my starlight (you are my starlight)
i need you all night, come on, dance with me (come on, dance with me, baby)
i'm levitating
you, moonlight, you're my starlight (you're the moonlight)
i need you all night, come on, dance with me
i'm levitating",539,133,0.7532,7.2838,0.2468,12,0,0.9988,0.228,0.019,0.9988
4Oun2ylbjFKMPTiaSbbCih,"whores in this house
there's some whores in this house
there's some whores in this house
there's some whores in this house (hol' up)
i said certified freak, seven days a week
wet ass pussy, make that pullout game weak, woo! (ah)

yeah, yeah, yeah, yeah
yeah, you fucking with some wet ass pussy
bring a bucket and a mop for this wet ass pussy
give me everything you got for this wet ass pussy

beat it up, nigga, catch a charge
extra large, and extra hard
put this pussy right in yo' face
swipe your nose like a credit card
hop on top, i want a ride
i do a kegel while it's inside
spit in my mouth, look at my eyes
this pussy is wet, come take a dive

tie me up like i'm surprised
let's role-play, i wear a disguise
i want you to park that big mack truck right in this little garage
make it cream, make me scream
out in public, make a scene
i don't cook, i don't clean
but let me tell you, i got this ring (ayy, ayy)

gobble me, swallow me, drip down the side of me (yeah)
quick, jump out 'fore you let it get inside of me (yeah)
i tell him where to put it, never tell him where i'm 'bout to be
i run down on him 'fore i have a nigga running me

talk yo' shit, bite your lip
ask for a car while you ride that dick (while you ride that dick)
you ain't never gotta fuck him for a thing
he already made his mind up 'fore he came

now get your boots and your coat for this wet ass pussy
he bought a phone just for pictures of this wet ass pussy
pay my tuition just to kiss me on this wet ass pussy
now make it rain if you wanna see some wet ass pussy

look, i need a hard hitter, i need a deep stroke
i need a henny drink, i need a weed smoker
not a garden snake, i need a king cobra
with a hook in it, hope it lean over

he got some money, then that's where i'm headed
pussy a-1, just like his credit
he got a beard, well, i'm tryna wet it
i let him taste it, and now he diabetic
i don't wanna spit, i wanna gulp
i wanna gag, i wanna choke
i want you to touch that lil' dangly thing that swing in the back of my throat

my head game is fire, punani dasani
it's going in dry, and it's coming out soggy
i ride on that thing like the cops is behind me (yuh, ah)
i spit on his mic' and now he tryna sign me, woo

your honor, i'm a freak bitch, handcuffs, leashes
switch my wig, make him feel like he cheating
put him on his knees, give him some' to believe in
never lost a fight, but i'm looking for a beating

in the food chain, i'm the one that eat ya
if he ate my ass, he's a bottom feeder
big d stand for big demeanor
i could make ya bust before i ever meet ya

if it don't hang, then he can't bang
you can't hurt my feelings, but i like pain
if he fuck me and ask, ""whose is it?""
when i ride the dick, i'ma spell my name, ah

(whores in this house)
yeah, yeah, yeah
yeah, you fucking with some wet ass pussy
bring a bucket and a mop for this wet ass pussy
give me everything you got for this wet ass pussy

now from the top, make it drop, that's some wet ass pussy
now get a bucket and a mop, that's some wet ass pussy
i'm talking wap, wap, wap, that's some wet ass pussy
macaroni in a pot, that's some wet ass pussy, huh

there's some whores in this house
there's some whores in this house
there's some whores in this house
there's some whores in this house
there's some whores in this house
there's some whores in this house

there's some whores in this house
there's some whores in this house
there's some whores in this house
there's some whores in this house
there's some whores in this house
there's some whores-",723,280,0.6127,8.5059,0.3873,3,43,-0.9995,0.089,0.237,0.9995
1SC5rEoYDGUK4NfG82494W,"i caught it bad yesterday
you hit me with a call to your place
ain't been out in a while anyway
was hoping i could catch you throwing smiles in my face

romantic talking? you don't even have to try
you're cute enough to fuck with me tonight
looking at the table all i see is weed and white
baby, you living the life, but nigga, you ain't livin' right

cocaine and drinking with your friends
you live in the dark, boy, i cannot pretend
i'm not fazed, only here to sin
if eve ain't in your garden, you know that you can

call me when you want, call me when you need
call me in the morning, i'll be on the way
call me when you want, call me when you need
call me out by your name, i'll be on the way like

mmm, mmm, mmm, mmm
mmm, mmm, mmm, mmm

ayy, ayy
i wanna sell what you're buying
i wanna feel on your ass in hawaii
i want that jet lag from fucking and flying
shoot a child in your mouth while i'm riding

oh, oh, oh, why me?
a sign of the times every time that i speak
a dime and a nine, it was mine every week
what a time, an incline, god was shining on me

now i can't leave
and now i'm acting hella elite
never want the niggas that's in my league
i wanna fuck the ones i envy, i envy

cocaine and drinking with your friends
you live in the dark, boy, i cannot pretend
i'm not fazed, only here to sin
if eve ain't in your garden, you know that you can

call me when you want, call me when you need
call me in the morning, i'll be on the way
call me when you want, call me when you need
call me out by your name, i'll be on the way like

oh, call me by your name (mmm, mmm, mmm)
tell me you love me in private
call me by your name (mmm, mmm, mmm)
i do not care if you lying

well, i'm just feeling, mm-uh
i wanna get, mm-uh
i'm in my, into my, uh
i'm mm, mm
i'm still, mm, mm-mm, ooh",378,161,0.5741,7.875,0.4259,0,4,-0.7552,0.113,0.104,0.7552
5wANPM4fQCJwkGd4rN57mH,"i got my driver's license last week
just like we always talked about
'cause you were so excited for me
to finally drive up to your house
but today, i drove through the suburbs
crying 'cause you weren't around

and you're probably with that blonde girl
who always made me doubt
she's so much older than me
she's everything i'm insecure about
yeah, today i drove through the suburbs
'cause how could i ever love someone else?

and i know we weren't perfect
but i've never felt this way for no one
and i just can't imagine how you could be so okay now that i'm gone
guess you didn't mean what you wrote in that song about me
'cause you said forever, now i drive alone past your street

and all my friends are tired
of hearing how much i miss you, but
i kinda feel sorry for them
'cause they'll never know you the way that i do
yeah, today i drove through the suburbs
and pictured i was driving home to you

and i know we weren't perfect
but i've never felt this way for no one, oh
and i just can't imagine how you could be so okay now that i'm gone
i guess you didn't mean what you wrote in that song about me
'cause you said forever, now i drive alone past your street

red lights, stop signs
i still see your face in the white cars, front yards
can't drive past the places we used to go to
'cause you know i still love you, babe (ooh, ooh-ooh, ooh-ooh)
sidewalks we crossed
i still hear your voice in the traffic
we're laughing over all the noise
god, i'm so blue, know we're through
but you know i still love you, babe (ooh, ooh-ooh, ooh-ooh)

i know we weren't perfect
but i've never felt this way for no one
and i just can't imagine how you could be so okay now that i'm gone
guess you didn't mean what you wrote in that song about me
'cause you said forever, now i drive alone past your street

yeah, you said forever, now i drive alone past your street",364,136,0.6264,8.4651,0.3736,0,0,0.518,0.116,0.118,0.518
567e29TDzLwZwfDuEpGTwo,"i do the same thing i told you that i never would
i told you i'd change, even when i knew i never could
i know that i can't find nobody else as good as you
i need you to stay, need you to stay, hey (oh)

i get drunk, wake up, i'm wasted still
i realize the time that i wasted here
i feel like you can't feel the way i feel
oh, i'll be f- up if you can't be right here

oh, ooh-woah (oh, ooh-woah, ooh-woah)
oh, ooh-woah (oh, ooh-woah, ooh-woah)
oh, ooh-woah (oh, ooh-woah, ooh-woah)
oh, i'll be f- up if you can't be right here

i do the same thing i told you that i never would
i told you i'd change, even when i knew i never could
i know that i can't find nobody else as good as you
i need you to stay, need you to stay, hey

i do the same thing i told you that i never would
i told you i'd change, even when i knew i never could
i know that i can't find nobody else as good as you
i need you to stay, need you to stay, hey

when i'm away from you, i miss your touch (ooh)
you're the reason i believe in love
it's been difficult for me to trust (ooh)
and i'm afraid that i'ma f- it up
ain't no way that i can leave you stranded
'cause you ain't ever left me empty-handed
and you know that i know that i can't live without you
so, baby, stay

oh, ooh-woah (oh, ooh-woah, ooh-woah)
oh, ooh-woah (oh, ooh-woah, ooh-woah)
oh, ooh-woah (oh, ooh-woah, ooh-woah)
i'll be f- up if you can't be right here

i do the same thing i told you that i never would
i told you i'd change, even when i knew i never could
i know that i can't find nobody else as good as you
i need you to stay, need you to stay, hey

i do the same thing i told you that i never would
i told you i'd change, even when i knew i never could
i know that i can't find nobody else as good as you
i need you to stay, need you to stay, hey

woah-oh
i need you to stay, need you to stay, hey",394,89,0.7741,9.381,0.2259,13,0,0.923,0.063,0.034,0.923
1Qrg8KqiBpW07V7PNxwwwL,"i'm still a fan even though i was salty
hate to see you with some other broad, know you happy
hate to see you happy if i'm not the one driving

i'm so mature, i'm so mature
i'm so mature, i got me a therapist to tell me there's other men
i don't want none, i just want you
if i can't have you, no one should
i might

i might kill my ex, not the best idea
his new girlfriend's next, how'd i get here?
i might kill my ex, i still love him though
rather be in jail than alone

i get the sense that it's a lost cause
i get the sense that you might really love her
the text gon' be evidence, this text is evidence
i tried to ration with you, no murders or crimes of passion, but damn

you was out of reach
you was at the farmer's market with your perfect peach
now i'm in the basement, planning home invasion
now you laying face-down, got me singing over a beat

i'm so mature, i'm so mature
i'm so mature, i got me a therapist to tell me there's other men
i don't want none, i just want you
if i can't have you, no one will
(i might)

i might kill my ex, not the best idea
his new girlfriend's next, how'd i get here?
i might kill my ex, i still love him though
rather be in jail than alone

i did it all for love (love)
i did it all on no drugs (drugs)
i did all of this sober
i did it all for us, oh

i did it all for love (love)
i did it all of this on no drugs (drugs)
i did all of this sober
don't you know i did it all for us? (i'll kill your ass tonight)

uh, i just killed my ex (my ex)
not the best idea (idea)
killed his girlfriend next, how'd i get here?
i just killed my ex (my ex)
i still love him, though (i do)
rather be in hell than alone",354,131,0.6299,8.2326,0.3701,0,3,-0.9451,0.167,0.197,0.9451
4Dvkj6JhhA12EX05fT7y2e,"come on, harry, we wanna say ""good night"" to you!

holding me back
gravity's holding me back
i want you to hold out the palm of your hand
why don't we leave it at that?

nothing to say
when everything gets in the way
seems you cannot be replaced
and i'm the one who will stay
oh-oh-oh

in this world
it's just us
you know it's not the same as it was

in this world
it's just us
you know it's not the same as it was

as it was
as it was
you know it's not the same

answer the phone
harry, you're no good alone
why are you sitting at home on the floor?
what kind of pills are you on?

ringing the bell
and nobody's coming to help
your daddy lives by himself
he just wants to know that you're well
oh-oh-oh

in this world
it's just us
you know it's not the same as it was

in this world
it's just us
you know it's not the same as it was

as it was
as it was
you know it's not the same

go home, get ahead, light-speed internet
i don't wanna talk about the way that it was
leave america, two kids follow her
i don't wanna talk about who's doing it first

hey!

as it was
you know it's not the same as it was
as it was
as it was",237,102,0.5696,5.1522,0.4304,12,0,0.8911,0.065,0.015,0.8911
0V3wPSX9ygBnCm8psDIegu,"i have this thing where i get older, but just never wiser
midnights become my afternoons
when my depression works the graveyard shift
all of the people i've ghosted stand there in the room

i should not be left to my own devices
they come with prices and vices
i end up in crises
tale as old as time
i wake up screaming from dreaming
one day i'll watch as you're leaving
'cause you got tired of my scheming
for the last time

it's me
hi!
i'm the problem, it's me
at teatime
everybody agrees
i'll stare directly at the sun, but never in the mirror
it must be exhausting always rooting for the anti-hero

sometimes i feel like everybody is a sexy baby
and i'm a monster on the hill
too big to hang out
slowly lurching toward your favorite city
pierced through the heart but never killed

did you hear my covert narcissism
i disguise as altruism?
like some kind of congressman
tale as old as time
i wake up screaming from dreaming
one day, i'll watch as you're leaving
and life will lose all its meaning
for the last time

it's me
hi!
i'm the problem, it's me (i'm the problem, it's me)
at teatime
everybody agrees
i'll stare directly at the sun, but never in the mirror
it must be exhausting always rooting for the anti-hero

i have this dream my daughter-in-law kills me for the money
she thinks i left them in the will
the family gathers 'round and reads it
and then someone screams out
""she's laughing up at us from hell!""

it's me
hi!
i'm the problem, it's me
it's me
hi!
i'm the problem, it's me

it's me
hi!
everybody agrees
everybody agrees

it's me
hi! (hi!)
i'm the problem, it's me (i'm the problem, it's me)
at teatime
everybody agrees (everybody agrees)
i'll stare directly at the sun, but never in the mirror
it must be exhausting always rooting for the anti-hero",331,148,0.5529,5.4262,0.4471,3,1,-0.9866,0.11,0.183,0.9866
2IGMVunIBsBLtEQyoI1Mu7,"by
walk on by
walk on by
walk on by (yeah)
walk on by

yeah, trick, i said what i said
i'd rather be famous instead (walk on by)
i let all that get to my head
i don't care, i paint the town red (walk on by)

trick, i said what i said
i'd rather be famous instead (walk on by)
i let all that get to my head
i don't care, i paint the town red (walk on by)

mm, she the devil
she a bad lil' b-, she a rebel (walk on by)
she put her foot to the pedal
it'll take a whole lot for me to settle (walk on by)

mm, she the devil
she a bad lil' b-, she a rebel (walk on by)
she put her foot to the pedal
it'll take a whole lot (yeah) for me to settle (walk on by)

yeah, said, my happiness is all of your misery
i put good all in my kidneys (walk on by)
this margiel' don't come with no jealousy
my illness don't come with no remedy (walk on by)

i am so much fun without hennessy
they just want my love and my energy (walk on by)
you can't talk no without penalties
- i'm in yo' - if you send for me (walk on by)

i'm goin' to glow up one more time
trust me, i have magical foresight (walk on by)
you gon' see me sleepin' in court-side
you gon' see me eatin' ten more times (walk on by)

ugh, you can't take this one nowhere
ugh, i look better with no hair (walk on by)
ugh, ain't no sign i can't smoke here
ugh (yeah), gimme the chance and i'll go there (walk on by)

yeah, trick, i said what i said
i'd rather be famous instead (walk on by)
i let all that get to my head
i don't care, i paint the town red (walk on by)

trick, i said what i said
i'd rather be famous instead (walk on by)
i let all that get to my head
i don't care, i paint the town red (walk on by)

mm, she the devil
she a bad lil' b-, she a rebel (walk on by)
she put her foot to the pedal
it'll take a whole lot for me to settle (walk on by)

mm, she the devil
she a bad lil' b-, she a rebel (walk on by)
she put her foot to the pedal
it'll take a whole lot (yeah) for me to settle (walk on by)

yeah, said pop, make money, now you try
you could use a revamp with a new vibe, sis (walk on by)
i don't need a big feature or a new sidekick
i don't need a new fan 'cause my boo like it (walk on by)

i don't need to wear a wig to make you like it
i'm a two-time -, you ain't knew i'd win? (walk on by)
throw a shot like you tryna have a food fight then
all my opps waitin' for me to be you, i bet (walk on by)

said i got drive, i don't need a car
money really all that we fiendin' for (walk on by)
i'm doin' things they ain't seen before
fans ain't dumb, but extremists are (walk on by)

i'm a demon, lord
fall off what? i ain't seen the horse (walk on by)
called your bluff, better cite the source
fame ain't somethin' (yeah) that i need no more (walk on by)

yeah, 'cause trick, i said what i said
i'd rather be famous instead (walk on by)
i let all that get to my head
i don't care, i paint the town red (walk on by)

trick, i said what i said
i'd rather be famous instead (walk on by)
i let all that get to my head
i don't care, i paint the town red (walk on by)

mm, she the devil
she a bad lil' b-, she a rebel (walk on by)
she put her foot to the pedal
it'll take a whole lot for me to settle (walk on by)

mm, she the devil
she a bad lil' b-, she a rebel (walk on by)
she put her foot to the pedal
it'll take a whole lot for me to settle

walk on by
walk on by
walk on by
walk on by
walk on by",742,185,0.7507,8.2444,0.2493,6,0,-0.9863,0.072,0.11,0.9863
1kuGVB7EU95pJObxwvfwKS,"i hate to give the satisfaction asking, ""how you're doing now?""
how's the castle built off people you pretend to care about?
just what you wanted
look at you, cool guy, you got it

i see the parties and the diamonds
sometimes when i close my eyes
six months of torture you sold as some forbidden paradise
i loved you truly
you gotta laugh at the stupidity

'cause i've made some real big mistakes
but you make the worst one look fine
i should've known it was strange
you only come out at night

i used to think i was smart
but you made me look so naive
the way you sold me for parts
as you sunk your teeth into me, oh
bloodsucker, dream crusher
bleeding me dry like a damn vampire

and every girl i ever talked to
told me you were bad, bad news
you called them crazy
god, i hate the way i called them crazy too
you're so convincing
how do you lie without flinching?
(how do you lie? how do you lie? how do you lie?)

ooh, what a mesmerizing, paralyzing, tragic little thrill
can't figure out just how you do it, and god knows i never will
went for me and not her
'cause girls your age know better

i've made some real big mistakes
but you make the worst one look fine
i should've known it was strange
you only come out at night

i used to think i was smart
but you made me look so naive
the way you sold me for parts
as you sunk your teeth into me, oh
bloodsucker, dream crusher
bleeding me dry like a damn vampire

you said, ""it was true love"", but wouldn't that be hard?
you can't love anyone, 'cause that would mean you had a heart
i tried you help you out, now i know that i can't
'cause how you think's the kind of thing i'll never understand

i've made some real big mistakes
but you make the worst one look fine
i should've known it was strange
you only come out at night

i used to think i was smart
but you made me look so naive
the way you sold me for parts
as you sunk your teeth into me, oh
bloodsucker, dream crusher
bleeding me dry like a damn vampire",392,162,0.5867,7.2593,0.4133,3,3,-0.921,0.169,0.181,0.921
7DSAEUvxU8FajXtRloy8M0,"we were good, we were gold
kinda dream that can't be sold
we were right 'til we weren't
built a home and watched it burn

mmm, i didn't wanna leave you, i didn't wanna lie
started to cry, but then remembered i

i can buy myself flowers
write my name in the sand
talk to myself for hours
say things you don't understand
i can take myself dancing
and i can hold my own hand
yeah, i can love me better than you can

can love me better, i can love me better, baby
can love me better, i can love me better, baby

paint my nails cherry red
match the roses that you left
no remorse, no regret
i forgive every word you said

ooh, i didn't wanna leave you, baby, i didn't wanna fight
started to cry, but then remembered i

i can buy myself flowers
write my name in the sand
talk to myself for hours, yeah
say things you don't understand
i can take myself dancing, yeah
i can hold my own hand
yeah, i can love me better than you can

can love me better, i can love me better, baby
can love me better, i can love me better, baby
can love me better, i can love me better, baby
can love me better, i (ooh, i)

i didn't wanna leave you, i didn't wanna fight
started to cry, but then remembered i

i can buy myself flowers (uh-huh)
write my name in the sand
talk to myself for hours (yeah)
say things you don't understand (you never will)
i can take myself dancing, yeah
i can hold my own hand
yeah, i can love me better than
yeah, i can love me better than you can

can love me better, i can love me better, baby (oh, oh)
can love me better, i can love me better, baby (than you can)
can love me better, i can love me better, baby
can love me better, i",333,94,0.7177,7.2391,0.2823,3,0,0.9998,0.496,0.019,0.9998
2HRqTpkrJO5ggZyyK6NPWz,"now he's thinkin' 'bout me every night, oh
is it that sweet? i guess so
say you can't sleep, baby, i know
that's that me, espresso
move it up, down, left, right, oh
switch it up like nintendo
say you can't sleep, baby, i know
that's that me, espresso

i can't relate to desperation
my 'give a fucks' are on vacation
and i got this one boy
and he won't stop calling
when they act this way
i know i got 'em

too bad your ex don't do it for ya
walked in and dream came trued it for ya
soft skin and i perfumed it for ya
i know i mountain dew it for ya
that morning coffee, brewed it for ya
one touch and i brand newed it for ya

now he's thinkin' 'bout me every night, oh
is it that sweet? i guess so
say you can't sleep, baby, i know
that's that me, espresso
move it up, down, left, right, oh
switch it up like nintendo
say you can't sleep, baby, i know
that's that me, espresso

(holy shit)
is it that sweet? i guess so

i'm working late 'cause i'm a singer
oh, he looks so cute wrapped around my finger
my twisted humor, make him laugh so often
my honey bee, come and get this pollen

too bad your ex don't do it for ya
walked in and dream came trued it for ya
soft skin and i perfumed it for ya
i know i mountain dew it for ya
that morning coffee, brewed it for ya
one touch and i brand newed it for ya

now he's thinkin' 'bout me every night, oh
is it that sweet? i guess so
say you can't sleep, baby, i know
that's that me, espresso
move it up, down, left, right, oh
switch it up like nintendo
say you can't sleep, baby, i know
that's that me, espresso

he's thinkin' 'bout me every night, oh
is it that sweet? i guess so
say you can't sleep, baby, i know
that's that me, espresso
move it up, down, left, right, oh
switch it up like nintendo
say you can't sleep, baby, i know
that's that me, espresso

is it that sweet? i guess so
that's that me, espresso",380,105,0.7237,6.5517,0.2763,9,1,0.9821,0.112,0.033,0.9821
5fZJQrFKWQLb7FpJXZ1g7K,"my baby want a birkin
she's been telling me all night long
gasoline and groceries, the list goes on and on
this 9 to 5 ain't working, why the hell do i work so hard?
i can't worry about my problems, i can't take 'em when i'm gone

one, here comes the two, to the three, to the four
tell 'em bring another out, we need plenty more
two stepping on the table, she don't need a dance floor
oh my, good lord

someone pour me up a double shot of whiskey
they know me and jack daniels got a history
there's a party downtown, near 5th street
everybody at the bar getting tipsy
everybody at the bar getting tipsy
everybody at the bar getting tipsy

i've been boozey since i've left
i ain't changing for a check
tell my ma', i ain't forget (oh lord)
woke up drunk at 10 a.m.
we gon' do this shit again
tell your girl to bring a friend (oh lord)

one, here comes the two, to the three, to the four
tell 'em bring another out, we need plenty more
two stepping on the table, she don't need a dance floor
oh my, good lord

someone pour me up a double shot of whiskey
they know me and jack daniels got a history
there's a party downtown, near 5th street
everybody at the bar getting tipsy
everybody at the bar getting tipsy
everybody at the bar getting tipsy

one, here comes the two, to the three, to the four
when it's last call, and they kick us out the door
it's getting kind of late, but the ladies want some more
oh my, good lord

someone pour me up a double shot of whiskey
they know me and jack daniels got a history
there's a party downtown, near 5th street
everybody at the bar getting tipsy
someone pour me up a double shot of whiskey
they know me and jack daniels got a history
at the bottom of a bottle gone miss me
everybody at the bar getting tipsy
everybody at the bar getting tipsy
everybody at the bar getting tipsy",358,126,0.648,7.9556,0.352,0,2,0.8327,0.061,0.033,0.8327
6AI3ezQ4o3HUoP6Dhudph3,"psst, i see dead people
(mustard on the beat, hoe)

ayy, mustard on the beat, hoe
deebo, any rap nigga, he a free throw
man down, call an ambulance, tell him, ""breathe, bro""
nail a nigga to the cross, he walk around like teezo
what's up with these jabroni-ass niggas tryna see compton?
the industry can hate me, fuck 'em all and they mama
how many opps you really got? i mean, it's too many options
i'm finna pass on this body, i'm john stockton

beat your ass and hide the bible if god watchin'
sometimes you gotta pop out and show niggas
certified boogeyman, i'm the one that up the score with 'em
walk him down, whole time i know he got some hoe in him
pole on him, extort shit, bully, death row on him

say, drake, i hear you like 'em young
you better not ever go to cell block one
to any bitch that talk to him and they in love
just make sure you hide your lil' sister from him
they tell me chubbs the only one that get your hand-me-downs
and party at the party, playin' with his nose now
and baka got a weird case, why is he around?
certified lover boy? certified pedophiles

wop, wop, wop, wop, wop, dot, fuck 'em up
wop, wop, wop, wop, wop, i'ma do my stuff
why you trollin' like a bitch? ain't you tired?
tryna strike a chord and it's probably a-minor

they not like us, they not like us, they not like us
they not like us, they not like us, they not like us

you think the bay gon' let you disrespect pac, nigga?
i think that oakland show gon' be your last stop, nigga
did cole foui, i don't know why you still pretendin'
what is the owl? bird niggas and bird bitches, go
the audience not dumb
shape the stories how you want, hey, drake, they're not slow
rabbit hole is still deep, i can go further, i promise
ain't that somethin'? b-rad stands for bitch
and you malibu most wanted

ain't no law, boy, you ballboy, fetch gatorade or somethin'
since 2009, i had this bitch jumpin'
you niggas'll get a wedgie, be flipped over your boxers
what ovo for? the ""other vaginal option""? pussy
nigga better straighten they posture, got famous all up in compton
might write this for the docket, tell the pop star, ""quit hidin'""
fuck a caption, want action, no accident, and i'm hands-on
he fuck around, get polished

fucked on wayne girl while he was in jail, that's connivin'
then get his face tatted like a bitch apologizin'
i'm glad deroz' came home, y'all didn't deserve him neither
from alondra down to central, nigga better not speak on serena
and your homeboy need subpoena, that predator move in flocks
that name gotta be registered and placed on neighborhood watch
i lean on you niggas like another line of wock'
yeah, it's all eyes on me, and i'ma send it up to pac, ayy

put the wrong label on me, i'ma get 'em dropped, ayy
sweet chin music, and i won't pass the aux, ayy
how many stocks do i really have in stock? ayy
one, two, three, four, five, plus five, ayy
devil is a lie, he a 69 god, ayy
freaky-ass niggas need to stay they ass inside, ayy
roll they ass up like a fresh pack of 'za, ayy
city is back up, it's a must, we outside, ayy

they not like us, they not like us, they not like us
they not like us, they not like us, they not like us

once upon a time, all of us was in chains
homie still doubled down callin' us some slaves
atlanta was the mecca, buildin' railroads and trains
bear with me for a second, let me put y'all on game
the settlers was usin' town folk to make 'em richer
fast-forward, 2024, you got the same agenda
you run to atlanta when you need a check balance
let me break it down for you, this the real nigga challenge

you called future when you didn't see the club (ayy, what?)
lil baby helped you get your lingo up (what?)
21 gave you false street cred
thug made you feel like you a slime in your head (ayy, what?)
quavo said you can be from northside (what?)
2 chainz say you good, but he lied
you run to atlanta when you need a few dollars
no, you not a colleague, you a fuckin' colonizer

the family matter, and the truth of the matter
it was god's plan to show y'all the liar

mm
mm-mm
he a fan, he a fan, he a fan (mm)
he a fan, he a fan, he a-
freaky-ass nigga, he a 69 god
freaky-ass nigga, he a 69 god
hey, hey, hey, hey, run for your life
hey, hey, hey, hey, run for your life
freaky-ass nigga, he a 69 god
freaky-ass nigga, he a 69 god
hey, hey, hey, hey, run for your life
hey, hey, hey, hey, run for your life

let me hear you say, ""ov-hoe"" (ov-hoe)
say, ""ov-hoe"" (ov-hoe)
then step this way, step that way
then step this way, step that way

are you my friend?
are we locked in?
then step this way, step that way
then step this way, step that way",900,413,0.5411,8.8235,0.4589,12,31,-0.5519,0.092,0.097,0.5519
2plbrEY59IikOBgBGLjaoe,"(ooh, ooh)

i, i just woke up from a dream
where you and i had to say goodbye
and i don't know what it all means
but since i survived, i realized

wherever you go, that's where i'll follow
nobody's promised tomorrow
so i'ma love you every night like it's the last night
like it's the last night

if the world was ending, i'd wanna be next to you
if the party was over and our time on earth was through
i'd wanna hold you just for a while and die with a smile
if the world was ending, i'd wanna be next to you

(ooh, ooh)

oh, lost, lost in the words that we scream
i don't even wanna do this anymore
'cause you already know what you mean to me
and our love's the only war worth fighting for

wherever you go, that's where i'll follow
nobody's promised tomorrow
so i'ma love you every night like it's the last night
like it's the last night

if the world was ending, i'd wanna be next to you
if the party was over and our time on earth was through
i'd wanna hold you just for a while and die with a smile
if the world was ending, i'd wanna be next to you

right next to you
next to you
right next to you
oh-oh, oh

if the world was ending, i'd wanna be next to you
if the party was over and our time on earth was through
i'd wanna hold you just for a while and die with a smile
if the world was ending, i'd wanna be next to you
if the world was ending, i'd wanna be next to you

(ooh, ooh)
i'd wanna be next to you",293,89,0.6962,7.9189,0.3038,3,0,0.9765,0.167,0.094,0.9765
2CGNAOSuO1MEFCbBRgUzjd,"(if this world were mine)

hey, roman numeral seven, bae, drop it like it's hot
if this world was mine, i'd take your dreams and make 'em multiply
if this world was mine, i'd take your enemies in front of god
introduce 'em to that light, hit them strictly with that fire
fah-fah, fah-fah-fah, fah-fah, fah

hey, roman numeral seven, bae, drop it like it's hot
if this world was mine, i'd take your dreams and make 'em multiply
if this world was mine, i'd take your enemies in front of god
introduce 'em to that light, hit them strictly with that fire
it's a vibe, do your dance, let 'em watch
she a fan, he a flop, they just wanna kumbaya, nah

in this world, concrete flowers grow
heartache, she only doin' what she know
weekends, get it poppin' on the low
better days comin' for sure (if this world were -)
if it was up to me
i wouldn't give these nobodies no sympathy
i'd take away the pain, i'd give you everythin'
i just wanna see you win, wanna see
(if this world were mine)

it go in (when you), out (ride it), do it real slow (slide)
baby, you a star, strike, pose
when i'm (when you), with you (with me), everythin' goes (slow)
come and (put that), put that (on my), on my (titi), soul (soul)
'rari (red), crown (stack), wrist (stay), froze (really)
drip (tell me), pound (if you), on the way home (love me)

in this world, concrete flowers grow
heartache, she only doin' what she know
weekends, get it poppin' on the low
better days comin' for sure (if this world were -)
if it was up to me
i wouldn't give these nobodies no sympathy
i'd take away the pain, i'd give you everythin'
i just wanna see you win, wanna see
(if this world were mine)

i can't lie, i trust you, i love you, i won't waste your time
i turn it off just so i can turn you on
i'ma make you say it loud
i'm not even trippin', i won't stress you out
i might even settle down for you, i'ma show you i'm a pro
i'ma take my time and turn it off, just so i can turn you on, baby
weekends, get it poppin' on the low
better days comin' for sure (i know you're comin', i know you're comin' for -)

(better days)
(if this world were mine)",414,170,0.5894,9.0,0.4106,0,0,0.9555,0.118,0.086,0.9555
2RkZ5LkEzeHGRsmDqKwmaJ,"they say, ""the holy water's watered down
and this town's lost its faith
our colors will fade eventually""
so, if our time is runnin' out
day after day
we'll make the mundane our masterpiece


oh, my, my
oh, my, my love
i take one look at you


you're takin' me out of the ordinary
i want you layin' me down 'til we're dead and buried
on the edge of your knife, stayin' drunk on your vine
the angels up in the clouds are jealous knowin' we found
somethin' so out of the ordinary
you got me kissin' thе ground of your sanctuary
shatter me with your touch, oh, lord, return mе to dust
the angels up in the clouds are jealous knowin' we found


hopeless hallelujah
on this side of heaven's gate
oh, my life, how do ya
breathe and take my breath away?
at your altar, i will pray
you're the sculptor, i'm the clay
see upcoming pop shows
get tickets for your favorite artists
you might also like
first time on earth
alex warren
everything
alex warren
eternity
alex warren

oh, my, my


you're takin' me out of the ordinary
i want you layin' me down 'til we're dead and buried
on the edge of your knife, stayin' drunk on your vine
the angels up in the clouds are jealous knowin' we found
somethin' so out (out) of the ordinary (ordinary)
you got me kissing the ground (ground) of your sanctuary (sanctuary)
shatter me with your touch, oh, lord, return me to dust
the angels up in the clouds are jealous knowin' we found


somethin' so heavenly, higher than ecstasy
whenever you're next to me, oh, my, my
world was in black and white until i saw your light
i thought you had to die to find


somethin' so out of the ordinary
i want you laying me down 'til we're dead and buried
on the edge of your knife, stayin' drunk on your vine
the angels up in the clouds are jealous knowin' we found
somethin' so out (out) of the ordinary
you got me kissing the ground (ground) of your sanctuary (sanctuary)
shatter me with your touch, oh, lord, return me to dust
the angels up in the clouds are jealous knowin' we found",378,142,0.6243,7.1321,0.3757,7,0,-0.6229,0.098,0.108,0.6229
