SONG_TITLE,ARTIST_NAME,Billboard_Year,Billboard_Rank,HitScore
Hold On,Wilson Phillips,1990,1,1.0
It Must Have Been Love,Roxette,1990,2,0.99
Nothing Compares 2 U,Sinéad O'Connor,1990,3,0.98
Poison,Bell Biv DeVoe,1990,4,0.97
Vogue,Madonna,1990,5,0.96
Vision of Love,Mariah Carey,1990,6,0.95
Another Day in Paradise,Phil Collins,1990,7,0.94
Hold On,En Vogue,1990,8,0.93
Cradle of Love,Billy Idol,1990,9,0.92
Blaze of Glory,Jon Bon Jovi,1990,10,0.91
Do Me!,Bell Biv DeVoe,1990,11,0.9
How Am I Supposed to Live Without You,Michael Bolton,1990,12,0.89
Pump Up the Jam,Technotronic,1990,13,0.88
Opposites Attract,Paula Abdul,1990,14,0.87
Escapade,Janet Jackson,1990,15,0.86
All I Wanna Do Is Make Love to You,Heart,1990,16,0.85
Close to You,Maxi Priest,1990,17,0.84
Black Velvet,Alannah Myles,1990,18,0.83
Release Me,Wilson Phillips,1990,19,0.82
Don't Know Much,Linda Ronstadt featuring Aaron Neville,1990,20,0.81
All Around the World,Lisa Stansfield,1990,21,0.8
I Wanna Be Rich,Calloway,1990,22,0.79
Rub You the Right Way,Johnny Gill,1990,23,0.78
She Ain't Worth It,Glenn Medeiros featuring Bobby Brown,1990,24,0.77
If Wishes Came True,Sweet Sensation,1990,25,0.76
The Power,Snap!,1990,26,0.75
(Can't Live Without Your) Love and Affection,Nelson,1990,27,0.74
Love Will Lead You Back,Taylor Dayne,1990,28,0.73
Don't Wanna Fall in Love,Jane Child,1990,29,0.72
Two to Make It Right,Seduction,1990,30,0.71
Sending All My Love,Linear,1990,31,0.7
Unskinny Bop,Poison,1990,32,0.69
Step by Step,New Kids on the Block,1990,33,0.68
Dangerous,Roxette,1990,34,0.67
We Didn't Start the Fire,Billy Joel,1990,35,0.66
I Don't Have the Heart,James Ingram,1990,36,0.65
Downtown Train,Rod Stewart,1990,37,0.64
Rhythm Nation,Janet Jackson,1990,38,0.63
I'll Be Your Everything,Tommy Page,1990,39,0.62
Roam,The B-52's,1990,40,0.61
Everything,Jody Watley,1990,41,0.6
Back to Life (However Do You Want Me),Soul II Soul featuring Caron Wheeler,1990,42,0.59
Here and Now,Luther Vandross,1990,43,0.58
Alright,Janet Jackson,1990,44,0.57
Ice Ice Baby,Vanilla Ice,1990,45,0.56
Blame It on the Rain,Milli Vanilli,1990,46,0.55
Have You Seen Her,MC Hammer,1990,47,0.54
With Every Beat of My Heart,Taylor Dayne,1990,48,0.53
Come Back to Me,Janet Jackson,1990,49,0.52
No More Lies,Michel'le,1990,50,0.51
Praying for Time,George Michael,1990,51,0.5
How Can We Be Lovers,Michael Bolton,1990,52,0.49
Do You Remember?,Phil Collins,1990,53,0.48
Ready or Not,After 7,1990,54,0.47
U Can't Touch This,MC Hammer,1990,55,0.46
I Wish It Would Rain Down,Phil Collins,1990,56,0.45
Just Between You and Me,Lou Gramm,1990,57,0.44
Something Happened on the Way to Heaven,Phil Collins,1990,58,0.43
Black Cat,Janet Jackson,1990,59,0.42
Can't Stop,After 7,1990,60,0.41
Janie's Got a Gun,Aerosmith,1990,61,0.4
The Humpty Dance,Digital Underground,1990,62,0.39
I'll Be Your Shelter,Taylor Dayne,1990,63,0.38
Free Fallin',Tom Petty,1990,64,0.37
Giving You the Benefit,Pebbles,1990,65,0.36
Enjoy the Silence,Depeche Mode,1990,66,0.35
Love Song,Tesla,1990,67,0.34
Price of Love,Bad English,1990,68,0.33
Girls Nite Out,Tyler Collins,1990,69,0.32
King of Wishful Thinking,Go West,1990,70,0.31
What Kind of Man Would I Be?,Chicago,1990,71,0.3
I Remember You,Skid Row,1990,72,0.29
Get Up! (Before the Night Is Over),Technotronic featuring Ya Kid K,1990,73,0.28
Here We Are,Gloria Estefan,1990,74,0.27
Epic,Faith No More,1990,75,0.26
Love Takes Time,Mariah Carey,1990,76,0.25
Just Like Jesse James,Cher,1990,77,0.24
Love Shack,The B-52's,1990,78,0.23
All or Nothing,Milli Vanilli,1990,79,0.22
Romeo,Dino,1990,80,0.21
Everybody Everybody,Black Box,1990,81,0.2
I Go to Extremes,Billy Joel,1990,82,0.19
Whip Appeal,Babyface,1990,83,0.18
Oh Girl,Paul Young,1990,84,0.17
C'mon and Get My Love,D Mob with Cathy Dennis,1990,85,0.16
(It's Just) The Way That You Love Me,Paula Abdul,1990,86,0.15
We Can't Go Wrong,The Cover Girls,1990,87,0.14
When I'm Back on My Feet Again,Michael Bolton,1990,88,0.13
Make You Sweat,Keith Sweat,1990,89,0.12
This One's for the Children,New Kids on the Block,1990,90,0.11
What It Takes,Aerosmith,1990,91,0.1
Forever,Kiss,1990,92,0.09
Jerk Out,The Time,1990,93,0.08
Just a Friend,Biz Markie,1990,94,0.07
Whole Wide World,A'me Lorain,1990,95,0.06
Without You,Mötley Crüe,1990,96,0.05
Swing the Mood,Jive Bunny and the Mastermixers,1990,97,0.04
Thieves in the Temple,Prince,1990,98,0.03
Mentirosa,Mellow Man Ace,1990,99,0.02
Tic-Tac-Toe,Kyper,1990,100,0.01
(Everything I Do) I Do It for You,Bryan Adams,1991,1,1.0
I Wanna Sex You Up,Color Me Badd,1991,2,0.99
Gonna Make You Sweat (Everybody Dance Now),C+C Music Factory,1991,3,0.98
Rush Rush,Paula Abdul,1991,4,0.97
One More Try,Timmy T,1991,5,0.96
Unbelievable,EMF,1991,6,0.95
More Than Words,Extreme,1991,7,0.94
I Like the Way (The Kissing Game),Hi-Five,1991,8,0.93
The First Time,Surface,1991,9,0.92
Baby Baby,Amy Grant,1991,10,0.91
Motownphilly,Boyz II Men,1991,11,0.9
Because I Love You (The Postman Song),Stevie B,1991,12,0.89
Someday,Mariah Carey,1991,13,0.88
High Enough,Damn Yankees,1991,14,0.87
From a Distance,Bette Midler,1991,15,0.86
All the Man That I Need,Whitney Houston,1991,16,0.85
"Right Here, Right Now",Jesus Jones,1991,17,0.84
I Adore Mi Amor,Color Me Badd,1991,18,0.83
Love Will Never Do (Without You),Janet Jackson,1991,19,0.82
Good Vibrations,Marky Mark and the Funky Bunch featuring Loleatta Holloway,1991,20,0.81
Justify My Love,Madonna,1991,21,0.8
Emotions,Mariah Carey,1991,22,0.79
Joyride,Roxette,1991,23,0.78
Romantic,Karyn White,1991,24,0.77
Hold You Tight,Tara Kemp,1991,25,0.76
I Don't Wanna Cry,Mariah Carey,1991,26,0.75
You're in Love,Wilson Phillips,1991,27,0.74
Every Heartbeat,Amy Grant,1991,28,0.73
Sensitivity,Ralph Tresvant,1991,29,0.72
Touch Me (All Night Long),Cathy Dennis,1991,30,0.71
I've Been Thinking About You,Londonbeat,1991,31,0.7
Do Anything,Natural Selection,1991,32,0.69
Losing My Religion,R.E.M.,1991,33,0.68
Coming Out of the Dark,Gloria Estefan,1991,34,0.67
It Ain't Over 'til It's Over,Lenny Kravitz,1991,35,0.66
Here We Go,C+C Music Factory,1991,36,0.65
Where Does My Heart Beat Now,Celine Dion,1991,37,0.64
Summertime,DJ Jazzy Jeff & The Fresh Prince,1991,38,0.63
Wind of Change,Scorpions,1991,39,0.62
P.A.S.S.I.O.N.,Rythm Syndicate,1991,40,0.61
The Promise of a New Day,Paula Abdul,1991,41,0.6
I'm Your Baby Tonight,Whitney Houston,1991,42,0.59
Love of a Lifetime,FireHouse,1991,43,0.58
Fading Like a Flower (Every Time You Leave),Roxette,1991,44,0.57
This House,Tracie Spencer,1991,45,0.56
Hole Hearted,Extreme,1991,46,0.55
Power of Love/Love Power,Luther Vandross,1991,47,0.54
Impulsive,Wilson Phillips,1991,48,0.53
Love Is a Wonderful Thing,Michael Bolton,1991,49,0.52
Rhythm of My Heart,Rod Stewart,1991,50,0.51
Things That Make You Go Hmmm...,C+C Music Factory,1991,51,0.5
I Touch Myself,Divinyls,1991,52,0.49
Tom's Diner,DNA featuring Suzanne Vega,1991,53,0.48
Iesha,Another Bad Creation,1991,54,0.47
Something to Talk About,Bonnie Raitt,1991,55,0.46
After the Rain,Nelson,1991,56,0.45
Play That Funky Music,Vanilla Ice,1991,57,0.44
Temptation,Corina,1991,58,0.43
Can't Stop This Thing We Started,Bryan Adams,1991,59,0.42
I Can't Wait Another Minute,Hi-Five,1991,60,0.41
3 a.m. Eternal,The KLF,1991,61,0.4
"Time, Love and Tenderness",Michael Bolton,1991,62,0.39
Sadeness (Part I),Enigma,1991,63,0.38
Around the Way Girl,LL Cool J,1991,64,0.37
I'll Be There,The Escape Club,1991,65,0.36
Cream,Prince and The New Power Generation,1991,66,0.35
Now That We Found Love,Heavy D & the Boyz,1991,67,0.34
Show Me the Way,Styx,1991,68,0.33
Love Takes Time,Mariah Carey,1991,69,0.32
Cry for Help,Rick Astley,1991,70,0.31
The Way You Do the Things You Do,UB40,1991,71,0.3
Here I Am (Come and Take Me),UB40,1991,72,0.29
Signs,Tesla,1991,73,0.28
Too Many Walls,Cathy Dennis,1991,74,0.27
Crazy,Seal,1991,75,0.26
I'll Give All My Love to You,Keith Sweat,1991,76,0.25
Place in this World,Michael W. Smith,1991,77,0.24
Something to Believe In,Poison,1991,78,0.23
Wicked Game,Chris Isaak,1991,79,0.22
Get Here,Oleta Adams,1991,80,0.21
Round and Round,Tevin Campbell,1991,81,0.2
Silent Lucidity,Queensrÿche,1991,82,0.19
I'm Not in Love,Will to Power,1991,83,0.18
Piece of My Heart,Tara Kemp,1991,84,0.17
Real Real Real,Jesus Jones,1991,85,0.16
Everybody Plays the Fool,Aaron Neville,1991,86,0.15
Just Another Dream,Cathy Dennis,1991,87,0.14
Strike It Up,Black Box,1991,88,0.13
Rico Suave,Gerardo,1991,89,0.12
Disappear,INXS,1991,90,0.11
Groove Is in the Heart,Deee-Lite,1991,91,0.1
All This Time,Sting,1991,92,0.09
The One and Only,Chesney Hawkes,1991,93,0.08
O.P.P.,Naughty by Nature,1991,94,0.07
Freedom! '90,George Michael,1991,95,0.06
I Saw Red,Warrant,1991,96,0.05
Miles Away,Winger,1991,97,0.04
Do You Want Me,Salt-n-Pepa,1991,98,0.03
The Motown Song,Rod Stewart,1991,99,0.02
Shiny Happy People,R.E.M.,1991,100,0.01
End of the Road,Boyz II Men,1992,1,1.0
Baby Got Back,Sir Mix-a-Lot,1992,2,0.99
Jump,Kris Kross,1992,3,0.98
Save the Best for Last,Vanessa Williams,1992,4,0.97
Baby-Baby-Baby,TLC,1992,5,0.96
Tears in Heaven,Eric Clapton,1992,6,0.95
My Lovin' (You're Never Gonna Get It),En Vogue,1992,7,0.94
Under the Bridge,Red Hot Chili Peppers,1992,8,0.93
All 4 Love,Color Me Badd,1992,9,0.92
Just Another Day,Jon Secada,1992,10,0.91
I Love Your Smile,Shanice,1992,11,0.9
To Be with You,Mr. Big,1992,12,0.89
I'm Too Sexy,Right Said Fred,1992,13,0.88
Black or White,Michael Jackson,1992,14,0.87
Achy Breaky Heart,Billy Ray Cyrus,1992,15,0.86
I'll Be There,Mariah Carey,1992,16,0.85
November Rain,Guns N' Roses,1992,17,0.84
Life Is a Highway,Tom Cochrane,1992,18,0.83
Remember the Time,Michael Jackson,1992,19,0.82
Finally,CeCe Peniston,1992,20,0.81
This Used to Be My Playground,Madonna,1992,21,0.8
Sometimes Love Just Ain't Enough,Patty Smyth and Don Henley,1992,22,0.79
Can't Let Go,Mariah Carey,1992,23,0.78
Jump Around,House of Pain,1992,24,0.77
Diamonds and Pearls,Prince and The New Power Generation,1992,25,0.76
Don't Let the Sun Go Down on Me,George Michael and Elton John,1992,26,0.75
Masterpiece,Atlantic Starr,1992,27,0.74
If You Asked Me To,Celine Dion,1992,28,0.73
Giving Him Something He Can Feel,En Vogue,1992,29,0.72
Live and Learn,Joe Public,1992,30,0.71
Come and Talk to Me,Jodeci,1992,31,0.7
Smells Like Teen Spirit,Nirvana,1992,32,0.69
Humpin' Around,Bobby Brown,1992,33,0.68
Damn I Wish I Was Your Lover,Sophie B. Hawkins,1992,34,0.67
Tell Me What You Want Me to Do,Tevin Campbell,1992,35,0.66
Ain't 2 Proud 2 Beg,TLC,1992,36,0.65
It's So Hard to Say Goodbye to Yesterday,Boyz II Men,1992,37,0.64
Move This,Technotronic featuring Ya Kid K,1992,38,0.63
Bohemian Rhapsody,Queen,1992,39,0.62
Tennessee,Arrested Development,1992,40,0.61
The Best Things in Life Are Free,Luther Vandross and Janet Jackson,1992,41,0.6
Make It Happen,Mariah Carey,1992,42,0.59
The One,Elton John,1992,43,0.58
Set Adrift on Memory Bliss,P.M. Dawn,1992,44,0.57
Stay,Shakespears Sister,1992,45,0.56
2 Legit 2 Quit,Hammer,1992,46,0.55
Please Don't Go,KWS,1992,47,0.54
Breakin' My Heart (Pretty Brown Eyes),Mint Condition,1992,48,0.53
Wishing on a Star,The Cover Girls,1992,49,0.52
She's Playing Hard to Get,Hi-Five,1992,50,0.51
I'd Die Without You,P.M. Dawn,1992,51,0.5
Good for Me,Amy Grant,1992,52,0.49
All I Want,Toad the Wet Sprocket,1992,53,0.48
When a Man Loves a Woman,Michael Bolton,1992,54,0.47
I Can't Dance,Genesis,1992,55,0.46
Hazard,Richard Marx,1992,56,0.45
Mysterious Ways,U2,1992,57,0.44
Too Funky,George Michael,1992,58,0.43
How Do You Talk to an Angel,The Heights,1992,59,0.42
One,U2,1992,60,0.41
Keep on Walkin',CeCe Peniston,1992,61,0.4
Hold on My Heart,Genesis,1992,62,0.39
The Way I Feel About You,Karyn White,1992,63,0.38
Beauty and the Beast,Celine Dion and Peabo Bryson,1992,64,0.37
Warm It Up,Kris Kross,1992,65,0.36
In the Closet,Michael Jackson,1992,66,0.35
People Everyday,Arrested Development,1992,67,0.34
No Son of Mine,Genesis,1992,68,0.33
Wildside,Marky Mark and the Funky Bunch,1992,69,0.32
Do I Have to Say the Words?,Bryan Adams,1992,70,0.31
Friday I'm in Love,The Cure,1992,71,0.3
Everything About You,Ugly Kid Joe,1992,72,0.29
Blowing Kisses in the Wind,Paula Abdul,1992,73,0.28
Thought I'd Died and Gone to Heaven,Bryan Adams,1992,74,0.27
Rhythm Is a Dancer,Snap!,1992,75,0.26
Addams Groove,Hammer,1992,76,0.25
Missing You Now,Michael Bolton,1992,77,0.24
Back to the Hotel,N2Deep,1992,78,0.23
Everything Changes,Kathy Troccoli,1992,79,0.22
Have You Ever Needed Someone So Bad,Def Leppard,1992,80,0.21
Take This Heart,Richard Marx,1992,81,0.2
When I Look Into Your Eyes,FireHouse,1992,82,0.19
I Wanna Love You,Jade,1992,83,0.18
Uhh Ahh,Boyz II Men,1992,84,0.17
Real Love,Mary J. Blige,1992,85,0.16
Justified and Ancient,The KLF,1992,86,0.15
Slow Motion,Color Me Badd,1992,87,0.14
What About Your Friends,TLC,1992,88,0.13
Thinkin' Back,Color Me Badd,1992,89,0.12
Would I Lie to You?,Charles & Eddie,1992,90,0.11
That's What Love Is For,Amy Grant,1992,91,0.1
Keep Coming Back,Richard Marx,1992,92,0.09
Free Your Mind,En Vogue,1992,93,0.08
Keep It Comin',Keith Sweat,1992,94,0.07
Just Take My Heart,Mr. Big,1992,95,0.06
I Will Remember You,Amy Grant,1992,96,0.05
We Got a Love Thang,CeCe Peniston,1992,97,0.04
Let's Get Rocked,Def Leppard,1992,98,0.03
They Want EFX,Das EFX,1992,99,0.02
I Can't Make You Love Me,Bonnie Raitt,1992,100,0.01
I Will Always Love You,Whitney Houston,1993,1,1.0
Whoomp! (There It Is),Tag Team,1993,2,0.99
Can't Help Falling in Love,UB40,1993,3,0.98
That's the Way Love Goes,Janet Jackson,1993,4,0.97
Freak Me,Silk,1993,5,0.96
Weak,SWV,1993,6,0.95
If I Ever Fall in Love,Shai,1993,7,0.94
Dreamlover,Mariah Carey,1993,8,0.93
Rump Shaker,Wreckx-n-Effect,1993,9,0.92
Informer,Snow,1993,10,0.91
Nuthin' but a 'G' Thang,Dr. Dre,1993,11,0.9
In the Still of the Nite,Boyz II Men,1993,12,0.89
Don't Walk Away,Jade,1993,13,0.88
Knockin' da Boots,H-Town,1993,14,0.87
Lately,Jodeci,1993,15,0.86
Dazzey Duks,Duice,1993,16,0.85
Show Me Love,Robin S.,1993,17,0.84
A Whole New World,Peabo Bryson and Regina Belle,1993,18,0.83
If,Janet Jackson,1993,19,0.82
I'm So Into You,SWV,1993,20,0.81
Love Is,Vanessa Williams and Brian McKnight,1993,21,0.8
Runaway Train,Soul Asylum,1993,22,0.79
I'll Never Get Over You (Getting Over Me),Exposé,1993,23,0.78
Ditty,Paperboy,1993,24,0.77
Rhythm Is a Dancer,Snap!,1993,25,0.76
The River of Dreams,Billy Joel,1993,26,0.75
I'm Gonna Be (500 Miles),The Proclaimers,1993,27,0.74
Two Princes,Spin Doctors,1993,28,0.73
Right Here (Human Nature) / Downtown,SWV,1993,29,0.72
I Have Nothing,Whitney Houston,1993,30,0.71
Mr. Wendal,Arrested Development,1993,31,0.7
Have I Told You Lately,Rod Stewart,1993,32,0.69
Saving Forever for You,Shanice,1993,33,0.68
Ordinary World,Duran Duran,1993,34,0.67
If I Had No Loot,Tony! Toni! Toné!,1993,35,0.66
I'd Do Anything for Love (But I Won't Do That),Meat Loaf,1993,36,0.65
Slam,Onyx,1993,37,0.64
Looking Through Patient Eyes,P.M. Dawn,1993,38,0.63
I'm Every Woman,Whitney Houston,1993,39,0.62
Baby I'm Yours,Shai,1993,40,0.61
Come Undone,Duran Duran,1993,41,0.6
I Don't Wanna Fight,Tina Turner,1993,42,0.59
I'd Die Without You,P.M. Dawn,1993,43,0.58
"Whoot, There It Is",95 South,1993,44,0.57
Hip Hop Hooray,Naughty by Nature,1993,45,0.56
Another Sad Love Song,Toni Braxton,1993,46,0.55
Will You Be There,Michael Jackson,1993,47,0.54
Comforter,Shai,1993,48,0.53
Good Enough,Bobby Brown,1993,49,0.52
What's Up?,4 Non Blondes,1993,50,0.51
All That She Wants,Ace of Base,1993,51,0.5
7,Prince and The New Power Generation,1993,52,0.49
Dre Day,Dr. Dre,1993,53,0.48
One Last Cry,Brian McKnight,1993,54,0.47
Just Kickin' It,Xscape,1993,55,0.46
I Get Around,2Pac,1993,56,0.45
Bed of Roses,Bon Jovi,1993,57,0.44
Real Love,Mary J. Blige,1993,58,0.43
Here We Go Again!,Portrait,1993,59,0.42
Cryin',Aerosmith,1993,60,0.41
Cat's in the Cradle,Ugly Kid Joe,1993,61,0.4
What About Your Friends,TLC,1993,62,0.39
I Got a Man,Positive K,1993,63,0.38
Hey Mr. D.J.,Zhané,1993,64,0.37
Insane in the Brain,Cypress Hill,1993,65,0.36
Deeper and Deeper,Madonna,1993,66,0.35
Rain,Madonna,1993,67,0.34
The Right Kind of Love,Jeremy Jordan,1993,68,0.33
Bad Boys,Inner Circle,1993,69,0.32
That's What Love Can Do,Boy Krazy,1993,70,0.31
Do You Believe in Us,Jon Secada,1993,71,0.3
Angel,Jon Secada,1993,72,0.29
Forever in Love,Kenny G,1993,73,0.28
Again,Janet Jackson,1993,74,0.27
Boom! Shake the Room,DJ Jazzy Jeff & The Fresh Prince,1993,75,0.26
When She Cries,Restless Heart,1993,76,0.25
Sweat (A La La La La Long),Inner Circle,1993,77,0.24
It Was a Good Day,Ice Cube,1993,78,0.23
More and More,Captain Hollywood Project,1993,79,0.22
How Do You Talk to an Angel,The Heights,1993,80,0.21
Rebirth of Slick (Cool Like Dat),Digable Planets,1993,81,0.2
What Is Love,Haddaway,1993,82,0.19
To Love Somebody,Michael Bolton,1993,83,0.18
"Give It Up, Turn It Loose",En Vogue,1993,84,0.17
Alright,Kris Kross featuring Super Cat,1993,85,0.16
Check Yo Self,Ice Cube featuring Das EFX,1993,86,0.15
Fields of Gold,Sting,1993,87,0.14
Ooh Child,Dino,1993,88,0.13
Faithful,Go West,1993,89,0.12
Reason to Believe,Rod Stewart,1993,90,0.11
Break It Down Again,Tears for Fears,1993,91,0.1
Nothin' My Love Can't Fix,Joey Lawrence,1993,92,0.09
Three Little Pigs,Green Jellÿ,1993,93,0.08
Livin' on the Edge,Aerosmith,1993,94,0.07
Hey Jealousy,Gin Blossoms,1993,95,0.06
If I Ever Lose My Faith in You,Sting,1993,96,0.05
Anniversary,Tony! Toni! Toné!,1993,97,0.04
One Woman,Jade,1993,98,0.03
Can't Get Enough of Your Love,Taylor Dayne,1993,99,0.02
Two Steps Behind,Def Leppard,1993,100,0.01
The Sign,Ace of Base,1994,1,1.0
I Swear,All-4-One,1994,2,0.99
I'll Make Love to You,Boyz II Men,1994,3,0.98
The Power of Love,Celine Dion,1994,4,0.97
Hero,Mariah Carey,1994,5,0.96
Stay (I Missed You),Lisa Loeb and Nine Stories,1994,6,0.95
Breathe Again,Toni Braxton,1994,7,0.94
All for Love,"Bryan Adams, Rod Stewart and Sting",1994,8,0.93
All That She Wants,Ace of Base,1994,9,0.92
Don't Turn Around,Ace of Base,1994,10,0.91
Bump n' Grind,R. Kelly,1994,11,0.9
Again,Janet Jackson,1994,12,0.89
I'll Remember,Madonna,1994,13,0.88
Whatta Man,Salt-n-Pepa featuring En Vogue,1994,14,0.87
Wild Night,John Mellencamp with Meshell Ndegeocello,1994,15,0.86
Without You / Never Forget You,Mariah Carey,1994,16,0.85
You Mean the World to Me,Toni Braxton,1994,17,0.84
Can You Feel the Love Tonight,Elton John,1994,18,0.83
The Most Beautiful Girl in the World,Prince,1994,19,0.82
Fantastic Voyage,Coolio,1994,20,0.81
"Baby, I Love Your Way",Big Mountain,1994,21,0.8
Regulate,Warren G and Nate Dogg,1994,22,0.79
If You Go,Jon Secada,1994,23,0.78
Back & Forth,Aaliyah,1994,24,0.77
Now and Forever,Richard Marx,1994,25,0.76
When Can I See You,Babyface,1994,26,0.75
Please Forgive Me,Bryan Adams,1994,27,0.74
So Much in Love,All-4-One,1994,28,0.73
Shoop,Salt-n-Pepa,1994,29,0.72
"Any Time, Any Place / And On and On",Janet Jackson,1994,30,0.71
Shine,Collective Soul,1994,31,0.7
Said I Loved You...But I Lied,Michael Bolton,1994,32,0.69
Return to Innocence,Enigma,1994,33,0.68
All I Wanna Do,Sheryl Crow,1994,34,0.67
Mmm Mmm Mmm Mmm,Crash Test Dummies,1994,35,0.66
Can We Talk,Tevin Campbell,1994,36,0.65
Funkdafied,Da Brat,1994,37,0.64
I'd Do Anything for Love (But I Won't Do That),Meat Loaf,1994,38,0.63
Gangsta Lean,DRS,1994,39,0.62
Because the Night,"10,000 Maniacs",1994,40,0.61
Cantaloop (Flip Fantasia),Us3,1994,41,0.6
Whoomp! (There It Is),Tag Team,1994,42,0.59
Come to My Window,Melissa Etheridge,1994,43,0.58
Stroke You Up,Changing Faces,1994,44,0.57
I'm Ready,Tevin Campbell,1994,45,0.56
100% Pure Love,Crystal Waters,1994,46,0.55
Anytime You Need a Friend,Mariah Carey,1994,47,0.54
Because of Love,Janet Jackson,1994,48,0.53
Linger,The Cranberries,1994,49,0.52
Loser,Beck,1994,50,0.51
Found Out About You,Gin Blossoms,1994,51,0.5
Gin and Juice,Snoop Doggy Dogg,1994,52,0.49
Never Lie,Immature,1994,53,0.48
Streets of Philadelphia,Bruce Springsteen,1994,54,0.47
Getto Jam,Domino,1994,55,0.46
Endless Love,Luther Vandross & Mariah Carey,1994,56,0.45
I Miss You,Aaron Hall,1994,57,0.44
Understanding,Xscape,1994,58,0.43
This D.J.,Warren G,1994,59,0.42
Cry for You,Jodeci,1994,60,0.41
Keep Ya Head Up,2Pac,1994,61,0.4
What's My Name?,Snoop Doggy Dogg,1994,62,0.39
Another Night,Real McCoy,1994,63,0.38
Your Body's Callin',R. Kelly,1994,64,0.37
Tootsee Roll,69 Boyz,1994,65,0.36
I Can See Clearly Now (from Cool Runnings),Jimmy Cliff,1994,66,0.35
Never Keeping Secrets,Babyface,1994,67,0.34
Crazy,Aerosmith,1994,68,0.33
Just Kickin' It,Xscape,1994,69,0.32
(At Your Best) You Are Love,Aaliyah,1994,70,0.31
Rock and Roll Dreams Come Through,Meat Loaf,1994,71,0.3
Amazing,Aerosmith,1994,72,0.29
Always,Erasure,1994,73,0.28
Groove Thang,Zhané,1994,74,0.27
Dreams,Gabrielle,1994,75,0.26
Mr. Vain,Culture Beat,1994,76,0.25
Mary Jane's Last Dance,Tom Petty and the Heartbreakers,1994,77,0.24
Anything,SWV,1994,78,0.23
Beautiful in My Eyes,Joshua Kadison,1994,79,0.22
Stay,Eternal,1994,80,0.21
Flava in Ya Ear,Craig Mack,1994,81,0.2
U.N.I.T.Y.,Queen Latifah,1994,82,0.19
Prayer for the Dying,Seal,1994,83,0.18
Secret,Madonna,1994,84,0.17
Here Comes the Hotstepper,Ini Kamoze,1994,85,0.16
Everyday,Phil Collins,1994,86,0.15
Don't Take the Girl,Tim McGraw,1994,87,0.14
Got Me Waiting,Heavy D & the Boyz,1994,88,0.13
"December, 1963 (Oh, What a Night)",The Four Seasons,1994,89,0.12
Indian Outlaw,Tim McGraw,1994,90,0.11
Always,Bon Jovi,1994,91,0.1
I'm the Only One,Melissa Etheridge,1994,92,0.09
Back in the Day,Ahmad,1994,93,0.08
Love Sneakin' Up On You,Bonnie Raitt,1994,94,0.07
I'll Take You There (from Threesome),General Public,1994,95,0.06
Always in My Heart,Tevin Campbell,1994,96,0.05
What Is Love,Haddaway,1994,97,0.04
And Our Feelings,Babyface,1994,98,0.03
Bop Gun (One Nation),Ice Cube featuring George Clinton,1994,99,0.02
I Wanna Be Down,Brandy,1994,100,0.01
Gangsta's Paradise,Coolio featuring L.V.,1995,1,1.0
Waterfalls,TLC,1995,2,0.99
Creep,TLC,1995,3,0.98
Kiss from a Rose,Seal,1995,4,0.97
On Bended Knee,Boyz II Men,1995,5,0.96
Another Night,Real McCoy,1995,6,0.95
Fantasy,Mariah Carey,1995,7,0.94
Take a Bow,Madonna,1995,8,0.93
Don't Take It Personal (Just One of Dem Days),Monica,1995,9,0.92
This Is How We Do It,Montell Jordan,1995,10,0.91
I Know,Dionne Farris,1995,11,0.9
Water Runs Dry,Boyz II Men,1995,12,0.89
Freak Like Me,Adina Howard,1995,13,0.88
Run-Around,Blues Traveler,1995,14,0.87
I Can Love You Like That,All-4-One,1995,15,0.86
Have You Ever Really Loved a Woman?,Bryan Adams,1995,16,0.85
Always,Bon Jovi,1995,17,0.84
Boombastic / In the Summertime,Shaggy,1995,18,0.83
Total Eclipse of the Heart,Nicki French,1995,19,0.82
You Gotta Be,Des'ree,1995,20,0.81
You Are Not Alone,Michael Jackson,1995,21,0.8
Hold My Hand,Hootie & the Blowfish,1995,22,0.79
One More Chance/Stay with Me,The Notorious B.I.G.,1995,23,0.78
Here Comes the Hotstepper,Ini Kamoze,1995,24,0.77
Candy Rain,Soul for Real,1995,25,0.76
Let Her Cry,Hootie & the Blowfish,1995,26,0.75
I Believe,Blessid Union of Souls,1995,27,0.74
Red Light Special,TLC,1995,28,0.73
Runaway,Janet Jackson,1995,29,0.72
Strong Enough,Sheryl Crow,1995,30,0.71
Colors of the Wind,Vanessa Williams,1995,31,0.7
Someone to Love,Jon B. featuring Babyface,1995,32,0.69
Only Wanna Be with You,Hootie & the Blowfish,1995,33,0.68
If You Love Me,Brownstone,1995,34,0.67
In the House of Stone and Light,Martin Page,1995,35,0.66
I Got 5 on It,Luniz,1995,36,0.65
Baby,Brandy,1995,37,0.64
Run Away,Real McCoy,1995,38,0.63
As I Lay Me Down,Sophie B. Hawkins,1995,39,0.62
He's Mine,MoKenStef,1995,40,0.61
December,Collective Soul,1995,41,0.6
I'll Be There for You/You're All I Need to Get By,Method Man featuring Mary J. Blige,1995,42,0.59
Shy Guy,Diana King,1995,43,0.58
I'm the Only One,Melissa Etheridge,1995,44,0.57
Every Little Thing I Do,Soul for Real,1995,45,0.56
Before I Let You Go,Blackstreet,1995,46,0.55
Big Poppa / Warning,The Notorious B.I.G.,1995,47,0.54
Sukiyaki,4 P.M.,1995,48,0.53
I Wanna Be Down,Brandy,1995,49,0.52
I'll Make Love to You,Boyz II Men,1995,50,0.51
Dear Mama / Old School,2Pac,1995,51,0.5
Hold On,Jamie Walters,1995,52,0.49
Keep Their Heads Ringin',Dr. Dre,1995,53,0.48
The Rhythm of the Night,Corona,1995,54,0.47
Roll to Me,Del Amitri,1995,55,0.46
Scream / Childhood,Michael Jackson and Janet Jackson,1995,56,0.45
Freek'n You,Jodeci,1995,57,0.44
I Wish,Skee-Lo,1995,58,0.43
Believe,Elton John,1995,59,0.42
Carnival,Natalie Merchant,1995,60,0.41
You Don't Know How It Feels,Tom Petty,1995,61,0.4
Back for Good,Take That,1995,62,0.39
Tootsee Roll,69 Boyz,1995,63,0.38
You Want This / 70's Love Groove,Janet Jackson,1995,64,0.37
Tell Me,Groove Theory,1995,65,0.36
Can't You See,Total featuring The Notorious B.I.G.,1995,66,0.35
All I Wanna Do,Sheryl Crow,1995,67,0.34
This Lil' Game We Play,Subway featuring 702,1995,68,0.33
Come and Get Your Love,Real McCoy,1995,69,0.32
This Ain't a Love Song,Bon Jovi,1995,70,0.31
Secret,Madonna,1995,71,0.3
Player's Anthem,Junior M.A.F.I.A. featuring The Notorious B.I.G.,1995,72,0.29
Feel Me Flow,Naughty by Nature,1995,73,0.28
Every Day of the Week,Jade,1995,74,0.27
The Sweetest Days,Vanessa Williams,1995,75,0.26
Short Dick Man,20 Fingers featuring Gillette,1995,76,0.25
Brokenhearted,Brandy,1995,77,0.24
No More I Love You's,Annie Lennox,1995,78,0.23
You Used to Love Me,Faith Evans,1995,79,0.22
Constantly,Immature,1995,80,0.21
"Hold Me, Thrill Me, Kiss Me, Kill Me",U2,1995,81,0.2
100% Pure Love,Crystal Waters,1995,82,0.19
Ask of You,Raphael Saadiq,1995,83,0.18
Sugar Hill,AZ,1995,84,0.17
Good,Better Than Ezra,1995,85,0.16
Brown Sugar,D'Angelo,1995,86,0.15
Turn the Beat Around,Gloria Estefan,1995,87,0.14
'Til You Do Me Right,After 7,1995,88,0.13
1st of tha Month,Bone Thugs-n-Harmony,1995,89,0.12
Like the Way I Do / If I Wanted To,Melissa Etheridge,1995,90,0.11
I Live My Life for You,FireHouse,1995,91,0.1
Dream About You / Funky Melody,Stevie B,1995,92,0.09
Cotton Eye Joe,Rednex,1995,93,0.08
Thank You,Boyz II Men,1995,94,0.07
I'll Stand by You,The Pretenders,1995,95,0.06
I Miss You,N II U,1995,96,0.05
Give It 2 You,Da Brat,1995,97,0.04
Best Friend,Brandy,1995,98,0.03
Misery,Soul Asylum,1995,99,0.02
Can't Stop Lovin' You,Van Halen,1995,100,0.01
Macarena (Bayside Boys Mix),Los del Río,1996,1,1.0
One Sweet Day,Mariah Carey and Boyz II Men,1996,2,0.99
Because You Loved Me,Celine Dion,1996,3,0.98
Nobody Knows,The Tony Rich Project,1996,4,0.97
Always Be My Baby,Mariah Carey,1996,5,0.96
Give Me One Reason,Tracy Chapman,1996,6,0.95
Tha Crossroads,Bone Thugs-n-Harmony,1996,7,0.94
I Love You Always Forever,Donna Lewis,1996,8,0.93
You're Makin' Me High / Let It Flow,Toni Braxton,1996,9,0.92
Twisted,Keith Sweat,1996,10,0.91
C'mon N' Ride It (The Train),Quad City DJ's,1996,11,0.9
Missing,Everything but the Girl,1996,12,0.89
Ironic,Alanis Morissette,1996,13,0.88
Exhale (Shoop Shoop),Whitney Houston,1996,14,0.87
Follow You Down / Til I Hear It from You,Gin Blossoms,1996,15,0.86
Sittin' Up in My Room,Brandy,1996,16,0.85
How Do U Want It / California Love,2Pac featuring K-Ci and JoJo / 2Pac featuring Dr. Dre and Roger Troutman,1996,17,0.84
It's All Coming Back to Me Now,Celine Dion,1996,18,0.83
Change the World,Eric Clapton,1996,19,0.82
Hey Lover,LL Cool J featuring Boyz II Men,1996,20,0.81
Loungin,LL Cool J,1996,21,0.8
Insensitive,Jann Arden,1996,22,0.79
Be My Lover,La Bouche,1996,23,0.78
Name,Goo Goo Dolls,1996,24,0.77
Who Will Save Your Soul,Jewel,1996,25,0.76
Where Do You Go,No Mercy,1996,26,0.75
I Can't Sleep Baby (If I),R. Kelly,1996,27,0.74
Counting Blue Cars,Dishwalla,1996,28,0.73
You Learn / You Oughta Know,Alanis Morissette,1996,29,0.72
One of Us,Joan Osborne,1996,30,0.71
Wonder,Natalie Merchant,1996,31,0.7
Not Gon' Cry,Mary J. Blige,1996,32,0.69
Gangsta's Paradise,Coolio featuring L.V.,1996,33,0.68
Only You,112 featuring The Notorious B.I.G.,1996,34,0.67
Down Low (Nobody Has to Know),R. Kelly featuring Ronald Isley,1996,35,0.66
You're the One,SWV,1996,36,0.65
Sweet Dreams,La Bouche,1996,37,0.64
Before You Walk Out of My Life / Like This and Like That,Monica,1996,38,0.63
Breakfast at Tiffany's,Deep Blue Something,1996,39,0.62
"1, 2, 3, 4 (Sumpin' New)",Coolio,1996,40,0.61
The World I Know,Collective Soul,1996,41,0.6
No Diggity,Blackstreet featuring Dr. Dre,1996,42,0.59
Anything,3T,1996,43,0.58
1979,The Smashing Pumpkins,1996,44,0.57
Diggin' on You,TLC,1996,45,0.56
Why I Love You So Much / Ain't Nobody,Monica,1996,46,0.55
Kissin' You,Total,1996,47,0.54
Count on Me,Whitney Houston and CeCe Winans,1996,48,0.53
Fantasy,Mariah Carey,1996,49,0.52
Time,Hootie & the Blowfish,1996,50,0.51
You'll See,Madonna,1996,51,0.5
Last Night,Az Yet,1996,52,0.49
Mouth,Merril Bainbridge,1996,53,0.48
"The Earth, the Sun, the Rain",Color Me Badd,1996,54,0.47
All the Things (Your Man Won't Do),Joe,1996,55,0.46
Wonderwall,Oasis,1996,56,0.45
Woo Hah!! Got You All in Check / Everything Remains Raw,Busta Rhymes,1996,57,0.44
Tell Me,Groove Theory,1996,58,0.43
Elevators (Me & You),Outkast,1996,59,0.42
Hook,Blues Traveler,1996,60,0.41
Doin' It,LL Cool J,1996,61,0.4
Fastlove,George Michael,1996,62,0.39
"Touch Me, Tease Me",Case featuring Foxy Brown,1996,63,0.38
Tonite's tha Night,Kris Kross,1996,64,0.37
Children,Robert Miles,1996,65,0.36
Theme from Mission: Impossible,Adam Clayton and Larry Mullen,1996,66,0.35
Closer to Free,BoDeans,1996,67,0.34
Just a Girl,No Doubt,1996,68,0.33
If Your Girl Only Knew,Aaliyah,1996,69,0.32
Lady,D'Angelo,1996,70,0.31
Key West Intermezzo (I Saw You First),John Mellencamp,1996,71,0.3
Pony,Ginuwine,1996,72,0.29
Nobody,Keith Sweat featuring Athena Cage,1996,73,0.28
Old Man & Me (When I Get to Heaven),Hootie & the Blowfish,1996,74,0.27
If It Makes You Happy,Sheryl Crow,1996,75,0.26
As I Lay Me Down,Sophie B. Hawkins,1996,76,0.25
"Keep On, Keepin' On",MC Lyte featuring Xscape,1996,77,0.24
Jealousy,Natalie Merchant,1996,78,0.23
I Want to Come Over,Melissa Etheridge,1996,79,0.22
Who Do U Love,Deborah Cox,1996,80,0.21
Un-Break My Heart,Toni Braxton,1996,81,0.2
This Is Your Night,Amber,1996,82,0.19
You Remind Me of Something,R. Kelly,1996,83,0.18
Runaway,Janet Jackson,1996,84,0.17
Set U Free,Planet Soul,1996,85,0.16
Hit Me Off,New Edition,1996,86,0.15
No One Else,Total,1996,87,0.14
My Boo,Ghost Town DJ's,1996,88,0.13
Get Money,Junior M.A.F.I.A. featuring The Notorious B.I.G.,1996,89,0.12
That Girl,Maxi Priest featuring Shaggy,1996,90,0.11
Po Pimp,Do or Die featuring Twista,1996,91,0.1
Until It Sleeps,Metallica,1996,92,0.09
Hay,Crucial Conflict,1996,93,0.08
Beautiful Life,Ace of Base,1996,94,0.07
Back for Good,Take That,1996,95,0.06
I Got Id / Long Road,Pearl Jam,1996,96,0.05
Soon as I Get Home,Faith Evans,1996,97,0.04
Macarena,Los del Río,1996,98,0.03
Only Wanna Be with You,Hootie & the Blowfish,1996,99,0.02
Don't Cry,Seal,1996,100,0.01
Candle in the Wind 1997 / Something About the Way You Look Tonight,Elton John,1997,1,1.0
You Were Meant for Me / Foolish Games,Jewel,1997,2,0.99
I'll Be Missing You,Puff Daddy and Faith Evans featuring 112,1997,3,0.98
Un-Break My Heart,Toni Braxton,1997,4,0.97
Can't Nobody Hold Me Down,Puff Daddy featuring Mase,1997,5,0.96
I Believe I Can Fly,R. Kelly,1997,6,0.95
Don't Let Go (Love),En Vogue,1997,7,0.94
Return of the Mack,Mark Morrison,1997,8,0.93
How Do I Live,LeAnn Rimes,1997,9,0.92
Wannabe,Spice Girls,1997,10,0.91
Quit Playing Games (With My Heart),Backstreet Boys,1997,11,0.9
MMMBop,Hanson,1997,12,0.89
For You I Will,Monica,1997,13,0.88
You Make Me Wanna...,Usher,1997,14,0.87
Bitch,Meredith Brooks,1997,15,0.86
Nobody,Keith Sweat featuring Athena Cage,1997,16,0.85
Semi-Charmed Life,Third Eye Blind,1997,17,0.84
Barely Breathing,Duncan Sheik,1997,18,0.83
Hard to Say I'm Sorry,Az Yet featuring Peter Cetera,1997,19,0.82
Mo Money Mo Problems,The Notorious B.I.G. featuring Puff Daddy and Mase,1997,20,0.81
The Freshmen,The Verve Pipe,1997,21,0.8
I Want You,Savage Garden,1997,22,0.79
No Diggity,Blackstreet featuring Dr. Dre,1997,23,0.78
I Belong to You (Every Time I See Your Face),Rome,1997,24,0.77
Hypnotize,The Notorious B.I.G.,1997,25,0.76
Every Time I Close My Eyes,Babyface,1997,26,0.75
In My Bed,Dru Hill,1997,27,0.74
Say You'll Be There,Spice Girls,1997,28,0.73
Do You Know (What It Takes),Robyn,1997,29,0.72
4 Seasons of Loneliness,Boyz II Men,1997,30,0.71
G.H.E.T.T.O.U.T.,Changing Faces,1997,31,0.7
Honey,Mariah Carey,1997,32,0.69
I Believe in You and Me,Whitney Houston,1997,33,0.68
Da' Dip,Freak Nasty,1997,34,0.67
2 Become 1,Spice Girls,1997,35,0.66
All for You,Sister Hazel,1997,36,0.65
Cupid,112,1997,37,0.64
Where Have All the Cowboys Gone?,Paula Cole,1997,38,0.63
Sunny Came Home,Shawn Colvin,1997,39,0.62
It's Your Love,Tim McGraw with Faith Hill,1997,40,0.61
Ooh Aah... Just a Little Bit,Gina G,1997,41,0.6
Mouth,Merril Bainbridge,1997,42,0.59
All Cried Out,Allure featuring 112,1997,43,0.58
I'm Still in Love with You,New Edition,1997,44,0.57
Invisible Man,98 Degrees,1997,45,0.56
Not Tonight,"Lil' Kim featuring Da Brat, Left Eye, Missy Elliott and Angie Martinez",1997,46,0.55
Look into My Eyes,Bone Thugs-n-Harmony,1997,47,0.54
Get It Together,702,1997,48,0.53
All by Myself,Celine Dion,1997,49,0.52
It's All Coming Back to Me Now,Celine Dion,1997,50,0.51
My Love Is the Shhh!,Somethin' for the People featuring Trina & Tamara,1997,51,0.5
Where Do You Go,No Mercy,1997,52,0.49
I Finally Found Someone,Barbra Streisand and Bryan Adams,1997,53,0.48
I'll Be,Foxy Brown featuring Jay-Z,1997,54,0.47
If It Makes You Happy,Sheryl Crow,1997,55,0.46
Never Make a Promise,Dru Hill,1997,56,0.45
When You Love a Woman,Journey,1997,57,0.44
Up Jumps da Boogie,Magoo and Timbaland,1997,58,0.43
I Don't Want To / I Love Me Some Him,Toni Braxton,1997,59,0.42
Everyday Is a Winding Road,Sheryl Crow,1997,60,0.41
Cold Rock a Party,MC Lyte,1997,61,0.4
Pony,Ginuwine,1997,62,0.39
Building a Mystery,Sarah McLachlan,1997,63,0.38
I Love You Always Forever,Donna Lewis,1997,64,0.37
Your Woman,White Town,1997,65,0.36
C U When U Get There,Coolio featuring 40 Thevz,1997,66,0.35
Change the World,Eric Clapton,1997,67,0.34
My Baby Daddy,B-Rock and the Bizz,1997,68,0.33
Tubthumping,Chumbawamba,1997,69,0.32
Gotham City,R. Kelly,1997,70,0.31
Last Night,Az Yet,1997,71,0.3
ESPN Presents The Jock Jam,Various Artists,1997,72,0.29
Big Daddy,Heavy D,1997,73,0.28
What About Us,Total,1997,74,0.27
Smile,Scarface featuring 2Pac and Johnny P.,1997,75,0.26
What's on Tonight,Montell Jordan,1997,76,0.25
Secret Garden,Bruce Springsteen,1997,77,0.24
The One I Gave My Heart To,Aaliyah,1997,78,0.23
Fly Like an Eagle,Seal,1997,79,0.22
No Time,Lil' Kim featuring Puff Daddy,1997,80,0.21
Naked Eye,Luscious Jackson,1997,81,0.2
Macarena (Bayside Boys Mix),Los del Río,1997,82,0.19
On & On,Erykah Badu,1997,83,0.18
Don't Wanna Be a Player,Joe,1997,84,0.17
I Shot the Sheriff,Warren G,1997,85,0.16
You Should Be Mine (Don't Waste Your Time),Brian McKnight featuring Mase,1997,86,0.15
Don't Cry for Me Argentina,Madonna,1997,87,0.14
Someone,SWV featuring Puff Daddy,1997,88,0.13
Go the Distance,Michael Bolton,1997,89,0.12
One More Time,Real McCoy,1997,90,0.11
Butta Love,Next,1997,91,0.1
Coco Jamboo,Mr. President,1997,92,0.09
Twisted,Keith Sweat,1997,93,0.08
Barbie Girl,Aqua,1997,94,0.07
When You're Gone / Free to Decide,The Cranberries,1997,95,0.06
Let Me Clear My Throat,DJ Kool,1997,96,0.05
I Like It,The Blackout All-Stars,1997,97,0.04
You're Makin' Me High / Let It Flow,Toni Braxton,1997,98,0.03
You Must Love Me,Madonna,1997,99,0.02
Let It Go,Ray J,1997,100,0.01
Too Close,Next,1998,1,1.0
The Boy Is Mine,Brandy and Monica,1998,2,0.99
You're Still the One,Shania Twain,1998,3,0.98
Truly Madly Deeply,Savage Garden,1998,4,0.97
How Do I Live,LeAnn Rimes,1998,5,0.96
Together Again,Janet,1998,6,0.95
All My Life,K-Ci & JoJo,1998,7,0.94
Candle in the Wind 1997 / Something About the Way You Look Tonight,Elton John,1998,8,0.93
Nice & Slow,Usher,1998,9,0.92
I Don't Want to Wait,Paula Cole,1998,10,0.91
How's It Going to Be,Third Eye Blind,1998,11,0.9
"No, No, No",Destiny's Child,1998,12,0.89
My Heart Will Go On,Celine Dion,1998,13,0.88
Gettin' Jiggy wit It,Will Smith,1998,14,0.87
You Make Me Wanna...,Usher,1998,15,0.86
My Way,Usher,1998,16,0.85
My All,Mariah Carey,1998,17,0.84
The First Night,Monica,1998,18,0.83
Been Around the World,Puff Daddy featuring The Notorious B.I.G. and Mase,1998,19,0.82
Adia,Sarah McLachlan,1998,20,0.81
Crush,Jennifer Paige,1998,21,0.8
Everybody (Backstreet's Back),Backstreet Boys,1998,22,0.79
I Don't Want to Miss a Thing,Aerosmith,1998,23,0.78
Body Bumpin' (Yippie-Yi-Yo),Public Announcement,1998,24,0.77
This Kiss,Faith Hill,1998,25,0.76
I Don't Ever Want to See You Again,Uncle Sam,1998,26,0.75
Let's Ride,Montell Jordan featuring Master P and Silkk the Shocker,1998,27,0.74
Sex and Candy,Marcy Playground,1998,28,0.73
Show Me Love,Robyn,1998,29,0.72
A Song for Mama,Boyz II Men,1998,30,0.71
What You Want,Mase featuring Total,1998,31,0.7
Frozen,Madonna,1998,32,0.69
Gone till November,Wyclef Jean,1998,33,0.68
My Body,LSG,1998,34,0.67
Tubthumping,Chumbawamba,1998,35,0.66
Deja Vu (Uptown Baby),Lord Tariq and Peter Gunz,1998,36,0.65
I Want You Back,NSYNC,1998,37,0.64
When the Lights Go Out,Five,1998,38,0.63
They Don't Know,Jon B.,1998,39,0.62
Make 'Em Say Uhh!,"Master P featuring Fiend, Silkk the Shocker, Mia X and Mystikal",1998,40,0.61
Make It Hot,Nicole featuring Missy Elliott and Mocha,1998,41,0.6
Never Ever,All Saints,1998,42,0.59
I Get Lonely,Janet featuring Blackstreet,1998,43,0.58
Feel So Good,Mase,1998,44,0.57
Say It,Voices of Theory,1998,45,0.56
Kiss the Rain,Billie Myers,1998,46,0.55
Come with Me,Puff Daddy featuring Jimmy Page,1998,47,0.54
Romeo and Juliet,Sylk-E. Fyne featuring Chill,1998,48,0.53
It's All About Me,Mýa and Sisqo,1998,49,0.52
I Will Come to You,Hanson,1998,50,0.51
One Week,Barenaked Ladies,1998,51,0.5
Swing My Way,K. P. & Envyi,1998,52,0.49
The Arms of the One Who Loves You,Xscape,1998,53,0.48
My Love Is the Shhh!,Somethin' for the People featuring Trina & Tamara,1998,54,0.47
Daydreamin',Tatyana Ali,1998,55,0.46
We're Not Making Love No More,Dru Hill,1998,56,0.45
Semi-Charmed Life,Third Eye Blind,1998,57,0.44
I Do,Lisa Loeb,1998,58,0.43
Lookin' at Me,Mase featuring Puff Daddy,1998,59,0.42
Looking Through Your Eyes,LeAnn Rimes,1998,60,0.41
Lately,Divine,1998,61,0.4
Quit Playing Games (With My Heart),Backstreet Boys,1998,62,0.39
I Still Love You,Next,1998,63,0.38
Time After Time,INOJ,1998,64,0.37
Are You Jimmy Ray?,Jimmy Ray,1998,65,0.36
Cruel Summer,Ace of Base,1998,66,0.35
I Got the Hook Up,Master P featuring Sons of Funk,1998,67,0.34
Victory,Puff Daddy & the Family featuring The Notorious B.I.G. and Busta Rhymes,1998,68,0.33
Too Much,Spice Girls,1998,69,0.32
Ghetto Supastar (That Is What You Are),Pras Michel featuring Ol' Dirty Bastard and Mýa,1998,70,0.31
How Deep Is Your Love,Dru Hill featuring Redman,1998,71,0.3
Friend of Mine,Kelly Price,1998,72,0.29
Turn It Up (Remix)/Fire It Up,Busta Rhymes,1998,73,0.28
I'll Be,Edwin McCain,1998,74,0.27
Ray of Light,Madonna,1998,75,0.26
All for You,Sister Hazel,1998,76,0.25
Touch It,Monifah,1998,77,0.24
"Money, Power & Respect",The Lox featuring DMX and Lil' Kim,1998,78,0.23
Bitter Sweet Symphony,The Verve,1998,79,0.22
Dangerous,Busta Rhymes,1998,80,0.21
Spice Up Your Life,Spice Girls,1998,81,0.2
Because of You,98 Degrees,1998,82,0.19
The Mummers' Dance,Loreena McKennitt,1998,83,0.18
All Cried Out,Allure featuring 112,1998,84,0.17
Still Not a Player,Big Punisher featuring Joe,1998,85,0.16
The One I Gave My Heart To,Aaliyah,1998,86,0.15
Foolish Games / You Were Meant for Me,Jewel,1998,87,0.14
Love You Down,INOJ,1998,88,0.13
Do for Love,2Pac featuring Eric Williams,1998,89,0.12
Raise the Roof,Luke featuring No Good But So Good,1998,90,0.11
Heaven,Nu Flavor,1998,91,0.1
The Party Continues,JD featuring Da Brat,1998,92,0.09
Sock It 2 Me,Missy Elliott featuring Da Brat,1998,93,0.08
Butta Love,Next,1998,94,0.07
A Rose Is Still a Rose,Aretha Franklin,1998,95,0.06
4 Seasons of Loneliness,Boyz II Men,1998,96,0.05
Father,LL Cool J,1998,97,0.04
Thinkin' Bout It,Gerald Levert,1998,98,0.03
Nobody's Supposed to Be Here,Deborah Cox,1998,99,0.02
Westside,TQ,1998,100,0.01
Believe,Cher,1999,1,1.0
No Scrubs,TLC,1999,2,0.99
Angel of Mine,Monica,1999,3,0.98
Heartbreak Hotel,Whitney Houston featuring Faith Evans and Kelly Price,1999,4,0.97
...Baby One More Time,Britney Spears,1999,5,0.96
Kiss Me,Sixpence None the Richer,1999,6,0.95
Genie in a Bottle,Christina Aguilera,1999,7,0.94
Every Morning,Sugar Ray,1999,8,0.93
Nobody's Supposed to Be Here,Deborah Cox,1999,9,0.92
Livin' la Vida Loca,Ricky Martin,1999,10,0.91
Where My Girls At?,702,1999,11,0.9
If You Had My Love,Jennifer Lopez,1999,12,0.89
Slide,Goo Goo Dolls,1999,13,0.88
Have You Ever?,Brandy,1999,14,0.87
I Want It That Way,Backstreet Boys,1999,15,0.86
I'm Your Angel,R. Kelly and Celine Dion,1999,16,0.85
All Star,Smash Mouth,1999,17,0.84
Angel,Sarah McLachlan,1999,18,0.83
Smooth,Santana featuring Rob Thomas,1999,19,0.82
Unpretty,TLC,1999,20,0.81
"Bills, Bills, Bills",Destiny's Child,1999,21,0.8
Save Tonight,Eagle-Eye Cherry,1999,22,0.79
Last Kiss,Pearl Jam,1999,23,0.78
Fortunate,Maxwell,1999,24,0.77
All I Have to Give,Backstreet Boys,1999,25,0.76
Bailamos,Enrique Iglesias,1999,26,0.75
What's It Gonna Be?!,Busta Rhymes featuring Janet,1999,27,0.74
What It's Like,Everlast,1999,28,0.73
Fly Away,Lenny Kravitz,1999,29,0.72
Someday,Sugar Ray,1999,30,0.71
Lately,Divine,1999,31,0.7
That Don't Impress Me Much,Shania Twain,1999,32,0.69
Wild Wild West,Will Smith featuring Dru Hill and Kool Moe Dee,1999,33,0.68
Scar Tissue,Red Hot Chili Peppers,1999,34,0.67
Heartbreaker,Mariah Carey featuring Jay-Z,1999,35,0.66
I Still Believe,Mariah Carey,1999,36,0.65
The Hardest Thing,98 Degrees,1999,37,0.64
Summer Girls,LFO,1999,38,0.63
Can I Get A...,Jay-Z featuring Amil and Ja Rule,1999,39,0.62
Jumper,Third Eye Blind,1999,40,0.61
Doo Wop (That Thing),Lauryn Hill,1999,41,0.6
Mambo No. 5,Lou Bega,1999,42,0.59
Sweet Lady,Tyrese,1999,43,0.58
It's Not Right but It's Okay,Whitney Houston,1999,44,0.57
(God Must Have Spent) A Little More Time on You,NSYNC,1999,45,0.56
Lullaby,Shawn Mullins,1999,46,0.55
Anywhere,112 featuring Lil Zane,1999,47,0.54
Tell Me It's Real,K-Ci & JoJo,1999,48,0.53
Back 2 Good,Matchbox 20,1999,49,0.52
808,Blaque,1999,50,0.51
She's So High,Tal Bachman,1999,51,0.5
She's All I Ever Had,Ricky Martin,1999,52,0.49
Miami,Will Smith,1999,53,0.48
Hands,Jewel,1999,54,0.47
Who Dat,JT Money featuring Solé,1999,55,0.46
Please Remember Me,Tim McGraw,1999,56,0.45
From This Moment On,Shania Twain,1999,57,0.44
Love Like This,Faith Evans,1999,58,0.43
You,Jesse Powell,1999,59,0.42
Trippin',Total featuring Missy Elliott,1999,60,0.41
If You,Silk,1999,61,0.4
Ex-Factor,Lauryn Hill,1999,62,0.39
Give It to You,Jordan Knight,1999,63,0.38
Black Balloon,Goo Goo Dolls,1999,64,0.37
Spend My Life with You,Eric Benét featuring Tamia,1999,65,0.36
These Are the Times,Dru Hill,1999,66,0.35
I Don't Want to Miss a Thing,Mark Chesnutt,1999,67,0.34
I Do (Cherish You),98 Degrees,1999,68,0.33
Because of You,98 Degrees,1999,69,0.32
I Will Remember You,Sarah McLachlan,1999,70,0.31
Chanté's Got a Man,Chanté Moore,1999,71,0.3
Happily Ever After,Case,1999,72,0.29
My Love Is Your Love,Whitney Houston,1999,73,0.28
All Night Long,Faith Evans featuring Puff Daddy,1999,74,0.27
Back That Thang Up,Juvenile featuring Mannie Fresh and Lil Wayne,1999,75,0.26
Almost Doesn't Count,Brandy,1999,76,0.25
Man! I Feel Like a Woman!,Shania Twain,1999,77,0.24
Steal My Sunshine,Len,1999,78,0.23
I Need to Know,Marc Anthony,1999,79,0.22
So Anxious,Ginuwine,1999,80,0.21
Faded Pictures,Case featuring Joe,1999,81,0.2
Back at One,Brian McKnight,1999,82,0.19
When a Woman's Fed Up,R. Kelly,1999,83,0.18
How Forever Feels,Kenny Chesney,1999,84,0.17
Amazed,Lonestar,1999,85,0.16
Sometimes,Britney Spears,1999,86,0.15
Ghetto Cowboy,Mo Thugs,1999,87,0.14
Out of My Head,Fastball,1999,88,0.13
Hard Knock Life (Ghetto Anthem),Jay-Z,1999,89,0.12
Jamboree,Naughty by Nature featuring Zhané,1999,90,0.11
Take Me There,"Blackstreet featuring Mýa, Mase and Blinky Blink",1999,91,0.1
Stay the Same,Joey McIntyre,1999,92,0.09
A Lesson in Leavin',Jo Dee Messina,1999,93,0.08
Iris,Goo Goo Dolls,1999,94,0.07
Satisfy You,Puff Daddy featuring R. Kelly,1999,95,0.06
Better Days (And the Bottom Drops Out),Citizen King,1999,96,0.05
Music of My Heart,NSYNC and Gloria Estefan,1999,97,0.04
Write This Down,George Strait,1999,98,0.03
When You Believe,Whitney Houston and Mariah Carey,1999,99,0.02
(God Must Have Spent) A Little More Time on You,Alabama and NSYNC,1999,100,0.01
Breathe,Faith Hill,2000,1,1.0
Smooth,Santana featuring Rob Thomas,2000,2,0.99
Maria Maria,Santana featuring The Product G&B,2000,3,0.98
I Wanna Know,Joe,2000,4,0.97
Everything You Want,Vertical Horizon,2000,5,0.96
Say My Name,Destiny's Child,2000,6,0.95
I Knew I Loved You,Savage Garden,2000,7,0.94
Amazed,Lonestar,2000,8,0.93
Bent,Matchbox Twenty,2000,9,0.92
He Wasn't Man Enough,Toni Braxton,2000,10,0.91
Higher,Creed,2000,11,0.9
Try Again,Aaliyah,2000,12,0.89
"Jumpin', Jumpin'",Destiny's Child,2000,13,0.88
Thong Song,Sisqó,2000,14,0.87
Kryptonite,3 Doors Down,2000,15,0.86
There You Go,Pink,2000,16,0.85
Music,Madonna,2000,17,0.84
Doesn't Really Matter,Janet Jackson,2000,18,0.83
What a Girl Wants,Christina Aguilera,2000,19,0.82
Back at One,Brian McKnight,2000,20,0.81
Bye Bye Bye,NSYNC,2000,21,0.8
You Sang to Me,Marc Anthony,2000,22,0.79
I Need to Know,Marc Anthony,2000,23,0.78
Get It On Tonite,Montell Jordan,2000,24,0.77
Incomplete,Sisqó,2000,25,0.76
I Try,Macy Gray,2000,26,0.75
It's Gonna Be Me,NSYNC,2000,27,0.74
That's the Way It Is,Celine Dion,2000,28,0.73
Country Grammar (Hot Shit),Nelly,2000,29,0.72
Bring It All to Me,Blaque,2000,30,0.71
Show Me the Meaning of Being Lonely,Backstreet Boys,2000,31,0.7
Hot Boyz,"Missy Elliott featuring Nas, Eve and Q-Tip",2000,32,0.69
Back Here,BBMak,2000,33,0.68
It Feels So Good,Sonique,2000,34,0.67
Absolutely (Story of a Girl),Nine Days,2000,35,0.66
With Arms Wide Open,Creed,2000,36,0.65
Be with You,Enrique Iglesias,2000,37,0.64
Come On Over Baby (All I Want Is You),Christina Aguilera,2000,38,0.63
No More,Ruff Endz,2000,39,0.62
All the Small Things,Blink-182,2000,40,0.61
The Way You Love Me,Faith Hill,2000,41,0.6
I Turn to You,Christina Aguilera,2000,42,0.59
Never Let You Go,Third Eye Blind,2000,43,0.58
I Need You,LeAnn Rimes,2000,44,0.57
Thank God I Found You,Mariah Carey featuring Joe and 98 Degrees,2000,45,0.56
Let's Get Married,Jagged Edge,2000,46,0.55
My Love Is Your Love,Whitney Houston,2000,47,0.54
Then the Morning Comes,Smash Mouth,2000,48,0.53
Blue (Da Ba Dee),Eiffel 65,2000,49,0.52
Desert Rose,Sting featuring Cheb Mami,2000,50,0.51
The Real Slim Shady,Eminem,2000,51,0.5
Most Girls,Pink,2000,52,0.49
Wifey,Next,2000,53,0.48
Wonderful,Everclear,2000,54,0.47
Oops!... I Did It Again,Britney Spears,2000,55,0.46
I Wanna Love You Forever,Jessica Simpson,2000,56,0.45
Give Me Just One Night (Una Noche),98 Degrees,2000,57,0.44
Take a Picture,Filter,2000,58,0.43
Otherside,Red Hot Chili Peppers,2000,59,0.42
Big Pimpin',Jay-Z featuring UGK,2000,60,0.41
Purest of Pain (A Puro Dolor),Son by Four,2000,61,0.4
He Can't Love U,Jagged Edge,2000,62,0.39
Separated,Avant,2000,63,0.38
I Wish,Carl Thomas,2000,64,0.37
U Know What's Up,Donell Jones,2000,65,0.36
Faded,soulDecision featuring Thrust,2000,66,0.35
Only God Knows Why,Kid Rock,2000,67,0.34
Shake Ya Ass,Mystikal,2000,68,0.33
Bag Lady,Erykah Badu,2000,69,0.32
Meet Virginia,Train,2000,70,0.31
Party Up (Up in Here),DMX,2000,71,0.3
Case of the Ex (Whatcha Gonna Do),Mýa,2000,72,0.29
Forgot About Dre,Dr. Dre featuring Eminem,2000,73,0.28
That's the Way,Jo Dee Messina,2000,74,0.27
Swear It Again,Westlife,2000,75,0.26
The Next Episode,Dr. Dre featuring Snoop Dogg,2000,76,0.25
From the Bottom of My Broken Heart,Britney Spears,2000,77,0.24
Crash and Burn,Savage Garden,2000,78,0.23
Yes!,Chad Brock,2000,79,0.22
The Best Day,George Strait,2000,80,0.21
Where I Wanna Be,Donell Jones,2000,81,0.2
How Do You Like Me Now?!,Toby Keith,2000,82,0.19
My Best Friend,Tim McGraw,2000,83,0.18
Broadway,Goo Goo Dolls,2000,84,0.17
What'chu Like,Da Brat featuring Tyrese,2000,85,0.16
Don't Think I'm Not,Kandi,2000,86,0.15
I Hope You Dance,Lee Ann Womack with Sons of the Desert,2000,87,0.14
Better Off Alone,Alice Deejay,2000,88,0.13
Dance with Me,Debelah Morgan,2000,89,0.12
What About Now,Lonestar,2000,90,0.11
I Like It,Sammie,2000,91,0.1
24/7,Kevon Edmonds,2000,92,0.09
Girl on TV,LFO,2000,93,0.08
Bounce with Me,Lil' Bow Wow featuring Xscape,2000,94,0.07
Cowboy Take Me Away,Dixie Chicks,2000,95,0.06
I Don't Wanna,Aaliyah,2000,96,0.05
Independent Women Part I,Destiny's Child,2000,97,0.04
Gotta Tell You,Samantha Mumba,2000,98,0.03
Waiting for Tonight,Jennifer Lopez,2000,99,0.02
Shackles (Praise You),Mary Mary,2000,100,0.01
Hanging by a Moment,Lifehouse,2001,1,1.0
Fallin',Alicia Keys,2001,2,0.99
All for You,Janet Jackson,2001,3,0.98
Drops of Jupiter (Tell Me),Train,2001,4,0.97
I'm Real (Murder Remix),Jennifer Lopez featuring Ja Rule,2001,5,0.96
If You're Gone,Matchbox Twenty,2001,6,0.95
Let Me Blow Ya Mind,Eve featuring Gwen Stefani,2001,7,0.94
Thank You,Dido,2001,8,0.93
Again,Lenny Kravitz,2001,9,0.92
Independent Women Part I,Destiny's Child,2001,10,0.91
Hit 'Em Up Style (Oops!),Blu Cantrell,2001,11,0.9
It Wasn't Me,Shaggy featuring Rikrok,2001,12,0.89
Stutter,Joe featuring Mystikal,2001,13,0.88
It's Been Awhile,Staind,2001,14,0.87
U Remind Me,Usher,2001,15,0.86
Where the Party At,Jagged Edge with Nelly,2001,16,0.85
Angel,Shaggy featuring Rayvon,2001,17,0.84
Ride wit Me,Nelly featuring City Spud,2001,18,0.83
Follow Me,Uncle Kracker,2001,19,0.82
Peaches & Cream,112,2001,20,0.81
Drive,Incubus,2001,21,0.8
What Would You Do?,City High,2001,22,0.79
Survivor,Destiny's Child,2001,23,0.78
Lady Marmalade,"Christina Aguilera, Lil' Kim, Mýa and Pink",2001,24,0.77
Ms. Jackson,Outkast,2001,25,0.76
Love Don't Cost a Thing,Jennifer Lopez,2001,26,0.75
The Way You Love Me,Faith Hill,2001,27,0.74
He Loves U Not,Dream,2001,28,0.73
Butterfly,Crazy Town,2001,29,0.72
Put It on Me,Ja Rule featuring Lil' Mo and Vita,2001,30,0.71
Family Affair,Mary J. Blige,2001,31,0.7
I Hope You Dance,Lee Ann Womack,2001,32,0.69
South Side,Moby featuring Gwen Stefani,2001,33,0.68
Don't Tell Me,Madonna,2001,34,0.67
Get Ur Freak On,Missy Elliott,2001,35,0.66
Crazy,K-Ci & JoJo,2001,36,0.65
Fill Me In,Craig David,2001,37,0.64
Someone to Call My Lover,Janet Jackson,2001,38,0.63
With Arms Wide Open,Creed,2001,39,0.62
Case of the Ex (Whatcha Gonna Do),Mýa,2001,40,0.61
All or Nothing,O-Town,2001,41,0.6
Bootylicious,Destiny's Child,2001,42,0.59
I'm Like a Bird,Nelly Furtado,2001,43,0.58
Kryptonite,3 Doors Down,2001,44,0.57
Fiesta,R. Kelly featuring Jay-Z,2001,45,0.56
When It's Over,Sugar Ray,2001,46,0.55
Jaded,Aerosmith,2001,47,0.54
Promise,Jagged Edge,2001,48,0.53
Missing You,Case,2001,49,0.52
Differences,Ginuwine,2001,50,0.51
This I Promise You,NSYNC,2001,51,0.5
Izzo (H.O.V.A.),Jay-Z,2001,52,0.49
Superwoman Pt. II,Lil' Mo featuring Fabolous,2001,53,0.48
Crazy for This Girl,Evan and Jaron,2001,54,0.47
Nobody Wants to Be Lonely,Ricky Martin and Christina Aguilera,2001,55,0.46
I Just Wanna Love U (Give It 2 Me),Jay-Z,2001,56,0.45
One Minute Man,Missy Elliott featuring Ludacris,2001,57,0.44
Danger (Been So Long),Mystikal featuring Nivea,2001,58,0.43
Only Time,Enya,2001,59,0.42
I Do!!,Toya,2001,60,0.41
Never Had a Dream Come True,S Club 7,2001,61,0.4
Stranger in My House,Tamia,2001,62,0.39
Irresistible,Jessica Simpson,2001,63,0.38
Heard It All Before,Sunshine Anderson,2001,64,0.37
The Space Between,Dave Matthews Band,2001,65,0.36
There You'll Be,Faith Hill,2001,66,0.35
Love,Musiq Soulchild,2001,67,0.34
It's Over Now,112,2001,68,0.33
No More (Baby I'ma Do Right),3LW,2001,69,0.32
Turn Off the Light,Nelly Furtado,2001,70,0.31
Ain't Nothing 'bout You,Brooks & Dunn,2001,71,0.3
Play,Jennifer Lopez,2001,72,0.29
I'm Already There,Lonestar,2001,73,0.28
My Baby,Lil' Romeo,2001,74,0.27
Beautiful Day,U2,2001,75,0.26
Austin,Blake Shelton,2001,76,0.25
Southern Hospitality,Ludacris,2001,77,0.24
Grown Men Don't Cry,Tim McGraw,2001,78,0.23
Livin' It Up,Ja Rule featuring Case,2001,79,0.22
Loverboy,Mariah Carey featuring Cameo,2001,80,0.21
Contagious,The Isley Brothers featuring R. Kelly and Chanté Moore,2001,81,0.2
Who I Am,Jessica Andrews,2001,82,0.19
Music,Erick Sermon featuring Marvin Gaye,2001,83,0.18
I Wanna Be Bad,Willa Ford,2001,84,0.17
Don't Happen Twice,Kenny Chesney,2001,85,0.16
One More Day,Diamond Rio,2001,86,0.15
I Wish,R. Kelly,2001,87,0.14
It's a Great Day to Be Alive,Travis Tritt,2001,88,0.13
I'm a Thug,Trick Daddy,2001,89,0.12
Here's to the Night,Eve 6,2001,90,0.11
You Shouldn't Kiss Me Like This,Toby Keith,2001,91,0.1
Get Over Yourself,Eden's Crush,2001,92,0.09
Dance with Me,Debelah Morgan,2001,93,0.08
"So Fresh, So Clean",Outkast,2001,94,0.07
E.I.,Nelly,2001,95,0.06
Be Like That,3 Doors Down,2001,96,0.05
Most Girls,Pink,2001,97,0.04
Oochie Wally,QB Finest featuring Nas and Bravehearts,2001,98,0.03
Hero,Enrique Iglesias,2001,99,0.02
Hemorrhage (In My Hands),Fuel,2001,100,0.01
How You Remind Me,Nickelback,2002,1,1.0
Foolish,Ashanti,2002,2,0.99
Hot in Herre,Nelly,2002,3,0.98
Dilemma,Nelly featuring Kelly Rowland,2002,4,0.97
Wherever You Will Go,The Calling,2002,5,0.96
A Thousand Miles,Vanessa Carlton,2002,6,0.95
In the End,Linkin Park,2002,7,0.94
What's Luv?,Fat Joe featuring Ashanti,2002,8,0.93
U Got It Bad,Usher,2002,9,0.92
Blurry,Puddle of Mudd,2002,10,0.91
Complicated,Avril Lavigne,2002,11,0.9
Always on Time,Ja Rule featuring Ashanti,2002,12,0.89
Ain't It Funny (Murder Remix),Jennifer Lopez featuring Ja Rule,2002,13,0.88
The Middle,Jimmy Eat World,2002,14,0.87
I Need a Girl (Part One),P. Diddy featuring Usher and Loon,2002,15,0.86
U Don't Have to Call,Usher,2002,16,0.85
Family Affair,Mary J. Blige,2002,17,0.84
I Need a Girl (Part Two),"P. Diddy featuring Ginuwine, Loon and Mario Winans",2002,18,0.83
Gangsta Lovin',Eve featuring Alicia Keys,2002,19,0.82
My Sacrifice,Creed,2002,20,0.81
Without Me,Eminem,2002,21,0.8
Hero,Enrique Iglesias,2002,22,0.79
All You Wanted,Michelle Branch,2002,23,0.78
Get the Party Started,Pink,2002,24,0.77
Hero,Chad Kroeger featuring Josey Scott,2002,25,0.76
Wasting My Time,Default,2002,26,0.75
One Last Breath,Creed,2002,27,0.74
"Whenever, Wherever",Shakira,2002,28,0.73
I'm Gonna Be Alright,Jennifer Lopez featuring Nas,2002,29,0.72
Oh Boy,Cam'ron featuring Juelz Santana,2002,30,0.71
Heaven,DJ Sammy featuring Yanou and Do,2002,31,0.7
Hey Baby,No Doubt featuring Bounty Killer,2002,32,0.69
Girlfriend,NSYNC featuring Nelly,2002,33,0.68
Just a Friend 2002,Mario,2002,34,0.67
Soak Up the Sun,Sheryl Crow,2002,35,0.66
Don't Let Me Get Me,Pink,2002,36,0.65
Nothin',N.O.R.E.,2002,37,0.64
Oops (Oh My),Tweet featuring Missy Elliott,2002,38,0.63
A Moment Like This,Kelly Clarkson,2002,39,0.62
Addictive,Truth Hurts featuring Rakim,2002,40,0.61
Happy,Ashanti,2002,41,0.6
No Such Thing,John Mayer,2002,42,0.59
Just Like a Pill,Pink,2002,43,0.58
Down 4 U,"Ja Rule featuring Ashanti, Charli Baltimore and Vita",2002,44,0.57
Can't Get You Out of My Head,Kylie Minogue,2002,45,0.56
Superman (It's Not Easy),Five for Fighting,2002,46,0.55
Cleanin' Out My Closet,Eminem,2002,47,0.54
Halfcrazy,Musiq Soulchild,2002,48,0.53
"Lights, Camera, Action!",Mr. Cheeks,2002,49,0.52
Still Fly,Big Tymers,2002,50,0.51
A Woman's Worth,Alicia Keys,2002,51,0.5
7 Days,Craig David,2002,52,0.49
Hey Ma,Cam'ron featuring Juelz Santana and Freekey Zekey,2002,53,0.48
Work It,Missy Elliott,2002,54,0.47
Move Bitch,Ludacris featuring Mystikal and I-20,2002,55,0.46
Can't Fight the Moonlight,LeAnn Rimes,2002,56,0.45
Escape,Enrique Iglesias,2002,57,0.44
More Than A Woman,Aaliyah,2002,58,0.43
Hella Good,No Doubt,2002,59,0.42
I Love You,Faith Evans,2002,60,0.41
Gotta Get thru This,Daniel Bedingfield,2002,61,0.4
"Pass the Courvoisier, Part II",Busta Rhymes featuring P. Diddy and Pharrell,2002,62,0.39
Lose Yourself,Eminem,2002,63,0.38
Butterflies,Michael Jackson,2002,64,0.37
What About Us?,Brandy,2002,65,0.36
Underneath Your Clothes,Shakira,2002,66,0.35
Rainy Dayz,Mary J. Blige featuring Ja Rule,2002,67,0.34
Differences,Ginuwine,2002,68,0.33
If I Could Go!,Angie Martinez featuring Lil' Mo and Sacario,2002,69,0.32
The Whole World,Outkast featuring Killer Mike,2002,70,0.31
Underneath It All,No Doubt featuring Lady Saw,2002,71,0.3
Caramel,City High featuring Eve,2002,72,0.29
Luv U Better,LL Cool J,2002,73,0.28
Gimme the Light,Sean Paul,2002,74,0.27
Gone,NSYNC,2002,75,0.26
Livin' It Up,Ja Rule featuring Case,2002,76,0.25
Rollout (My Business),Ludacris,2002,77,0.24
Here Is Gone,Goo Goo Dolls,2002,78,0.23
No More Drama,Mary J. Blige,2002,79,0.22
Days Go By,Dirty Vegas,2002,80,0.21
Baby,Ashanti,2002,81,0.2
The Good Stuff,Kenny Chesney,2002,82,0.19
We Thuggin',Fat Joe featuring R. Kelly,2002,83,0.18
Good Morning Beautiful,Steve Holy,2002,84,0.17
Rock the Boat,Aaliyah,2002,85,0.16
Drive (For Daddy Gene),Alan Jackson,2002,86,0.15
Standing Still,Jewel,2002,87,0.14
Anything,Jaheim featuring Next,2002,88,0.13
Full Moon,Brandy,2002,89,0.12
Uh Huh,B2K,2002,90,0.11
A New Day Has Come,Celine Dion,2002,91,0.1
Turn Off the Light,Nelly Furtado,2002,92,0.09
Living and Living Well,George Strait,2002,93,0.08
My List,Toby Keith,2002,94,0.07
Hands Clean,Alanis Morissette,2002,95,0.06
Sk8er Boi,Avril Lavigne,2002,96,0.05
Long Time Gone,Dixie Chicks,2002,97,0.04
Where Were You (When the World Stopped Turning),Alan Jackson,2002,98,0.03
Like I Love You,Justin Timberlake,2002,99,0.02
I Do!!,Toya,2002,100,0.01
In da Club,50 Cent,2003,1,1.0
Ignition (Remix),R. Kelly,2003,2,0.99
Get Busy,Sean Paul,2003,3,0.98
Crazy in Love,Beyoncé featuring Jay-Z,2003,4,0.97
When I'm Gone,3 Doors Down,2003,5,0.96
Unwell,Matchbox Twenty,2003,6,0.95
Right Thurr,Chingy,2003,7,0.94
Miss You,Aaliyah,2003,8,0.93
Picture,Kid Rock featuring Sheryl Crow,2003,9,0.92
Bring Me to Life,Evanescence featuring Paul McCoy,2003,10,0.91
Get Low,Lil Jon & The East Side Boyz featuring Ying Yang Twins,2003,11,0.9
Baby Boy,Beyoncé featuring Sean Paul,2003,12,0.89
Shake Ya Tailfeather,"Nelly, P. Diddy and Murphy Lee",2003,13,0.88
21 Questions,50 Cent featuring Nate Dogg,2003,14,0.87
All I Have,Jennifer Lopez featuring LL Cool J,2003,15,0.86
Beautiful,Christina Aguilera,2003,16,0.85
I Know What You Want,Busta Rhymes and Mariah Carey featuring Flipmode Squad,2003,17,0.84
I'm with You,Avril Lavigne,2003,18,0.83
Drift Away,Uncle Kracker featuring Dobie Gray,2003,19,0.82
Magic Stick,Lil' Kim featuring 50 Cent,2003,20,0.81
P.I.M.P.,50 Cent,2003,21,0.8
"Bump, Bump, Bump",B2K and P. Diddy,2003,22,0.79
Into You,Fabolous featuring Tamia,2003,23,0.78
Can't Let You Go,Fabolous featuring Lil' Mo and Mike Shorey,2003,24,0.77
Mesmerize,Ja Rule featuring Ashanti,2003,25,0.76
Where Is the Love?,Black Eyed Peas,2003,26,0.75
The Game of Love,Santana featuring Michelle Branch,2003,27,0.74
Lose Yourself,Eminem,2003,28,0.73
Rock wit U (Awww Baby),Ashanti,2003,29,0.72
Cry Me a River,Justin Timberlake,2003,30,0.71
How You Gonna Act Like That,Tyrese,2003,31,0.7
Rock Your Body,Justin Timberlake,2003,32,0.69
No Letting Go,Wayne Wonder,2003,33,0.68
Frontin',Pharrell featuring Jay-Z,2003,34,0.67
Landslide,Dixie Chicks,2003,35,0.66
Work It,Missy Elliott,2003,36,0.65
'03 Bonnie & Clyde,Jay-Z featuring Beyoncé,2003,37,0.64
Don't Mess with My Man,Nivea featuring Jagged Edge,2003,38,0.63
So Gone,Monica,2003,39,0.62
Air Force Ones,"Nelly featuring Murphy Lee, Ali, and Kyjuan",2003,40,0.61
"Never Leave You (Uh Oooh, Uh Oooh)",Lumidee,2003,41,0.6
Beautiful,Snoop Dogg featuring Pharrell and Charlie Wilson,2003,42,0.59
Gossip Folks,Missy Elliott featuring Ludacris,2003,43,0.58
Miss Independent,Kelly Clarkson,2003,44,0.57
Calling All Angels,Train,2003,45,0.56
Damn!,YoungBloodZ featuring Lil Jon,2003,46,0.55
This Is the Night,Clay Aiken,2003,47,0.54
Your Body Is a Wonderland,John Mayer,2003,48,0.53
Headstrong,Trapt,2003,49,0.52
In Those Jeans,Ginuwine,2003,50,0.51
Stand Up,Ludacris featuring Shawnna,2003,51,0.5
The Remedy (I Won't Worry),Jason Mraz,2003,52,0.49
Why Don't You & I,Santana featuring Alex Band,2003,53,0.48
Excuse Me Miss,Jay-Z,2003,54,0.47
Jenny from the Block,Jennifer Lopez featuring Jadakiss and Styles P,2003,55,0.46
Are You Happy Now?,Michelle Branch,2003,56,0.45
Forever and for Always,Shania Twain,2003,57,0.44
I Can,Nas,2003,58,0.43
Underneath It All,No Doubt featuring Lady Saw,2003,59,0.42
If You're Not the One,Daniel Bedingfield,2003,60,0.41
Thoia Thoing,R. Kelly,2003,61,0.4
Here Without You,3 Doors Down,2003,62,0.39
Wanksta,50 Cent,2003,63,0.38
My Love Is Like...Wo,Mýa,2003,64,0.37
It's Five O'Clock Somewhere,Alan Jackson featuring Jimmy Buffett,2003,65,0.36
Like Glue,Sean Paul,2003,66,0.35
Can't Hold Us Down,Christina Aguilera featuring Lil' Kim,2003,67,0.34
My Front Porch Looking In,Lonestar,2003,68,0.33
Angel,Amanda Perez,2003,69,0.32
She Hates Me,Puddle of Mudd,2003,70,0.31
Don't Wanna Try,Frankie J,2003,71,0.3
The Jump Off,Lil' Kim featuring Mr. Cheeks,2003,72,0.29
Intuition,Jewel,2003,73,0.28
Hell Yeah,Ginuwine featuring Baby,2003,74,0.27
Beer for My Horses,Toby Keith featuring Willie Nelson,2003,75,0.26
Holidae In,Chingy featuring Ludacris and Snoop Dogg,2003,76,0.25
Suga Suga,Baby Bash featuring Frankie J,2003,77,0.24
Love of My Life (An Ode to Hip-Hop),Erykah Badu featuring Common,2003,78,0.23
Fighter,Christina Aguilera,2003,79,0.22
Thugz Mansion,2Pac,2003,80,0.21
Clocks,Coldplay,2003,81,0.2
Put That Woman First,Jaheim,2003,82,0.19
Rain on Me,Ashanti,2003,83,0.18
19 Somethin',Mark Wills,2003,84,0.17
"Can't Stop, Won't Stop",Young Gunz,2003,85,0.16
Red Dirt Road,Brooks & Dunn,2003,86,0.15
What Was I Thinkin',Dierks Bentley,2003,87,0.14
Flying Without Wings,Ruben Studdard,2003,88,0.13
Sing for the Moment,Eminem,2003,89,0.12
Have You Forgotten?,Darryl Worley,2003,90,0.11
"No Shoes, No Shirt, No Problems",Kenny Chesney,2003,91,0.1
Come Over,Aaliyah,2003,92,0.09
Sick of Being Lonely,Field Mob,2003,93,0.08
Step in the Name of Love,R. Kelly,2003,94,0.07
I Want You,Thalía featuring Fat Joe,2003,95,0.06
Like a Stone,Audioslave,2003,96,0.05
Don't Know Why,Norah Jones,2003,97,0.04
Superman,Eminem,2003,98,0.03
Real Good Man,Tim McGraw,2003,99,0.02
Say Yes,Floetry,2003,100,0.01
Yeah!,Usher featuring Lil Jon and Ludacris,2004,1,1.0
Burn,Usher,2004,2,0.99
If I Ain't Got You,Alicia Keys,2004,3,0.98
This Love,Maroon 5,2004,4,0.97
The Way You Move,OutKast featuring Sleepy Brown,2004,5,0.96
The Reason,Hoobastank,2004,6,0.95
I Don't Wanna Know,Mario Winans featuring Enya and P. Diddy,2004,7,0.94
Hey Ya!,OutKast,2004,8,0.93
Goodies,Ciara featuring Petey Pablo,2004,9,0.92
Lean Back,Terror Squad featuring Fat Joe and Remy Ma,2004,10,0.91
Tipsy,J-Kwon,2004,11,0.9
Confessions Part II,Usher,2004,12,0.89
Slow Motion,Juvenile featuring Soulja Slim,2004,13,0.88
Freek-a-Leek,Petey Pablo,2004,14,0.87
Here Without You,3 Doors Down,2004,15,0.86
Slow Jamz,Twista featuring Kanye West and Jamie Foxx,2004,16,0.85
Someday,Nickelback,2004,17,0.84
Naughty Girl,Beyoncé,2004,18,0.83
My Immortal,Evanescence,2004,19,0.82
Sunshine,Lil' Flip featuring Lea,2004,20,0.81
Dirt off Your Shoulder,Jay-Z,2004,21,0.8
Move Ya Body,Nina Sky featuring Jabba,2004,22,0.79
Dip It Low,Christina Milian,2004,23,0.78
My Boo,Usher and Alicia Keys,2004,24,0.77
One Call Away,Chingy featuring J-Weav,2004,25,0.76
"Me, Myself and I",Beyoncé,2004,26,0.75
Turn Me On,Kevin Lyttle featuring Spragga Benz,2004,27,0.74
The First Cut Is the Deepest,Sheryl Crow,2004,28,0.73
You Don't Know My Name,Alicia Keys,2004,29,0.72
My Place,Nelly featuring Jaheim,2004,30,0.71
Overnight Celebrity,Twista,2004,31,0.7
Hotel,Cassidy featuring R. Kelly,2004,32,0.69
Numb,Linkin Park,2004,33,0.68
Diary,Alicia Keys featuring Tony! Toni! Toné!,2004,34,0.67
She Will Be Loved,Maroon 5,2004,35,0.66
White Flag,Dido,2004,36,0.65
Heaven,Los Lonely Boys,2004,37,0.64
It's My Life,No Doubt,2004,38,0.63
Pieces of Me,Ashlee Simpson,2004,39,0.62
Leave (Get Out),JoJo,2004,40,0.61
Milkshake,Kelis,2004,41,0.6
Splash Waterfalls,Ludacris,2004,42,0.59
Jesus Walks,Kanye West,2004,43,0.58
Locked Up,Akon featuring Styles P,2004,44,0.57
Stand Up,Ludacris featuring Shawnna,2004,45,0.56
Suga Suga,Baby Bash featuring Frankie J,2004,46,0.55
All Falls Down,Kanye West featuring Syleena Johnson,2004,47,0.54
Toxic,Britney Spears,2004,48,0.53
Salt Shaker,Ying Yang Twins featuring Lil Jon & the East Side Boyz,2004,49,0.52
With You,Jessica Simpson,2004,50,0.51
Meant to Live,Switchfoot,2004,51,0.5
I Like That,"Houston featuring Chingy, Nate Dogg and I-20",2004,52,0.49
Sorry 2004,Ruben Studdard,2004,53,0.48
My Happy Ending,Avril Lavigne,2004,54,0.47
On Fire,Lloyd Banks,2004,55,0.46
Roses,OutKast,2004,56,0.45
Walked Outta Heaven,Jagged Edge,2004,57,0.44
Lose My Breath,Destiny's Child,2004,58,0.43
My Band,D12,2004,59,0.42
I'm Still in Love with You,Sean Paul featuring Sasha,2004,60,0.41
Through the Wire,Kanye West,2004,61,0.4
Why?,Jadakiss featuring Anthony Hamilton,2004,62,0.39
Fuck It (I Don't Want You Back),Eamon,2004,63,0.38
Read Your Mind,Avant,2004,64,0.37
Game Over (Flip),Lil' Flip,2004,65,0.36
One Thing,Finger Eleven,2004,66,0.35
Headsprung,LL Cool J,2004,67,0.34
Damn!,YoungBloodZ featuring Lil Jon,2004,68,0.33
Baby Boy,Beyoncé featuring Sean Paul,2004,69,0.32
Get Low,Lil Jon & the East Side Boyz featuring Ying Yang Twins,2004,70,0.31
Drop It Like It's Hot,Snoop Dogg featuring Pharrell,2004,71,0.3
U Should've Known Better,Monica,2004,72,0.29
On the Way Down,Ryan Cabrera,2004,73,0.28
Breakaway,Kelly Clarkson,2004,74,0.27
Why Don't You & I,Santana featuring Alex Band,2004,75,0.26
Are You Gonna Be My Girl,Jet,2004,76,0.25
100 Years,Five for Fighting,2004,77,0.24
Step in the Name of Love,R. Kelly,2004,78,0.23
Breaking the Habit,Linkin Park,2004,79,0.22
Gigolo,Nick Cannon featuring R. Kelly,2004,80,0.21
Live Like You Were Dying,Tim McGraw,2004,81,0.2
Remember When,Alan Jackson,2004,82,0.19
Everytime,Britney Spears,2004,83,0.18
Southside,Lloyd featuring Ashanti,2004,84,0.17
Dude,Beenie Man featuring Ms. Thing,2004,85,0.16
Wanna Get to Know You,G-Unit featuring Joe,2004,86,0.15
Holidae In,Chingy featuring Ludacris and Snoop Dogg,2004,87,0.14
Let's Get It Started,The Black Eyed Peas,2004,88,0.13
When the Sun Goes Down,Kenny Chesney and Uncle Kracker,2004,89,0.12
American Soldier,Toby Keith,2004,90,0.11
Change Clothes,Jay-Z,2004,91,0.1
Don't Tell Me,Avril Lavigne,2004,92,0.09
You'll Think of Me,Keith Urban,2004,93,0.08
Happy People,R. Kelly,2004,94,0.07
Hey Mama,The Black Eyed Peas,2004,95,0.06
Over and Over,Nelly featuring Tim McGraw,2004,96,0.05
Redneck Woman,Gretchen Wilson,2004,97,0.04
Just Lose It,Eminem,2004,98,0.03
Letters from Home,John Michael Montgomery,2004,99,0.02
I Go Back,Kenny Chesney,2004,100,0.01
We Belong Together,Mariah Carey,2005,1,1.0
Hollaback Girl,Gwen Stefani,2005,2,0.99
Let Me Love You,Mario,2005,3,0.98
Since U Been Gone,Kelly Clarkson,2005,4,0.97
"1, 2 Step",Ciara featuring Missy Elliott,2005,5,0.96
Gold Digger,Kanye West featuring Jamie Foxx,2005,6,0.95
Boulevard of Broken Dreams,Green Day,2005,7,0.94
Candy Shop,50 Cent featuring Olivia,2005,8,0.93
Don't Cha,The Pussycat Dolls featuring Busta Rhymes,2005,9,0.92
Behind These Hazel Eyes,Kelly Clarkson,2005,10,0.91
Disco Inferno,50 Cent,2005,11,0.9
You and Me,Lifehouse,2005,12,0.89
Don't Phunk with My Heart,The Black Eyed Peas,2005,13,0.88
Lose Control,Missy Elliott featuring Ciara and Fatman Scoop,2005,14,0.87
Shake It Off,Mariah Carey,2005,15,0.86
Mr. Brightside,The Killers,2005,16,0.85
Just a Lil Bit,50 Cent,2005,17,0.84
Pon de Replay,Rihanna,2005,18,0.83
How We Do,The Game featuring 50 Cent,2005,19,0.82
Beverly Hills,Weezer,2005,20,0.81
Oh,Ciara featuring Ludacris,2005,21,0.8
Lonely No More,Rob Thomas,2005,22,0.79
Drop It Like It's Hot,Snoop Dogg featuring Pharrell,2005,23,0.78
Hate It or Love It,The Game featuring 50 Cent,2005,24,0.77
Lovers & Friends,Lil Jon & the East Side Boyz featuring Usher and Ludacris,2005,25,0.76
Soldier,Destiny's Child featuring T.I. and Lil Wayne,2005,26,0.75
Breakaway,Kelly Clarkson,2005,27,0.74
Switch,Will Smith,2005,28,0.73
Let Me Hold You,Bow Wow featuring Omarion,2005,29,0.72
Like You,Bow Wow featuring Ciara,2005,30,0.71
Rich Girl,Gwen Stefani featuring Eve,2005,31,0.7
My Humps,The Black Eyed Peas,2005,32,0.69
Obsession (No Es Amor),Frankie J featuring Baby Bash,2005,33,0.68
Caught Up,Usher,2005,34,0.67
Listen to Your Heart,DHT featuring Edmee,2005,35,0.66
Scars,Papa Roach,2005,36,0.65
Feel Good Inc.,Gorillaz,2005,37,0.64
Let Me Go,3 Doors Down,2005,38,0.63
Holiday,Green Day,2005,39,0.62
"Sugar, We're Goin Down",Fall Out Boy,2005,40,0.61
Grind with Me,Pretty Ricky,2005,41,0.6
Run It!,Chris Brown featuring Juelz Santana,2005,42,0.59
Photograph,Nickelback,2005,43,0.58
Lonely,Akon,2005,44,0.57
Collide,Howie Day,2005,45,0.56
Wake Me Up When September Ends,Green Day,2005,46,0.55
Slow Down,Bobby Valentino,2005,47,0.54
Over and Over,Nelly featuring Tim McGraw,2005,48,0.53
Some Cut,Trillville featuring Cutty,2005,49,0.52
Get It Poppin',Fat Joe featuring Nelly,2005,50,0.51
Play,David Banner,2005,51,0.5
Soul Survivor,Young Jeezy featuring Akon,2005,52,0.49
Pimpin' All Over the World,Ludacris featuring Bobby Valentino,2005,53,0.48
My Boo,Usher and Alicia Keys,2005,54,0.47
Sugar (Gimme Some),"Trick Daddy featuring Ludacris, Lil' Kim and Cee Lo Green",2005,55,0.46
Karma,Alicia Keys,2005,56,0.45
Speed of Sound,Coldplay,2005,57,0.44
I Don't Want to Be,Gavin DeGraw,2005,58,0.43
Mockingbird,Eminem,2005,59,0.42
La Tortura,Shakira featuring Alejandro Sanz,2005,60,0.41
She Will Be Loved,Maroon 5,2005,61,0.4
Baby I'm Back,Baby Bash featuring Akon,2005,62,0.39
Wait (The Whisper Song),Ying Yang Twins,2005,63,0.38
Incomplete,Backstreet Boys,2005,64,0.37
Bring Em Out,T.I.,2005,65,0.36
Cater 2 U,Destiny's Child,2005,66,0.35
1 Thing,Amerie,2005,67,0.34
Best of You,Foo Fighters,2005,68,0.33
It's Like That,Mariah Carey featuring Jermaine Dupri and Fatman Scoop,2005,69,0.32
Goin' Crazy,Natalie,2005,70,0.31
Inside Your Heaven,Carrie Underwood,2005,71,0.3
Because of You,Kelly Clarkson,2005,72,0.29
Truth Is,Fantasia,2005,73,0.28
Your Body,Pretty Ricky,2005,74,0.27
Beautiful Soul,Jesse McCartney,2005,75,0.26
Cool,Gwen Stefani,2005,76,0.25
Get Back,Ludacris,2005,77,0.24
Outta Control,50 Cent featuring Mobb Deep,2005,78,0.23
U Don't Know Me,T.I.,2005,79,0.22
These Words,Natasha Bedingfield,2005,80,0.21
Don't Lie,The Black Eyed Peas,2005,81,0.2
Get Right,Jennifer Lopez,2005,82,0.19
Daughters,John Mayer,2005,83,0.18
As Good as I Once Was,Toby Keith,2005,84,0.17
Girlfight,Brooke Valentine featuring Lil Jon and Big Boi,2005,85,0.16
Lose My Breath,Destiny's Child,2005,86,0.15
Ordinary People,John Legend,2005,87,0.14
We Be Burnin',Sean Paul,2005,88,0.13
Just the Girl,The Click Five,2005,89,0.12
True,Ryan Cabrera,2005,90,0.11
O,Omarion,2005,91,0.1
Back Then,Mike Jones,2005,92,0.09
Numb/Encore,Jay-Z and Linkin Park,2005,93,0.08
Wonderful,Ja Rule featuring R. Kelly and Ashanti,2005,94,0.07
I'm Sprung,T-Pain,2005,95,0.06
Chariot,Gavin DeGraw,2005,96,0.05
U Already Know,112 featuring Foxy Brown,2005,97,0.04
Mississippi Girl,Faith Hill,2005,98,0.03
Number One Spot,Ludacris,2005,99,0.02
Give Me That,Webbie featuring Bun B,2005,100,0.01
Bad Day,Daniel Powter,2006,1,1.0
Temperature,Sean Paul,2006,2,0.99
Promiscuous,Nelly Furtado featuring Timbaland,2006,3,0.98
You're Beautiful,James Blunt,2006,4,0.97
Hips Don't Lie,Shakira featuring Wyclef Jean,2006,5,0.96
Unwritten,Natasha Bedingfield,2006,6,0.95
Crazy,Gnarls Barkley,2006,7,0.94
Ridin',Chamillionaire featuring Krayzie Bone,2006,8,0.93
SexyBack,Justin Timberlake featuring Timbaland,2006,9,0.92
Check on It,Beyoncé featuring Slim Thug and Bun B,2006,10,0.91
Be Without You,Mary J. Blige,2006,11,0.9
Grillz,Nelly featuring Paul Wall and Ali & Gipp,2006,12,0.89
Over My Head (Cable Car),The Fray,2006,13,0.88
Me & U,Cassie,2006,14,0.87
Buttons,Pussycat Dolls featuring Snoop Dogg,2006,15,0.86
Run It!,Chris Brown featuring Juelz Santana,2006,16,0.85
So Sick,Ne-Yo,2006,17,0.84
It's Goin' Down,Yung Joc featuring Nitti,2006,18,0.83
SOS,Rihanna,2006,19,0.82
I Write Sins Not Tragedies,Panic! at the Disco,2006,20,0.81
Move Along,The All-American Rejects,2006,21,0.8
London Bridge,Fergie,2006,22,0.79
Dani California,Red Hot Chili Peppers,2006,23,0.78
Snap Yo Fingers,Lil Jon featuring E-40 and Sean Paul,2006,24,0.77
"Lean wit It, Rock wit It",Dem Franchize Boyz featuring Peanut and Charlay,2006,25,0.76
What Hurts the Most,Rascal Flatts,2006,26,0.75
How to Save a Life,The Fray,2006,27,0.74
Unfaithful,Rihanna,2006,28,0.73
Chasing Cars,Snow Patrol,2006,29,0.72
Lips of an Angel,Hinder,2006,30,0.71
Everytime We Touch,Cascada,2006,31,0.7
Ain't No Other Man,Christina Aguilera,2006,32,0.69
"Dance, Dance",Fall Out Boy,2006,33,0.68
Gold Digger,Kanye West featuring Jamie Foxx,2006,34,0.67
Money Maker,Ludacris featuring Pharrell,2006,35,0.66
Ms. New Booty,Bubba Sparxxx featuring Ying Yang Twins,2006,36,0.65
(When You Gonna) Give It Up to Me,Sean Paul featuring Keyshia Cole,2006,37,0.64
Photograph,Nickelback,2006,38,0.63
Because of You,Kelly Clarkson,2006,39,0.62
Stickwitu,Pussycat Dolls,2006,40,0.61
I'm 'n Luv (wit a Stripper),T-Pain featuring Mike Jones,2006,41,0.6
My Humps,The Black Eyed Peas,2006,42,0.59
Where'd You Go,Fort Minor featuring Holly Brook and Jonah Matranga,2006,43,0.58
Yo (Excuse Me Miss),Chris Brown,2006,44,0.57
Walk Away,Kelly Clarkson,2006,45,0.56
Laffy Taffy,D4L,2006,46,0.55
What You Know,T.I.,2006,47,0.54
Dirty Little Secret,The All-American Rejects,2006,48,0.53
Savin' Me,Nickelback,2006,49,0.52
Don't Forget About Us,Mariah Carey,2006,50,0.51
Sexy Love,Ne-Yo,2006,51,0.5
U and Dat,E-40 featuring T-Pain and Kandi Girl,2006,52,0.49
Far Away,Nickelback,2006,53,0.48
What's Left of Me,Nick Lachey,2006,54,0.47
So What,Field Mob featuring Ciara,2006,55,0.46
Do It to It,Cherish featuring Sean Paul of the YoungBloodZ,2006,56,0.45
Black Horse and the Cherry Tree,KT Tunstall,2006,57,0.44
There It Go (The Whistle Song),Juelz Santana,2006,58,0.43
Shoulder Lean,Young Dro featuring T.I.,2006,59,0.42
Unpredictable,Jamie Foxx featuring Ludacris,2006,60,0.41
My Love,Justin Timberlake featuring T.I.,2006,61,0.4
Shake That,Eminem featuring Nate Dogg,2006,62,0.39
Pullin' Me Back,Chingy featuring Tyrese,2006,63,0.38
Bossy,Kelis featuring Too Short,2006,64,0.37
Chain Hang Low,Jibbs,2006,65,0.36
Smack That,Akon featuring Eminem,2006,66,0.35
One Wish,Ray J,2006,67,0.34
"Sugar, We're Goin Down",Fall Out Boy,2006,68,0.33
Gimme That,Chris Brown featuring Lil Wayne,2006,69,0.32
I Know You See It,Yung Joc,2006,70,0.31
Who Says You Can't Go Home,Bon Jovi featuring Jennifer Nettles,2006,71,0.3
Too Little Too Late,JoJo,2006,72,0.29
Touch It,Busta Rhymes,2006,73,0.28
Rompe,Daddy Yankee,2006,74,0.27
Déjà Vu,Beyoncé featuring Jay-Z,2006,75,0.26
Life Is a Highway,Rascal Flatts,2006,76,0.25
Call Me When You're Sober,Evanescence,2006,77,0.24
"Jesus, Take the Wheel",Carrie Underwood,2006,78,0.23
Show Stopper,Danity Kane featuring Yung Joc,2006,79,0.22
Get Up,Ciara featuring Chamillionaire,2006,80,0.21
We Be Burnin',Sean Paul,2006,81,0.2
Hate Me,Blue October,2006,82,0.19
You and Me,Lifehouse,2006,83,0.18
Beep,Pussycat Dolls featuring will.i.am,2006,84,0.17
I Think They Like Me,"Dem Franchize Boyz featuring Jermaine Dupri, Da Brat and Bow Wow",2006,85,0.16
Say Goodbye,Chris Brown,2006,86,0.15
Waiting on the World to Change,John Mayer,2006,87,0.14
Soul Survivor,Young Jeezy featuring Akon,2006,88,0.13
Pump It,The Black Eyed Peas,2006,89,0.12
When I'm Gone,Eminem,2006,90,0.11
Hung Up,Madonna,2006,91,0.1
Stay Fly,Three 6 Mafia featuring Young Buck and 8Ball & MJG,2006,92,0.09
Love,Keyshia Cole,2006,93,0.08
When You're Mad,Ne-Yo,2006,94,0.07
Why You Wanna,T.I.,2006,95,0.06
Stupid Girls,Pink,2006,96,0.05
Feel Good Inc.,Gorillaz,2006,97,0.04
I'm Sprung,T-Pain,2006,98,0.03
Do I Make You Proud,Taylor Hicks,2006,99,0.02
For You I Will (Confidence),Teddy Geiger,2006,100,0.01
Irreplaceable,Beyoncé,2007,1,1.0
Umbrella,Rihanna featuring Jay-Z,2007,2,0.99
The Sweet Escape,Gwen Stefani featuring Akon,2007,3,0.98
Big Girls Don't Cry,Fergie,2007,4,0.97
Buy U a Drank (Shawty Snappin'),T-Pain featuring Yung Joc,2007,5,0.96
Before He Cheats,Carrie Underwood,2007,6,0.95
Hey There Delilah,Plain White T's,2007,7,0.94
I Wanna Love You,Akon featuring Snoop Dogg,2007,8,0.93
Say It Right,Nelly Furtado,2007,9,0.92
Glamorous,Fergie featuring Ludacris,2007,10,0.91
Don't Matter,Akon,2007,11,0.9
Girlfriend,Avril Lavigne,2007,12,0.89
Makes Me Wonder,Maroon 5,2007,13,0.88
Party Like a Rockstar,Shop Boyz,2007,14,0.87
Smack That,Akon featuring Eminem,2007,15,0.86
This Is Why I'm Hot,Mims,2007,16,0.85
It's Not Over,Daughtry,2007,17,0.84
The Way I Are,Timbaland featuring Keri Hilson,2007,18,0.83
Fergalicious,Fergie featuring will.i.am,2007,19,0.82
Crank That (Soulja Boy),Soulja Boy Tell 'Em,2007,20,0.81
Give It to Me,Timbaland featuring Nelly Furtado and Justin Timberlake,2007,21,0.8
What Goes Around... Comes Around,Justin Timberlake,2007,22,0.79
Cupid's Chokehold,Gym Class Heroes featuring Patrick Stump,2007,23,0.78
How to Save a Life,The Fray,2007,24,0.77
Home,Daughtry,2007,25,0.76
My Love,Justin Timberlake featuring T.I.,2007,26,0.75
Stronger,Kanye West,2007,27,0.74
We Fly High,Jim Jones,2007,28,0.73
U + Ur Hand,Pink,2007,29,0.72
Walk It Out,Unk,2007,30,0.71
Beautiful Girls,Sean Kingston,2007,31,0.7
"This Ain't a Scene, It's an Arms Race",Fall Out Boy,2007,32,0.69
Bartender,T-Pain featuring Akon,2007,33,0.68
"Pop, Lock & Drop It",Huey,2007,34,0.67
Runaway Love,Ludacris featuring Mary J. Blige,2007,35,0.66
Rockstar,Nickelback,2007,36,0.65
Thnks fr th Mmrs,Fall Out Boy,2007,37,0.64
What I've Done,Linkin Park,2007,38,0.63
Summer Love,Justin Timberlake,2007,39,0.62
You,Lloyd featuring Lil Wayne,2007,40,0.61
Wait for You,Elliott Yamin,2007,41,0.6
Last Night,Diddy featuring Keyshia Cole,2007,42,0.59
Make It Rain,Fat Joe featuring Lil Wayne,2007,43,0.58
Make Me Better,Fabolous featuring Ne-Yo,2007,44,0.57
Ice Box,Omarion,2007,45,0.56
Lips of an Angel,Hinder,2007,46,0.55
Waiting on the World to Change,John Mayer,2007,47,0.54
Lost Without U,Robin Thicke,2007,48,0.53
I'm a Flirt,R. Kelly or Bow Wow featuring T.I. and T-Pain,2007,49,0.52
If Everyone Cared,Nickelback,2007,50,0.51
Get It Shawty,Lloyd,2007,51,0.5
Face Down,The Red Jumpsuit Apparatus,2007,52,0.49
The Way I Live,Baby Boy da Prince,2007,53,0.48
Shortie Like Mine,Bow Wow featuring Chris Brown and Johntá Austin,2007,54,0.47
It Ends Tonight,The All-American Rejects,2007,55,0.46
A Bay Bay,Hurricane Chris,2007,56,0.45
Because of You,Ne-Yo,2007,57,0.44
I Tried,Bone Thugs-n-Harmony featuring Akon,2007,58,0.43
Welcome To The Black Parade,My Chemical Romance,2007,59,0.42
Shawty,Plies featuring T-Pain,2007,60,0.41
Chasing Cars,Snow Patrol,2007,61,0.4
Beautiful Liar,Beyoncé and Shakira,2007,62,0.39
SexyBack,Justin Timberlake featuring Timbaland,2007,63,0.38
Keep Holding On,Avril Lavigne,2007,64,0.37
Let It Go,Keyshia Cole featuring Missy Elliott and Lil' Kim,2007,65,0.36
Apologize,OneRepublic,2007,66,0.35
Bubbly,Colbie Caillat,2007,67,0.34
Like a Boy,Ciara,2007,68,0.33
Who Knew,Pink,2007,69,0.32
Never Again,Kelly Clarkson,2007,70,0.31
Promise,Ciara,2007,71,0.3
Bed,J. Holiday,2007,72,0.29
Throw Some D's,Rich Boy featuring Polow da Don,2007,73,0.28
Rehab,Amy Winehouse,2007,74,0.27
Big Shit Poppin' (Do It),T.I.,2007,75,0.26
No One,Alicia Keys,2007,76,0.25
The Great Escape,Boys Like Girls,2007,77,0.24
2 Step,Unk,2007,78,0.23
Walk Away (Remember Me),Paula DeAnda featuring The D.E.Y.,2007,79,0.22
Go Getta,Young Jeezy featuring R. Kelly,2007,80,0.21
Here (In Your Arms),Hellogoodbye,2007,81,0.2
On the Hotline,Pretty Ricky,2007,82,0.19
Wind It Up,Gwen Stefani,2007,83,0.18
Cyclone,Baby Bash featuring T-Pain,2007,84,0.17
Break It Off,Rihanna featuring Sean Paul,2007,85,0.16
First Time,Lifehouse,2007,86,0.15
Ayo Technology,50 Cent featuring Justin Timberlake and Timbaland,2007,87,0.14
Outta My System,Bow Wow featuring T-Pain and Johntá Austin,2007,88,0.13
Teardrops on My Guitar,Taylor Swift,2007,89,0.12
Shut Up and Drive,Rihanna,2007,90,0.11
Snow (Hey Oh),Red Hot Chili Peppers,2007,91,0.1
Money Maker,Ludacris featuring Pharrell,2007,92,0.09
Kiss Kiss,Chris Brown featuring T-Pain,2007,93,0.08
Far Away,Nickelback,2007,94,0.07
Rock Yo Hips,Crime Mob and Lil' Scrappy,2007,95,0.06
LoveStoned,Justin Timberlake,2007,96,0.05
Better than Me,Hinder,2007,97,0.04
Paralyzer,Finger Eleven,2007,98,0.03
That's That,Snoop Dogg featuring R. Kelly,2007,99,0.02
Same Girl,R. Kelly featuring Usher,2007,100,0.01
Low,Flo Rida featuring T-Pain,2008,1,1.0
Bleeding Love,Leona Lewis,2008,2,0.99
No One,Alicia Keys,2008,3,0.98
Lollipop,Lil Wayne featuring Static Major,2008,4,0.97
Apologize,OneRepublic,2008,5,0.96
No Air,Jordin Sparks and Chris Brown,2008,6,0.95
Love Song,Sara Bareilles,2008,7,0.94
Love in This Club,Usher featuring Young Jeezy,2008,8,0.93
With You,Chris Brown,2008,9,0.92
Forever,Chris Brown,2008,10,0.91
Sexy Can I,Ray J featuring Yung Berg,2008,11,0.9
Take a Bow,Rihanna,2008,12,0.89
Viva la Vida,Coldplay,2008,13,0.88
I Kissed a Girl,Katy Perry,2008,14,0.87
Whatever You Like,T.I.,2008,15,0.86
Disturbia,Rihanna,2008,16,0.85
Don't Stop the Music,Rihanna,2008,17,0.84
Pocketful of Sunshine,Natasha Bedingfield,2008,18,0.83
Kiss Kiss,Chris Brown featuring T-Pain,2008,19,0.82
Closer,Ne-Yo,2008,20,0.81
Bubbly,Colbie Caillat,2008,21,0.8
Touch My Body,Mariah Carey,2008,22,0.79
4 Minutes,Madonna featuring Justin Timberlake and Timbaland,2008,23,0.78
So What,Pink,2008,24,0.77
Paralyzer,Finger Eleven,2008,25,0.76
Clumsy,Fergie,2008,26,0.75
I'm Yours,Jason Mraz,2008,27,0.74
Leavin',Jesse McCartney,2008,28,0.73
Dangerous,Kardinal Offishall featuring Akon,2008,29,0.72
Tattoo,Jordin Sparks,2008,30,0.71
See You Again,Miley Cyrus,2008,31,0.7
Shake It,Metro Station,2008,32,0.69
Stop and Stare,OneRepublic,2008,33,0.68
Take You There,Sean Kingston,2008,34,0.67
Paper Planes,M.I.A.,2008,35,0.66
Hot n Cold,Katy Perry,2008,36,0.65
Live Your Life,T.I. featuring Rihanna,2008,37,0.64
Bust It Baby (Part 2),Plies featuring Ne-Yo,2008,38,0.63
American Boy,Estelle featuring Kanye West,2008,39,0.62
Got Money,Lil Wayne featuring T-Pain,2008,40,0.61
Our Song,Taylor Swift,2008,41,0.6
Damaged,Danity Kane,2008,42,0.59
A Milli,Lil Wayne,2008,43,0.58
Sorry,Buckcherry,2008,44,0.57
Independent,Webbie featuring Lil Boosie and Lil Phat,2008,45,0.56
Can't Believe It,T-Pain featuring Lil Wayne,2008,46,0.55
Like You'll Never See Me Again,Alicia Keys,2008,47,0.54
Teardrops on My Guitar,Taylor Swift,2008,48,0.53
When I Grow Up,Pussycat Dolls,2008,49,0.52
Sexual Eruption,Snoop Dogg,2008,50,0.51
What You Got,Colby O'Donis featuring Akon,2008,51,0.5
It's Not My Time,3 Doors Down,2008,52,0.49
Better in Time,Leona Lewis,2008,53,0.48
Crank That (Soulja Boy),Soulja Boy Tell 'Em,2008,54,0.47
Shadow of the Day,Linkin Park,2008,55,0.46
Sweetest Girl (Dollar Bill),"Wyclef Jean featuring Akon, Lil Wayne and Niia",2008,56,0.45
Miss Independent,Ne-Yo,2008,57,0.44
Fall for You,Secondhand Serenade,2008,58,0.43
In the Ayer,Flo Rida featuring will.i.am,2008,59,0.42
Say,John Mayer,2008,60,0.41
One Step at a Time,Jordin Sparks,2008,61,0.4
Hate That I Love You,Rihanna featuring Ne-Yo,2008,62,0.39
Superstar,Lupe Fiasco featuring Matthew Santos,2008,63,0.38
Suffocate,J. Holiday,2008,64,0.37
Let It Rock,Kevin Rudolf featuring Lil Wayne,2008,65,0.36
Get Like Me,David Banner featuring Chris Brown and Yung Joc,2008,66,0.35
Realize,Colbie Caillat,2008,67,0.34
Put On,Young Jeezy featuring Kanye West,2008,68,0.33
The Time of My Life,David Cook,2008,69,0.32
Lolli Lolli (Pop That Body),Three 6 Mafia,2008,70,0.31
Cyclone,Baby Bash featuring T-Pain,2008,71,0.3
Love Like This,Natasha Bedingfield featuring Sean Kingston,2008,72,0.29
Burnin' Up,Jonas Brothers,2008,73,0.28
Love Lockdown,Kanye West,2008,74,0.27
I Luv Your Girl,The-Dream,2008,75,0.26
Crush,David Archuleta,2008,76,0.25
Hypnotized,Plies featuring Akon,2008,77,0.24
Big Girls Don't Cry,Fergie,2008,78,0.23
Good Life,Kanye West featuring T-Pain,2008,79,0.22
Womanizer,Britney Spears,2008,80,0.21
Love Story,Taylor Swift,2008,81,0.2
Just Fine,Mary J. Blige,2008,82,0.19
Piece of Me,Britney Spears,2008,83,0.18
The Boss,Rick Ross featuring T-Pain,2008,84,0.17
All Summer Long,Kid Rock,2008,85,0.16
Can't Help but Wait,Trey Songz,2008,86,0.15
In Love with a Girl,Gavin DeGraw,2008,87,0.14
My Life,The Game featuring Lil Wayne,2008,88,0.13
I Remember,Keyshia Cole,2008,89,0.12
Flashing Lights,Kanye West featuring Dwele,2008,90,0.11
Mrs. Officer,Lil Wayne featuring Bobby Valentino and Kidd Kidd,2008,91,0.1
7 Things,Miley Cyrus,2008,92,0.09
You're Gonna Miss This,Trace Adkins,2008,93,0.08
Love Remains the Same,Gavin Rossdale,2008,94,0.07
Feels Like Tonight,Daughtry,2008,95,0.06
The Way I Are,Timbaland featuring Keri Hilson,2008,96,0.05
Addicted,Saving Abel,2008,97,0.04
Into the Night,Santana featuring Chad Kroeger,2008,98,0.03
Heaven Sent,Keyshia Cole,2008,99,0.02
She Got It,2 Pistols featuring T-Pain and Tay Dizm,2008,100,0.01
Boom Boom Pow,The Black Eyed Peas,2009,1,1.0
Poker Face,Lady Gaga,2009,2,0.99
Just Dance,Lady Gaga featuring Colby O'Donis,2009,3,0.98
I Gotta Feeling,The Black Eyed Peas,2009,4,0.97
Love Story,Taylor Swift,2009,5,0.96
Right Round,Flo Rida,2009,6,0.95
I'm Yours,Jason Mraz,2009,7,0.94
Single Ladies (Put a Ring on It),Beyoncé,2009,8,0.93
Heartless,Kanye West,2009,9,0.92
Gives You Hell,The All-American Rejects,2009,10,0.91
You Belong with Me,Taylor Swift,2009,11,0.9
Dead and Gone,T.I. featuring Justin Timberlake,2009,12,0.89
You Found Me,The Fray,2009,13,0.88
Use Somebody,Kings of Leon,2009,14,0.87
Knock You Down,Keri Hilson featuring Kanye West and Ne-Yo,2009,15,0.86
Blame It,Jamie Foxx featuring T-Pain,2009,16,0.85
I Know You Want Me (Calle Ocho),Pitbull,2009,17,0.84
Live Your Life,T.I. featuring Rihanna,2009,18,0.83
Kiss Me thru the Phone,Soulja Boy Tell 'Em featuring Sammie,2009,19,0.82
Down,Jay Sean featuring Lil Wayne,2009,20,0.81
The Climb,Miley Cyrus,2009,21,0.8
Best I Ever Had,Drake,2009,22,0.79
My Life Would Suck Without You,Kelly Clarkson,2009,23,0.78
Halo,Beyoncé,2009,24,0.77
Hot n Cold,Katy Perry,2009,25,0.76
Second Chance,Shinedown,2009,26,0.75
Circus,Britney Spears,2009,27,0.74
Day 'n' Nite,Kid Cudi,2009,28,0.73
Party in the U.S.A.,Miley Cyrus,2009,29,0.72
Don't Trust Me,3OH!3,2009,30,0.71
Run This Town,Jay-Z featuring Rihanna and Kanye West,2009,31,0.7
Let It Rock,Kevin Rudolf featuring Lil Wayne,2009,32,0.69
Fire Burning,Sean Kingston,2009,33,0.68
Whatcha Say,Jason Derulo,2009,34,0.67
LoveGame,Lady Gaga,2009,35,0.66
Waking Up in Vegas,Katy Perry,2009,36,0.65
Birthday Sex,Jeremih,2009,37,0.64
Sober,Pink,2009,38,0.63
Womanizer,Britney Spears,2009,39,0.62
Whatever You Like,T.I.,2009,40,0.61
Obsessed,Mariah Carey,2009,41,0.6
Mad,Ne-Yo,2009,42,0.59
Good Girls Go Bad,Cobra Starship featuring Leighton Meester,2009,43,0.58
Love Lockdown,Kanye West,2009,44,0.57
So What,Pink,2009,45,0.56
Hotel Room Service,Pitbull,2009,46,0.55
Crack a Bottle,"Eminem, Dr. Dre and 50 Cent",2009,47,0.54
If I Were a Boy,Beyoncé,2009,48,0.53
Turnin Me On,Keri Hilson featuring Lil Wayne,2009,49,0.52
I Hate This Part,Pussycat Dolls,2009,50,0.51
Gotta Be Somebody,Nickelback,2009,51,0.5
Please Don't Leave Me,Pink,2009,52,0.49
Paparazzi,Lady Gaga,2009,53,0.48
Beautiful,Akon featuring Colby O'Donis and Kardinal Offishall,2009,54,0.47
Viva la Vida,Coldplay,2009,55,0.46
Right Now (Na Na Na),Akon,2009,56,0.45
Battlefield,Jordin Sparks,2009,57,0.44
Sugar,Flo Rida featuring Wynter,2009,58,0.43
Miss Independent,Ne-Yo,2009,59,0.42
Fireflies,Owl City,2009,60,0.41
New Divide,Linkin Park,2009,61,0.4
Empire State of Mind,Jay-Z featuring Alicia Keys,2009,62,0.39
No Surprise,Daughtry,2009,63,0.38
She Wolf,Shakira,2009,64,0.37
Break Up,Mario featuring Gucci Mane and Sean Garrett,2009,65,0.36
Sweet Dreams,Beyoncé,2009,66,0.35
Every Girl,Young Money,2009,67,0.34
Fallin' for You,Colbie Caillat,2009,68,0.33
Untouched,The Veronicas,2009,69,0.32
If Today Was Your Last Day,Nickelback,2009,70,0.31
Throw It in the Bag,Fabolous featuring The-Dream,2009,71,0.3
Love Drunk,Boys Like Girls,2009,72,0.29
I Love College,Asher Roth,2009,73,0.28
If U Seek Amy,Britney Spears,2009,74,0.27
Big Green Tractor,Jason Aldean,2009,75,0.26
White Horse,Taylor Swift,2009,76,0.25
Disturbia,Rihanna,2009,77,0.24
21 Guns,Green Day,2009,78,0.23
Turn My Swag On,Soulja Boy Tell 'Em,2009,79,0.22
Rockin' That Thang,The-Dream,2009,80,0.21
Chicken Fried,Zac Brown Band,2009,81,0.2
Diva,Beyoncé,2009,82,0.19
Replay,Iyaz,2009,83,0.18
Then,Brad Paisley,2009,84,0.17
Her Diamonds,Rob Thomas,2009,85,0.16
How Do You Sleep?,Jesse McCartney featuring Ludacris,2009,86,0.15
3,Britney Spears,2009,87,0.14
Forever,"Drake featuring Kanye West, Lil Wayne and Eminem",2009,88,0.13
One Time,Justin Bieber,2009,89,0.12
I Run to You,Lady Antebellum,2009,90,0.11
I Do Not Hook Up,Kelly Clarkson,2009,91,0.1
Green Light,John Legend featuring André 3000,2009,92,0.09
People Are Crazy,Billy Currington,2009,93,0.08
Whatever It Is,Zac Brown Band,2009,94,0.07
Already Gone,Kelly Clarkson,2009,95,0.06
Goodbye,Kristinia DeBarge,2009,96,0.05
Say Hey (I Love You),Michael Franti & Spearhead featuring Cherine Anderson,2009,97,0.04
Pop Champagne,Jim Jones featuring Ron Browz and Juelz Santana,2009,98,0.03
Pretty Wings,Maxwell,2009,99,0.02
Never Say Never,The Fray,2009,100,0.01
Tik Tok,Kesha,2010,1,1.0
Need You Now,Lady Antebellum,2010,2,0.99
"Hey, Soul Sister",Train,2010,3,0.98
California Gurls,Katy Perry featuring Snoop Dogg,2010,4,0.97
OMG,Usher featuring will.i.am,2010,5,0.96
Airplanes,B.o.B featuring Hayley Williams,2010,6,0.95
Love the Way You Lie,Eminem featuring Rihanna,2010,7,0.94
Bad Romance,Lady Gaga,2010,8,0.93
Dynamite,Taio Cruz,2010,9,0.92
Break Your Heart,Taio Cruz featuring Ludacris,2010,10,0.91
Nothin' on You,B.o.B featuring Bruno Mars,2010,11,0.9
I Like It,Enrique Iglesias featuring Pitbull,2010,12,0.89
BedRock,Young Money featuring Lloyd,2010,13,0.88
In My Head,Jason Derulo,2010,14,0.87
Rude Boy,Rihanna,2010,15,0.86
Telephone,Lady Gaga featuring Beyoncé,2010,16,0.85
Teenage Dream,Katy Perry,2010,17,0.84
Just the Way You Are,Bruno Mars,2010,18,0.83
Cooler Than Me,Mike Posner,2010,19,0.82
Imma Be,The Black Eyed Peas,2010,20,0.81
Empire State of Mind,Jay-Z featuring Alicia Keys,2010,21,0.8
DJ Got Us Fallin' in Love,Usher featuring Pitbull,2010,22,0.79
Billionaire,Travie McCoy featuring Bruno Mars,2010,23,0.78
Not Afraid,Eminem,2010,24,0.77
Replay,Iyaz,2010,25,0.76
Sexy Bitch,David Guetta featuring Akon,2010,26,0.75
Breakeven,The Script,2010,27,0.74
Your Love Is My Drug,Kesha,2010,28,0.73
I Gotta Feeling,The Black Eyed Peas,2010,29,0.72
Fireflies,Owl City,2010,30,0.71
Say Aah,Trey Songz featuring Fabolous,2010,31,0.7
Find Your Love,Drake,2010,32,0.69
Alejandro,Lady Gaga,2010,33,0.68
Ridin' Solo,Jason Derulo,2010,34,0.67
Just a Dream,Nelly,2010,35,0.66
How Low,Ludacris,2010,36,0.65
Like a G6,Far East Movement featuring The Cataracs and Dev,2010,37,0.64
Carry Out,Timbaland featuring Justin Timberlake,2010,38,0.63
Haven't Met You Yet,Michael Bublé,2010,39,0.62
Club Can't Handle Me,Flo Rida featuring David Guetta,2010,40,0.61
Down,Jay Sean featuring Lil Wayne,2010,41,0.6
Bulletproof,La Roux,2010,42,0.59
Whatcha Say,Jason Derulo,2010,43,0.58
Baby,Justin Bieber featuring Ludacris,2010,44,0.57
Whataya Want from Me,Adam Lambert,2010,45,0.56
Mine,Taylor Swift,2010,46,0.55
Only Girl (In the World),Rihanna,2010,47,0.54
Live Like We're Dying,Kris Allen,2010,48,0.53
Hard,Rihanna featuring Jeezy,2010,49,0.52
Young Forever,Jay-Z featuring Mr Hudson,2010,50,0.51
Blah Blah Blah,Kesha featuring 3OH!3,2010,51,0.5
Bottoms Up,Trey Songz featuring Nicki Minaj,2010,52,0.49
Do You Remember,Jay Sean featuring Sean Paul and Lil Jon,2010,53,0.48
All the Right Moves,OneRepublic,2010,54,0.47
According to You,Orianthi,2010,55,0.46
My Chick Bad,Ludacris featuring Nicki Minaj,2010,56,0.45
You Belong with Me,Taylor Swift,2010,57,0.44
Meet Me Halfway,The Black Eyed Peas,2010,58,0.43
Take It Off,Kesha,2010,59,0.42
Over,Drake,2010,60,0.41
Animal,Neon Trees,2010,61,0.4
Misery,Maroon 5,2010,62,0.39
Magic,B.o.B featuring Rivers Cuomo,2010,63,0.38
Paparazzi,Lady Gaga,2010,64,0.37
Tie Me Down,New Boyz featuring Ray J,2010,65,0.36
Your Love,Nicki Minaj,2010,66,0.35
Party in the U.S.A.,Miley Cyrus,2010,67,0.34
Deuces,Chris Brown featuring Tyga and Kevin McCall,2010,68,0.33
3,Britney Spears,2010,69,0.32
Impossible,Shontelle,2010,70,0.31
Forever,"Drake featuring Kanye West, Lil Wayne and Eminem",2010,71,0.3
Two Is Better Than One,Boys Like Girls featuring Taylor Swift,2010,72,0.29
My First Kiss,3OH!3 featuring Kesha,2010,73,0.28
Already Gone,Kelly Clarkson,2010,74,0.27
Rock That Body,The Black Eyed Peas,2010,75,0.26
Secrets,OneRepublic,2010,76,0.25
Naturally,Selena Gomez & the Scene,2010,77,0.24
Un-Thinkable (I'm Ready),Alicia Keys,2010,78,0.23
All I Do Is Win,"DJ Khaled featuring T-Pain, Ludacris, Snoop Dogg and Rick Ross",2010,79,0.22
I Made It (Cash Money Heroes),"Kevin Rudolf featuring Birdman, Jay Sean and Lil Wayne",2010,80,0.21
Stuck Like Glue,Sugarland,2010,81,0.2
Hey Daddy (Daddy's Home),Usher featuring Plies,2010,82,0.19
There Goes My Baby,Usher,2010,83,0.18
Today Was a Fairytale,Taylor Swift,2010,84,0.17
Say Something,Timbaland featuring Drake,2010,85,0.16
Sweet Dreams,Beyoncé,2010,86,0.15
Use Somebody,Kings of Leon,2010,87,0.14
Undo It,Carrie Underwood,2010,88,0.13
Eenie Meenie,Sean Kingston and Justin Bieber,2010,89,0.12
Right Above It,Lil Wayne featuring Drake,2010,90,0.11
The House That Built Me,Miranda Lambert,2010,91,0.1
If I Die Young,The Band Perry,2010,92,0.09
The Only Exception,Paramore,2010,93,0.08
American Honey,Lady Antebellum,2010,94,0.07
King of Anything,Sara Bareilles,2010,95,0.06
Life After You,Daughtry,2010,96,0.05
Smile,Uncle Kracker,2010,97,0.04
Teach Me How to Dougie,Cali Swag District,2010,98,0.03
Try Sleeping with a Broken Heart,Alicia Keys,2010,99,0.02
"Lover, Lover",Jerrod Niemann,2010,100,0.01
Rolling in the Deep,Adele,2011,1,1.0
Party Rock Anthem,LMFAO featuring Lauren Bennett and GoonRock,2011,2,0.99
Firework,Katy Perry,2011,3,0.98
E.T.,Katy Perry featuring Kanye West,2011,4,0.97
Give Me Everything,"Pitbull featuring Ne-Yo, Afrojack and Nayer",2011,5,0.96
Grenade,Bruno Mars,2011,6,0.95
Fuck You (Forget You),CeeLo Green,2011,7,0.94
Super Bass,Nicki Minaj,2011,8,0.93
Moves like Jagger,Maroon 5 featuring Christina Aguilera,2011,9,0.92
Just Can't Get Enough,The Black Eyed Peas,2011,10,0.91
On the Floor,Jennifer Lopez featuring Pitbull,2011,11,0.9
S&M,Rihanna,2011,12,0.89
Pumped Up Kicks,Foster the People,2011,13,0.88
Last Friday Night (T.G.I.F.),Katy Perry,2011,14,0.87
Just the Way You Are,Bruno Mars,2011,15,0.86
Tonight (I'm Lovin' You),Enrique Iglesias featuring Ludacris and DJ Frank E,2011,16,0.85
Raise Your Glass,Pink,2011,17,0.84
Born This Way,Lady Gaga,2011,18,0.83
Fuckin' Perfect,Pink,2011,19,0.82
What's My Name?,Rihanna featuring Drake,2011,20,0.81
Look at Me Now,Chris Brown featuring Lil Wayne and Busta Rhymes,2011,21,0.8
Down on Me,Jeremih featuring 50 Cent,2011,22,0.79
How to Love,Lil Wayne,2011,23,0.78
Someone Like You,Adele,2011,24,0.77
Good Life,OneRepublic,2011,25,0.76
The Lazy Song,Bruno Mars,2011,26,0.75
Till the World Ends,Britney Spears,2011,27,0.74
The Show Goes On,Lupe Fiasco,2011,28,0.73
The Edge of Glory,Lady Gaga,2011,29,0.72
We R Who We R,Kesha,2011,30,0.71
Black and Yellow,Wiz Khalifa,2011,31,0.7
Tonight Tonight,Hot Chelle Rae,2011,32,0.69
Blow,Kesha,2011,33,0.68
Lighters,Bad Meets Evil featuring Bruno Mars,2011,34,0.67
If I Die Young,The Band Perry,2011,35,0.66
Stereo Hearts,Gym Class Heroes featuring Adam Levine,2011,36,0.65
The Time (Dirty Bit),The Black Eyed Peas,2011,37,0.64
Coming Home,Diddy – Dirty Money featuring Skylar Grey,2011,38,0.63
Hey Baby (Drop It to the Floor),Pitbull featuring T-Pain,2011,39,0.62
Only Girl (In the World),Rihanna,2011,40,0.61
6 Foot 7 Foot,Lil Wayne featuring Cory Gunz,2011,41,0.6
Just a Kiss,Lady Antebellum,2011,42,0.59
Dirt Road Anthem,Jason Aldean,2011,43,0.58
Dynamite,Taio Cruz,2011,44,0.57
No Hands,Waka Flocka Flame featuring Wale and Roscoe Dash,2011,45,0.56
I Wanna Go,Britney Spears,2011,46,0.55
I'm on One,"DJ Khaled featuring Drake, Rick Ross and Lil Wayne",2011,47,0.54
You Make Me Feel...,Cobra Starship featuring Sabi,2011,48,0.53
Yeah 3x,Chris Brown,2011,49,0.52
Moment 4 Life,Nicki Minaj featuring Drake,2011,50,0.51
I Need a Doctor,Dr. Dre featuring Eminem and Skylar Grey,2011,51,0.5
Just a Dream,Nelly,2011,52,0.49
Motivation,Kelly Rowland featuring Lil Wayne,2011,53,0.48
Stereo Love,Edward Maya featuring Vika Jigulina,2011,54,0.47
Jar of Hearts,Christina Perri,2011,55,0.46
Roll Up,Wiz Khalifa,2011,56,0.45
Sexy and I Know It,LMFAO,2011,57,0.44
Rocketeer,Far East Movement featuring Ryan Tedder,2011,58,0.43
All of the Lights,Kanye West,2011,59,0.42
Hold It Against Me,Britney Spears,2011,60,0.41
More,Usher,2011,61,0.4
What the Hell,Avril Lavigne,2011,62,0.39
Written in the Stars,Tinie Tempah featuring Eric Turner,2011,63,0.38
Bottoms Up,Trey Songz featuring Nicki Minaj,2011,64,0.37
DJ Got Us Fallin' in Love,Usher featuring Pitbull,2011,65,0.36
For the First Time,The Script,2011,66,0.35
Honey Bee,Blake Shelton,2011,67,0.34
Don't You Wanna Stay,Jason Aldean featuring Kelly Clarkson,2011,68,0.33
We Found Love,Rihanna featuring Calvin Harris,2011,69,0.32
Pretty Girl Rock,Keri Hilson,2011,70,0.31
Yoü and I,Lady Gaga,2011,71,0.3
Like a G6,Far East Movement featuring The Cataracs and Dev,2011,72,0.29
Without You,David Guetta featuring Usher,2011,73,0.28
Back to December,Taylor Swift,2011,74,0.27
Teenage Dream,Katy Perry,2011,75,0.26
Crazy Girl,Eli Young Band,2011,76,0.25
Cheers (Drink to That),Rihanna,2011,77,0.24
Who Says,Selena Gomez & the Scene,2011,78,0.23
Barefoot Blue Jean Night,Jake Owen,2011,79,0.22
Knee Deep,Zac Brown Band featuring Jimmy Buffett,2011,80,0.21
Country Girl (Shake It for Me),Luke Bryan,2011,81,0.2
Remind Me,Brad Paisley and Carrie Underwood,2011,82,0.19
In the Dark,Dev,2011,83,0.18
Backseat,New Boyz featuring The Cataracs and Dev,2011,84,0.17
Headlines,Drake,2011,85,0.16
Best Thing I Never Had,Beyoncé,2011,86,0.15
Don't Wanna Go Home,Jason Derulo,2011,87,0.14
Where Them Girls At,David Guetta featuring Flo Rida and Nicki Minaj,2011,88,0.13
She Ain't You,Chris Brown,2011,89,0.12
Take a Back Road,Rodney Atkins,2011,90,0.11
Please Don't Go,Mike Posner,2011,91,0.1
Sure Thing,Miguel,2011,92,0.09
Price Tag,Jessie J featuring B.o.B,2011,93,0.08
God Gave Me You,Blake Shelton,2011,94,0.07
She Will,Lil Wayne featuring Drake,2011,95,0.06
Are You Gonna Kiss Me or Not,Thompson Square,2011,96,0.05
Animal,Neon Trees,2011,97,0.04
You and Tequila,Kenny Chesney featuring Grace Potter,2011,98,0.03
Colder Weather,Zac Brown Band,2011,99,0.02
My Last,Big Sean featuring Chris Brown,2011,100,0.01
Somebody That I Used to Know,Gotye featuring Kimbra,2012,1,1.0
Call Me Maybe,Carly Rae Jepsen,2012,2,0.99
We Are Young,Fun featuring Janelle Monáe,2012,3,0.98
Payphone,Maroon 5 featuring Wiz Khalifa,2012,4,0.97
Lights,Ellie Goulding,2012,5,0.96
Glad You Came,The Wanted,2012,6,0.95
Stronger (What Doesn't Kill You),Kelly Clarkson,2012,7,0.94
We Found Love,Rihanna featuring Calvin Harris,2012,8,0.93
Starships,Nicki Minaj,2012,9,0.92
What Makes You Beautiful,One Direction,2012,10,0.91
Wild Ones,Flo Rida featuring Sia,2012,11,0.9
Set Fire to the Rain,Adele,2012,12,0.89
Sexy and I Know It,LMFAO,2012,13,0.88
Some Nights,Fun,2012,14,0.87
Wide Awake,Katy Perry,2012,15,0.86
Good Feeling,Flo Rida,2012,16,0.85
Whistle,Flo Rida,2012,17,0.84
One More Night,Maroon 5,2012,18,0.83
Drive By,Train,2012,19,0.82
The Motto,Drake featuring Lil Wayne,2012,20,0.81
Where Have You Been,Rihanna,2012,21,0.8
Everybody Talks,Neon Trees,2012,22,0.79
Take Care,Drake featuring Rihanna,2012,23,0.78
Titanium,David Guetta featuring Sia,2012,24,0.77
I Won't Give Up,Jason Mraz,2012,25,0.76
It Will Rain,Bruno Mars,2012,26,0.75
Mercy,"Kanye West, Big Sean, Pusha T and 2 Chainz",2012,27,0.74
Boyfriend,Justin Bieber,2012,28,0.73
Party Rock Anthem,LMFAO featuring Lauren Bennett and GoonRock,2012,29,0.72
Too Close,Alex Clare,2012,30,0.71
Part of Me,Katy Perry,2012,31,0.7
"Young, Wild & Free",Snoop Dogg and Wiz Khalifa featuring Bruno Mars,2012,32,0.69
We Are Never Ever Getting Back Together,Taylor Swift,2012,33,0.68
As Long as You Love Me,Justin Bieber featuring Big Sean,2012,34,0.67
Turn Me On,David Guetta featuring Nicki Minaj,2012,35,0.66
Moves like Jagger,Maroon 5 featuring Christina Aguilera,2012,36,0.65
Blow Me (One Last Kiss),Pink,2012,37,0.64
Good Time,Owl City and Carly Rae Jepsen,2012,38,0.63
Give Your Heart a Break,Demi Lovato,2012,39,0.62
Niggas in Paris,Jay-Z and Kanye West,2012,40,0.61
The One That Got Away,Katy Perry,2012,41,0.6
Feel So Close,Calvin Harris,2012,42,0.59
Someone like You,Adele,2012,43,0.58
Scream,Usher,2012,44,0.57
Rack City,Tyga,2012,45,0.56
Domino,Jessie J,2012,46,0.55
Gangnam Style,Psy,2012,47,0.54
International Love,Pitbull featuring Chris Brown,2012,48,0.53
Home,Phillip Phillips,2012,49,0.52
Without You,David Guetta featuring Usher,2012,50,0.51
Ass Back Home,Gym Class Heroes featuring Neon Hitch,2012,51,0.5
Wanted,Hunter Hayes,2012,52,0.49
Drunk on You,Luke Bryan,2012,53,0.48
No Lie,2 Chainz featuring Drake,2012,54,0.47
Want U Back,Cher Lloyd,2012,55,0.46
Don't Wake Me Up,Chris Brown,2012,56,0.45
Dance (A$$),Big Sean featuring Nicki Minaj,2012,57,0.44
Springsteen,Eric Church,2012,58,0.43
Brokenhearted,Karmin,2012,59,0.42
Not Over You,Gavin DeGraw,2012,60,0.41
Stereo Hearts,Gym Class Heroes featuring Adam Levine,2012,61,0.4
Back in Time,Pitbull,2012,62,0.39
Work Out,J. Cole,2012,63,0.38
Rumour Has It,Adele,2012,64,0.37
Let's Go,Calvin Harris featuring Ne-Yo,2012,65,0.36
Good Girl,Carrie Underwood,2012,66,0.35
Pontoon,Little Big Town,2012,67,0.34
Ho Hey,The Lumineers,2012,68,0.33
Paradise,Coldplay,2012,69,0.32
Blown Away,Carrie Underwood,2012,70,0.31
Rolling in the Deep,Adele,2012,71,0.3
Climax,Usher,2012,72,0.29
"Work Hard, Play Hard",Wiz Khalifa,2012,73,0.28
Let Me Love You (Until You Learn to Love Yourself),Ne-Yo,2012,74,0.27
Pound the Alarm,Nicki Minaj,2012,75,0.26
Come Over,Kenny Chesney,2012,76,0.25
Heart Attack,Trey Songz,2012,77,0.24
Drank in My Cup,Kirko Bangz,2012,78,0.23
Birthday Cake,Rihanna featuring Chris Brown,2012,79,0.22
So Good,B.o.B,2012,80,0.21
50 Ways to Say Goodbye,Train,2012,81,0.2
Red Solo Cup,Toby Keith,2012,82,0.19
Love You Like a Love Song,Selena Gomez & the Scene,2012,83,0.18
Turn Up the Music,Chris Brown,2012,84,0.17
Die Young,Kesha,2012,85,0.16
5 O'Clock,T-Pain featuring Wiz Khalifa and Lily Allen,2012,86,0.15
A Thousand Years,Christina Perri,2012,87,0.14
Take a Little Ride,Jason Aldean,2012,88,0.13
You da One,Rihanna,2012,89,0.12
We Run the Night,Havana Brown featuring Pitbull,2012,90,0.11
It's Time,Imagine Dragons,2012,91,0.1
Cashin' Out,Cash Out,2012,92,0.09
I Don't Want This Night to End,Luke Bryan,2012,93,0.08
Diamonds,Rihanna,2012,94,0.07
Hard to Love,Lee Brice,2012,95,0.06
Somethin' 'Bout a Truck,Kip Moore,2012,96,0.05
Adorn,Miguel,2012,97,0.04
Fly Over States,Jason Aldean,2012,98,0.03
Even If It Breaks Your Heart,Eli Young Band,2012,99,0.02
Burn It Down,Linkin Park,2012,100,0.01
Thrift Shop,Macklemore & Ryan Lewis featuring Wanz,2013,1,1.0
Blurred Lines,Robin Thicke featuring T.I. and Pharrell Williams,2013,2,0.99
Radioactive,Imagine Dragons,2013,3,0.98
Harlem Shake,Baauer,2013,4,0.97
Can't Hold Us,Macklemore & Ryan Lewis featuring Ray Dalton,2013,5,0.96
Mirrors,Justin Timberlake,2013,6,0.95
Just Give Me a Reason,Pink featuring Nate Ruess,2013,7,0.94
When I Was Your Man,Bruno Mars,2013,8,0.93
Cruise,Florida Georgia Line featuring Nelly,2013,9,0.92
Roar,Katy Perry,2013,10,0.91
Locked Out of Heaven,Bruno Mars,2013,11,0.9
Ho Hey,The Lumineers,2013,12,0.89
Stay,Rihanna featuring Mikky Ekko,2013,13,0.88
Get Lucky,Daft Punk featuring Pharrell Williams,2013,14,0.87
Royals,Lorde,2013,15,0.86
I Knew You Were Trouble,Taylor Swift,2013,16,0.85
We Can't Stop,Miley Cyrus,2013,17,0.84
Wrecking Ball,Miley Cyrus,2013,18,0.83
Wake Me Up,Avicii,2013,19,0.82
Suit & Tie,Justin Timberlake featuring Jay-Z,2013,20,0.81
Cups (Pitch Perfect's When I'm Gone),Anna Kendrick,2013,21,0.8
Holy Grail,Jay-Z featuring Justin Timberlake,2013,22,0.79
Scream & Shout,Will.i.am featuring Britney Spears,2013,23,0.78
Clarity,Zedd featuring Foxes,2013,24,0.77
Sail,Awolnation,2013,25,0.76
Don't You Worry Child,Swedish House Mafia featuring John Martin,2013,26,0.75
Diamonds,Rihanna,2013,27,0.74
I Love It,Icona Pop featuring Charli XCX,2013,28,0.73
Safe and Sound,Capital Cities,2013,29,0.72
Treasure,Bruno Mars,2013,30,0.71
The Way,Ariana Grande featuring Mac Miller,2013,31,0.7
Started from the Bottom,Drake,2013,32,0.69
Come & Get It,Selena Gomez,2013,33,0.68
"Hold On, We're Going Home",Drake featuring Majid Jordan,2013,34,0.67
Daylight,Maroon 5,2013,35,0.66
Feel This Moment,Pitbull featuring Christina Aguilera,2013,36,0.65
Applause,Lady Gaga,2013,37,0.64
One More Night,Maroon 5,2013,38,0.63
Love Me,Lil Wayne featuring Drake and Future,2013,39,0.62
My Songs Know What You Did in the Dark (Light Em Up),Fall Out Boy,2013,40,0.61
Fuckin' Problems,"ASAP Rocky featuring Drake, 2 Chainz and Kendrick Lamar",2013,41,0.6
Beauty and a Beat,Justin Bieber featuring Nicki Minaj,2013,42,0.59
Same Love,Macklemore & Ryan Lewis featuring Mary Lambert,2013,43,0.58
Sweet Nothing,Calvin Harris featuring Florence Welch,2013,44,0.57
Summertime Sadness,Lana Del Rey and Cédric Gervais,2013,45,0.56
Home,Phillip Phillips,2013,46,0.55
It's Time,Imagine Dragons,2013,47,0.54
Power Trip,J. Cole featuring Miguel,2013,48,0.53
Girl on Fire,Alicia Keys featuring Nicki Minaj,2013,49,0.52
Heart Attack,Demi Lovato,2013,50,0.51
Love Somebody,Maroon 5,2013,51,0.5
I Will Wait,Mumford & Sons,2013,52,0.49
Try,Pink,2013,53,0.48
Wagon Wheel,Darius Rucker,2013,54,0.47
Gangnam Style,Psy,2013,55,0.46
I Need Your Love,Calvin Harris featuring Ellie Goulding,2013,56,0.45
Die Young,Kesha,2013,57,0.44
Some Nights,Fun,2013,58,0.43
Bad,Wale featuring Tiara Thomas or Rihanna,2013,59,0.42
Boys 'Round Here,Blake Shelton featuring Pistol Annies and Friends,2013,60,0.41
"Gone, Gone, Gone",Phillip Phillips,2013,61,0.4
Demons,Imagine Dragons,2013,62,0.39
Counting Stars,OneRepublic,2013,63,0.38
I Cry,Flo Rida,2013,64,0.37
Little Talks,Of Monsters and Men,2013,65,0.36
The Other Side,Jason Derulo,2013,66,0.35
Berzerk,Eminem,2013,67,0.34
Catch My Breath,Kelly Clarkson,2013,68,0.33
Crash My Party,Luke Bryan,2013,69,0.32
Pour It Up,Rihanna,2013,70,0.31
22,Taylor Swift,2013,71,0.3
I Want Crazy,Hunter Hayes,2013,72,0.29
The Fox (What Does the Fox Say?),Ylvis,2013,73,0.28
Best Song Ever,One Direction,2013,74,0.27
The A Team,Ed Sheeran,2013,75,0.26
Carry On,Fun,2013,76,0.25
Highway Don't Care,Tim McGraw featuring Taylor Swift and Keith Urban,2013,77,0.24
That's My Kind of Night,Luke Bryan,2013,78,0.23
Swimming Pools (Drank),Kendrick Lamar,2013,79,0.22
Sure Be Cool If You Did,Blake Shelton,2013,80,0.21
#Beautiful,Mariah Carey featuring Miguel,2013,81,0.2
Troublemaker,Olly Murs featuring Flo Rida,2013,82,0.19
Body Party,Ciara,2013,83,0.18
Adorn,Miguel,2013,84,0.17
Hall of Fame,The Script featuring will.i.am,2013,85,0.16
Let Me Love You (Until You Learn to Love Yourself),Ne-Yo,2013,86,0.15
U.O.E.N.O.,Rocko featuring Future and Rick Ross,2013,87,0.14
Next to Me,Emeli Sandé,2013,88,0.13
Mama's Broken Heart,Miranda Lambert,2013,89,0.12
It Goes Like This,Thomas Rhett,2013,90,0.11
Bugatti,Ace Hood featuring Future and Rick Ross,2013,91,0.1
Wanted,Hunter Hayes,2013,92,0.09
Downtown,Lady Antebellum,2013,93,0.08
Get Your Shine On,Florida Georgia Line,2013,94,0.07
#thatPower,will.i.am featuring Justin Bieber,2013,95,0.06
Brave,Sara Bareilles,2013,96,0.05
Let Her Go,Passenger,2013,97,0.04
Runnin' Outta Moonlight,Randy Houser,2013,98,0.03
I'm Different,2 Chainz,2013,99,0.02
Still Into You,Paramore,2013,100,0.01
Happy,Pharrell Williams,2014,1,1.0
Dark Horse,Katy Perry featuring Juicy J,2014,2,0.99
All of Me,John Legend,2014,3,0.98
Fancy,Iggy Azalea featuring Charli XCX,2014,4,0.97
Counting Stars,OneRepublic,2014,5,0.96
Talk Dirty,Jason Derulo featuring 2 Chainz,2014,6,0.95
Rude,Magic!,2014,7,0.94
All About That Bass,Meghan Trainor,2014,8,0.93
Problem,Ariana Grande featuring Iggy Azalea,2014,9,0.92
Stay with Me,Sam Smith,2014,10,0.91
Timber,Pitbull featuring Kesha,2014,11,0.9
Pompeii,Bastille,2014,12,0.89
Shake It Off,Taylor Swift,2014,13,0.88
Am I Wrong,Nico & Vinz,2014,14,0.87
Turn Down for What,DJ Snake and Lil Jon,2014,15,0.86
The Monster,Eminem featuring Rihanna,2014,16,0.85
Say Something,A Great Big World and Christina Aguilera,2014,17,0.84
Team,Lorde,2014,18,0.83
Let Her Go,Passenger,2014,19,0.82
Royals,Lorde,2014,20,0.81
Let It Go,Idina Menzel,2014,21,0.8
Wake Me Up,Avicii,2014,22,0.79
Demons,Imagine Dragons,2014,23,0.78
Story of My Life,One Direction,2014,24,0.77
Chandelier,Sia,2014,25,0.76
Black Widow,Iggy Azalea featuring Rita Ora,2014,26,0.75
Bang Bang,"Jessie J, Ariana Grande and Nicki Minaj",2014,27,0.74
Latch,Disclosure featuring Sam Smith,2014,28,0.73
Maps,Maroon 5,2014,29,0.72
Loyal,Chris Brown featuring Lil Wayne and French Montana or Too Short or Tyga,2014,30,0.71
Best Day of My Life,American Authors,2014,31,0.7
Habits (Stay High),Tove Lo,2014,32,0.69
Summer,Calvin Harris,2014,33,0.68
Boom Clap,Charli XCX,2014,34,0.67
Drunk in Love,Beyoncé featuring Jay-Z,2014,35,0.66
Anaconda,Nicki Minaj,2014,36,0.65
Break Free,Ariana Grande featuring Zedd,2014,37,0.64
Bailando,Enrique Iglesias featuring Descemer Bueno and Gente de Zona,2014,38,0.63
Burn,Ellie Goulding,2014,39,0.62
Wiggle,Jason Derulo featuring Snoop Dogg,2014,40,0.61
Rather Be,Clean Bandit featuring Jess Glynne,2014,41,0.6
Don't Tell 'Em,Jeremih featuring YG,2014,42,0.59
Show Me,Kid Ink featuring Chris Brown,2014,43,0.58
Wrecking Ball,Miley Cyrus,2014,44,0.57
Not a Bad Thing,Justin Timberlake,2014,45,0.56
Roar,Katy Perry,2014,46,0.55
Ain't It Fun,Paramore,2014,47,0.54
The Man,Aloe Blacc,2014,48,0.53
This Is How We Roll,Florida Georgia Line featuring Luke Bryan,2014,49,0.52
Classic,MKTO,2014,50,0.51
A Sky Full of Stars,Coldplay,2014,51,0.5
Don't,Ed Sheeran,2014,52,0.49
Na Na,Trey Songz,2014,53,0.48
Hot Boy,Bobby Shmurda,2014,54,0.47
"Hold On, We're Going Home",Drake featuring Majid Jordan,2014,55,0.46
Sing,Ed Sheeran,2014,56,0.45
Radioactive,Imagine Dragons,2014,57,0.44
My Hitta,YG featuring Jeezy and Rich Homie Quan,2014,58,0.43
Cool Kids,Echosmith,2014,59,0.42
Hey Brother,Avicii,2014,60,0.41
Trumpets,Jason Derulo,2014,61,0.4
Animals,Maroon 5,2014,62,0.39
Burnin' It Down,Jason Aldean,2014,63,0.38
Play It Again,Luke Bryan,2014,64,0.37
2 On,Tinashe featuring ScHoolboy Q,2014,65,0.36
Dirt,Florida Georgia Line,2014,66,0.35
Love Runs Out,OneRepublic,2014,67,0.34
Bottoms Up,Brantley Gilbert,2014,68,0.33
Shower,Becky G,2014,69,0.32
Me and My Broken Heart,Rixton,2014,70,0.31
Animals,Martin Garrix,2014,71,0.3
Lifestyle,Rich Gang featuring Young Thug and Rich Homie Quan,2014,72,0.29
American Kids,Kenny Chesney,2014,73,0.28
Brave,Sara Bareilles,2014,74,0.27
Sweater Weather,The Neighbourhood,2014,75,0.26
Leave the Night On,Sam Hunt,2014,76,0.25
New Flame,Chris Brown featuring Usher and Rick Ross,2014,77,0.24
Love Never Felt So Good,Michael Jackson and Justin Timberlake,2014,78,0.23
Drunk on a Plane,Dierks Bentley,2014,79,0.22
Birthday,Katy Perry,2014,80,0.21
Bartender,Lady Antebellum,2014,81,0.2
La La La,Naughty Boy featuring Sam Smith,2014,82,0.19
Blurred Lines,Robin Thicke featuring T.I. and Pharrell Williams,2014,83,0.18
Do What U Want,Lady Gaga featuring R. Kelly,2014,84,0.17
Can't Remember to Forget You,Shakira featuring Rihanna,2014,85,0.16
Amnesia,5 Seconds of Summer,2014,86,0.15
No Mediocre,T.I. featuring Iggy Azalea,2014,87,0.14
Come with Me Now,KONGOS,2014,88,0.13
Believe Me,Lil Wayne featuring Drake,2014,89,0.12
23,"Mike WiLL Made-It featuring Miley Cyrus, Wiz Khalifa, and Juicy J",2014,90,0.11
Beachin',Jake Owen,2014,91,0.1
White Walls,Macklemore & Ryan Lewis featuring ScHoolboy Q and Hollis,2014,92,0.09
She Looks So Perfect,5 Seconds of Summer,2014,93,0.08
Stay the Night,Zedd featuring Hayley Williams,2014,94,0.07
Partition,Beyoncé,2014,95,0.06
Studio,ScHoolboy Q featuring BJ the Chicago Kid,2014,96,0.05
0 to 100 / The Catch Up,Drake,2014,97,0.04
I Don't Dance,Lee Brice,2014,98,0.03
Somethin' Bad,Miranda Lambert and Carrie Underwood,2014,99,0.02
Adore You,Miley Cyrus,2014,100,0.01
Uptown Funk,Mark Ronson featuring Bruno Mars,2015,1,1.0
Thinking Out Loud,Ed Sheeran,2015,2,0.99
See You Again,Wiz Khalifa featuring Charlie Puth,2015,3,0.98
Trap Queen,Fetty Wap,2015,4,0.97
Sugar,Maroon 5,2015,5,0.96
Shut Up and Dance,Walk the Moon,2015,6,0.95
Blank Space,Taylor Swift,2015,7,0.94
Watch Me,Silentó,2015,8,0.93
Earned It,The Weeknd,2015,9,0.92
The Hills,The Weeknd,2015,10,0.91
Cheerleader (Felix Jaehn Remix),OMI,2015,11,0.9
Can't Feel My Face,The Weeknd,2015,12,0.89
Love Me Like You Do,Ellie Goulding,2015,13,0.88
Take Me to Church,Hozier,2015,14,0.87
Bad Blood,Taylor Swift featuring Kendrick Lamar,2015,15,0.86
Lean On,Major Lazer and DJ Snake featuring MØ,2015,16,0.85
Want to Want Me,Jason Derulo,2015,17,0.84
Shake It Off,Taylor Swift,2015,18,0.83
Where Are Ü Now,Jack Ü featuring Justin Bieber,2015,19,0.82
Fight Song,Rachel Platten,2015,20,0.81
679,Fetty Wap featuring Remy Boyz,2015,21,0.8
Lips Are Movin,Meghan Trainor,2015,22,0.79
Worth It,Fifth Harmony featuring Kid Ink,2015,23,0.78
Post to Be,Omarion featuring Chris Brown and Jhené Aiko,2015,24,0.77
"Honey, I'm Good.",Andy Grammer,2015,25,0.76
I'm Not the Only One,Sam Smith,2015,26,0.75
Good for You,Selena Gomez featuring ASAP Rocky,2015,27,0.74
All About That Bass,Meghan Trainor,2015,28,0.73
Style,Taylor Swift,2015,29,0.72
Hotline Bling,Drake,2015,30,0.71
Hey Mama,"David Guetta featuring Nicki Minaj, Bebe Rexha and Afrojack",2015,31,0.7
G.D.F.R.,Flo Rida featuring Sage the Gemini and Lookas,2015,32,0.69
What Do You Mean?,Justin Bieber,2015,33,0.68
Photograph,Ed Sheeran,2015,34,0.67
Hello,Adele,2015,35,0.66
Stitches,Shawn Mendes,2015,36,0.65
Talking Body,Tove Lo,2015,37,0.64
Jealous,Nick Jonas,2015,38,0.63
Time of Our Lives,Pitbull and Ne-Yo,2015,39,0.62
Locked Away,R. City featuring Adam Levine,2015,40,0.61
Somebody,Natalie La Rose featuring Jeremih,2015,41,0.6
FourFiveSeconds,"Rihanna, Kanye West and Paul McCartney",2015,42,0.59
Centuries,Fall Out Boy,2015,43,0.58
My Way,Fetty Wap featuring Monty,2015,44,0.57
Take Your Time,Sam Hunt,2015,45,0.56
Animals,Maroon 5,2015,46,0.55
I Don't Fuck with You,Big Sean featuring E-40,2015,47,0.54
Bitch Better Have My Money,Rihanna,2015,48,0.53
"Flex (Ooh, Ooh, Ooh)",Rich Homie Quan,2015,49,0.52
Nasty Freestyle,T-Wayne,2015,50,0.51
Only,"Nicki Minaj featuring Drake, Lil Wayne and Chris Brown",2015,51,0.5
Elastic Heart,Sia,2015,52,0.49
Cool for the Summer,Demi Lovato,2015,53,0.48
Renegades,X Ambassadors,2015,54,0.47
I Don't Mind,Usher featuring Juicy J,2015,55,0.46
Love Me Harder,Ariana Grande and The Weeknd,2015,56,0.45
Wildest Dreams,Taylor Swift,2015,57,0.44
Stay with Me,Sam Smith,2015,58,0.43
You Know You Like It,DJ Snake and AlunaGeorge,2015,59,0.42
Uma Thurman,Fall Out Boy,2015,60,0.41
7/11,Beyoncé,2015,61,0.4
The Heart Wants What It Wants,Selena Gomez,2015,62,0.39
Girl Crush,Little Big Town,2015,63,0.38
Slow Motion,Trey Songz,2015,64,0.37
Drag Me Down,One Direction,2015,65,0.36
Truffle Butter,Nicki Minaj featuring Drake and Lil Wayne,2015,66,0.35
One Last Time,Ariana Grande,2015,67,0.34
Chains,Nick Jonas,2015,68,0.33
All Eyes on You,Meek Mill featuring Chris Brown and Nicki Minaj,2015,69,0.32
No Type,Rae Sremmurd,2015,70,0.31
Riptide,Vance Joy,2015,71,0.3
Classic Man,Jidenna featuring Roman GianArthur,2015,72,0.29
Ex's & Oh's,Elle King,2015,73,0.28
Dear Future Husband,Meghan Trainor,2015,74,0.27
Marvin Gaye,Charlie Puth featuring Meghan Trainor,2015,75,0.26
Like I'm Gonna Lose You,Meghan Trainor featuring John Legend,2015,76,0.25
Habits (Stay High),Tove Lo,2015,77,0.24
The Hanging Tree,James Newton Howard featuring Jennifer Lawrence,2015,78,0.23
CoCo,O.T. Genasis,2015,79,0.22
Bang Bang,"Jessie J, Ariana Grande and Nicki Minaj",2015,80,0.21
Lay Me Down,Sam Smith,2015,81,0.2
Tuesday,ILoveMakonnen featuring Drake,2015,82,0.19
Hit the Quan,iLoveMemphis,2015,83,0.18
Downtown,"Macklemore & Ryan Lewis featuring Eric Nally, Melle Mel, Kool Moe Dee and Grandmaster Caz",2015,84,0.17
House Party,Sam Hunt,2015,85,0.16
Ayo,Chris Brown and Tyga,2015,86,0.15
Kick the Dust Up,Luke Bryan,2015,87,0.14
Blessings,Big Sean featuring Drake and Kanye West,2015,88,0.13
Budapest,George Ezra,2015,89,0.12
Chandelier,Sia,2015,90,0.11
Heartbeat Song,Kelly Clarkson,2015,91,0.1
Don't,Ed Sheeran,2015,92,0.09
Ghost,Ella Henderson,2015,93,0.08
Here,Alessia Cara,2015,94,0.07
Waves (Robin Schulz Remix),Mr Probz,2015,95,0.06
El Perdón,Nicky Jam and Enrique Iglesias,2015,96,0.05
She Knows,Ne-Yo featuring Juicy J,2015,97,0.04
Night Changes,One Direction,2015,98,0.03
Back to Back,Drake,2015,99,0.02
How Deep Is Your Love,Calvin Harris and Disciples,2015,100,0.01
Love Yourself,Justin Bieber,2016,1,1.0
Sorry,Justin Bieber,2016,2,0.99
One Dance,Drake featuring Wizkid and Kyla,2016,3,0.98
Work,Rihanna featuring Drake,2016,4,0.97
Stressed Out,Twenty One Pilots,2016,5,0.96
Panda,Desiigner,2016,6,0.95
Hello,Adele,2016,7,0.94
Don't Let Me Down,The Chainsmokers featuring Daya,2016,8,0.93
Can't Stop the Feeling!,Justin Timberlake,2016,9,0.92
Closer,The Chainsmokers featuring Halsey,2016,10,0.91
Cheap Thrills,Sia featuring Sean Paul,2016,11,0.9
7 Years,Lukas Graham,2016,12,0.89
Needed Me,Rihanna,2016,13,0.88
My House,Flo Rida,2016,14,0.87
I Took a Pill in Ibiza,Mike Posner,2016,15,0.86
Work from Home,Fifth Harmony featuring Ty Dolla Sign,2016,16,0.85
This Is What You Came For,Calvin Harris featuring Rihanna,2016,17,0.84
Cake by the Ocean,DNCE,2016,18,0.83
"Me, Myself & I",G-Eazy and Bebe Rexha,2016,19,0.82
Ride,Twenty One Pilots,2016,20,0.81
Heathens,Twenty One Pilots,2016,21,0.8
Pillowtalk,Zayn,2016,22,0.79
Stitches,Shawn Mendes,2016,23,0.78
Hotline Bling,Drake,2016,24,0.77
Cold Water,Major Lazer featuring Justin Bieber and MØ,2016,25,0.76
Send My Love (To Your New Lover),Adele,2016,26,0.75
Roses,The Chainsmokers featuring Rozes,2016,27,0.74
Treat You Better,Shawn Mendes,2016,28,0.73
Too Good,Drake featuring Rihanna,2016,29,0.72
Low Life,Future featuring The Weeknd,2016,30,0.71
What Do You Mean?,Justin Bieber,2016,31,0.7
The Hills,The Weeknd,2016,32,0.69
Just Like Fire,P!nk,2016,33,0.68
Broccoli,DRAM featuring Lil Yachty,2016,34,0.67
Don't,Bryson Tiller,2016,35,0.66
Dangerous Woman,Ariana Grande,2016,36,0.65
Jumpman,Drake and Future,2016,37,0.64
"I Hate U, I Love U",Gnash featuring Olivia O'Brien,2016,38,0.63
Here,Alessia Cara,2016,39,0.62
Same Old Love,Selena Gomez,2016,40,0.61
Controlla,Drake,2016,41,0.6
Like I'm Gonna Lose You,Meghan Trainor featuring John Legend,2016,42,0.59
One Call Away,Charlie Puth,2016,43,0.58
Let It Go,James Bay,2016,44,0.57
No,Meghan Trainor,2016,45,0.56
Never Forget You,Zara Larsson and MNEK,2016,46,0.55
Let Me Love You,DJ Snake featuring Justin Bieber,2016,47,0.54
Don't Mind,Kent Jones,2016,48,0.53
H.O.L.Y.,Florida Georgia Line,2016,49,0.52
We Don't Talk Anymore,Charlie Puth featuring Selena Gomez,2016,50,0.51
Into You,Ariana Grande,2016,51,0.5
Gold,Kiiara,2016,52,0.49
Exchange,Bryson Tiller,2016,53,0.48
679,Fetty Wap featuring Remy Boyz,2016,54,0.47
Oui,Jeremih,2016,55,0.46
Hands to Myself,Selena Gomez,2016,56,0.45
2 Phones,Kevin Gates,2016,57,0.44
Starboy,The Weeknd featuring Daft Punk,2016,58,0.43
For Free,DJ Khaled featuring Drake,2016,59,0.42
Never Be Like You,Flume featuring Kai,2016,60,0.41
In the Night,The Weeknd,2016,61,0.4
Me Too,Meghan Trainor,2016,62,0.39
Ex's & Oh's,Elle King,2016,63,0.38
Die a Happy Man,Thomas Rhett,2016,64,0.37
White Iverson,Post Malone,2016,65,0.36
Close,Nick Jonas featuring Tove Lo,2016,66,0.35
Unsteady,X Ambassadors,2016,67,0.34
Sucker for Pain,"Lil Wayne, Wiz Khalifa and Imagine Dragons with Logic and Ty Dolla Sign featuring X Ambassadors",2016,68,0.33
Down in the DM,Yo Gotti featuring Nicki Minaj,2016,69,0.32
Luv,Tory Lanez,2016,70,0.31
Sorry,Beyoncé,2016,71,0.3
Can't Feel My Face,The Weeknd,2016,72,0.29
Hymn for the Weekend,Coldplay,2016,73,0.28
Say It,Tory Lanez,2016,74,0.27
Antidote,Travis Scott,2016,75,0.26
Lost Boy,Ruth B,2016,76,0.25
Side to Side,Ariana Grande featuring Nicki Minaj,2016,77,0.24
"Sit Still, Look Pretty",Daya,2016,78,0.23
Wildest Dreams,Taylor Swift,2016,79,0.22
Middle,DJ Snake featuring Bipolar Sunshine,2016,80,0.21
On My Mind,Ellie Goulding,2016,81,0.2
Pop Style,Drake featuring Jay-Z and Kanye West,2016,82,0.19
When We Were Young,Adele,2016,83,0.18
Hide Away,Daya,2016,84,0.17
Lean On,Major Lazer and DJ Snake featuring MØ,2016,85,0.16
I Know What You Did Last Summer,Shawn Mendes and Camila Cabello,2016,86,0.15
All the Way Up,Fat Joe and Remy Ma featuring French Montana and Infared,2016,87,0.14
Watch Me,Silentó,2016,88,0.13
Back to Sleep,Chris Brown,2016,89,0.12
No Limit,Usher featuring Young Thug,2016,90,0.11
Cut It,O.T. Genasis featuring Young Dolph,2016,91,0.1
Really Really,Kevin Gates,2016,92,0.09
All In My Head (Flex),Fifth Harmony featuring Fetty Wap,2016,93,0.08
Starving,Hailee Steinfeld and Grey featuring Zedd,2016,94,0.07
Adventure of a Lifetime,Coldplay,2016,95,0.06
Humble and Kind,Tim McGraw,2016,96,0.05
Wicked,Future,2016,97,0.04
Tiimmy Turner,Desiigner,2016,98,0.03
See You Again,Wiz Khalifa featuring Charlie Puth,2016,99,0.02
Perfect,One Direction,2016,100,0.01
Shape of You,Ed Sheeran,2017,1,1.0
Despacito (Remix),Luis Fonsi and Daddy Yankee featuring Justin Bieber,2017,2,0.99
That's What I Like,Bruno Mars,2017,3,0.98
Humble,Kendrick Lamar,2017,4,0.97
Something Just Like This,The Chainsmokers and Coldplay,2017,5,0.96
Bad and Boujee,Migos featuring Lil Uzi Vert,2017,6,0.95
Closer,The Chainsmokers featuring Halsey,2017,7,0.94
Body Like a Back Road,Sam Hunt,2017,8,0.93
Believer,Imagine Dragons,2017,9,0.92
Congratulations,Post Malone featuring Quavo,2017,10,0.91
Say You Won't Let Go,James Arthur,2017,11,0.9
I'm the One,"DJ Khaled featuring Justin Bieber, Quavo, Chance the Rapper and Lil Wayne",2017,12,0.89
XO Tour Llif3,Lil Uzi Vert,2017,13,0.88
Mask Off,Future,2017,14,0.87
Unforgettable,French Montana featuring Swae Lee,2017,15,0.86
24K Magic,Bruno Mars,2017,16,0.85
Stay,Zedd and Alessia Cara,2017,17,0.84
Wild Thoughts,DJ Khaled featuring Rihanna and Bryson Tiller,2017,18,0.83
Black Beatles,Rae Sremmurd featuring Gucci Mane,2017,19,0.82
Starboy,The Weeknd featuring Daft Punk,2017,20,0.81
Location,Khalid,2017,21,0.8
Attention,Charlie Puth,2017,22,0.79
There's Nothing Holdin' Me Back,Shawn Mendes,2017,23,0.78
Bodak Yellow,Cardi B,2017,24,0.77
Redbone,Childish Gambino,2017,25,0.76
I Don't Wanna Live Forever,Zayn and Taylor Swift,2017,26,0.75
It Ain't Me,Kygo and Selena Gomez,2017,27,0.74
iSpy,Kyle featuring Lil Yachty,2017,28,0.73
Issues,Julia Michaels,2017,29,0.72
Scars to Your Beautiful,Alessia Cara,2017,30,0.71
1-800-273-8255,Logic featuring Alessia Cara and Khalid,2017,31,0.7
Slow Hands,Niall Horan,2017,32,0.69
Love on the Brain,Rihanna,2017,33,0.68
I Feel It Coming,The Weeknd featuring Daft Punk,2017,34,0.67
Bounce Back,Big Sean,2017,35,0.66
Strip That Down,Liam Payne featuring Quavo,2017,36,0.65
Fake Love,Drake,2017,37,0.64
Don't Wanna Know,Maroon 5 featuring Kendrick Lamar,2017,38,0.63
Look What You Made Me Do,Taylor Swift,2017,39,0.62
Castle on the Hill,Ed Sheeran,2017,40,0.61
Bad Things,Machine Gun Kelly and Camila Cabello,2017,41,0.6
Paris,The Chainsmokers,2017,42,0.59
Side to Side,Ariana Grande featuring Nicki Minaj,2017,43,0.58
Rockabye,Clean Bandit featuring Sean Paul and Anne-Marie,2017,44,0.57
Feel It Still,Portugal. The Man,2017,45,0.56
Let Me Love You,DJ Snake featuring Justin Bieber,2017,46,0.55
Sorry Not Sorry,Demi Lovato,2017,47,0.54
Bank Account,21 Savage,2017,48,0.53
Can't Stop the Feeling!,Justin Timberlake,2017,49,0.52
Mi Gente,J Balvin and Willy William featuring Beyoncé,2017,50,0.51
Thunder,Imagine Dragons,2017,51,0.5
T-shirt,Migos,2017,52,0.49
Rake It Up,Yo Gotti featuring Nicki Minaj,2017,53,0.48
Mercy,Shawn Mendes,2017,54,0.47
Tunnel Vision,Kodak Black,2017,55,0.46
Rockstar,Post Malone featuring 21 Savage,2017,56,0.45
In Case You Didn't Know,Brett Young,2017,57,0.44
Heathens,Twenty One Pilots,2017,58,0.43
Now or Never,Halsey,2017,59,0.42
Caroline,Aminé,2017,60,0.41
Rolex,Ayo & Teo,2017,61,0.4
DNA,Kendrick Lamar,2017,62,0.39
Juju on That Beat (TZ Anthem),Zay Hilfigerrr & Zayion McCall,2017,63,0.38
Swang,Rae Sremmurd,2017,64,0.37
Passionfruit,Drake,2017,65,0.36
Loyalty,Kendrick Lamar featuring Rihanna,2017,66,0.35
Praying,Kesha,2017,67,0.34
Goosebumps,Travis Scott,2017,68,0.33
Cold,Maroon 5 featuring Future,2017,69,0.32
Broccoli,DRAM featuring Lil Yachty,2017,70,0.31
Slide,Calvin Harris featuring Frank Ocean and Migos,2017,71,0.3
What Ifs,Kane Brown featuring Lauren Alaina,2017,72,0.29
Chained to the Rhythm,Katy Perry featuring Skip Marley,2017,73,0.28
Feels,"Calvin Harris featuring Pharrell Williams, Katy Perry and Big Sean",2017,74,0.27
All Time Low,Jon Bellion,2017,75,0.26
Hurricane,Luke Combs,2017,76,0.25
Too Good at Goodbyes,Sam Smith,2017,77,0.24
Young Dumb & Broke,Khalid,2017,78,0.23
Magnolia,Playboi Carti,2017,79,0.22
Love Galore,SZA featuring Travis Scott,2017,80,0.21
Drowning,A Boogie wit da Hoodie featuring Kodak Black,2017,81,0.2
Starving,Hailee Steinfeld and Grey featuring Zedd,2017,82,0.19
Both,Gucci Mane featuring Drake,2017,83,0.18
What About Us,P!nk,2017,84,0.17
Swalla,Jason Derulo featuring Nicki Minaj and Ty Dolla Sign,2017,85,0.16
Slippery,Migos featuring Gucci Mane,2017,86,0.15
Sign of the Times,Harry Styles,2017,87,0.14
Water Under the Bridge,Adele,2017,88,0.13
Malibu,Miley Cyrus,2017,89,0.12
Down,Marian Hill,2017,90,0.11
No Promises,Cheat Codes featuring Demi Lovato,2017,91,0.1
Treat You Better,Shawn Mendes,2017,92,0.09
I Get the Bag,Gucci Mane featuring Migos,2017,93,0.08
Small Town Boy,Dustin Lynch,2017,94,0.07
Everyday We Lit,YFN Lucci featuring PnB Rock,2017,95,0.06
Havana,Camila Cabello featuring Young Thug,2017,96,0.05
What Lovers Do,Maroon 5 featuring SZA,2017,97,0.04
Do Re Mi,Blackbear,2017,98,0.03
Look at Me!,XXXTentacion,2017,99,0.02
The Fighter,Keith Urban featuring Carrie Underwood,2017,100,0.01
God's Plan,Drake,2018,1,1.0
Perfect,Ed Sheeran,2018,2,0.99
Meant to Be,Bebe Rexha featuring Florida Georgia Line,2018,3,0.98
Havana,Camila Cabello featuring Young Thug,2018,4,0.97
Rockstar,Post Malone featuring 21 Savage,2018,5,0.96
Psycho,Post Malone featuring Ty Dolla Sign,2018,6,0.95
I Like It,"Cardi B, Bad Bunny and J Balvin",2018,7,0.94
The Middle,"Zedd, Maren Morris and Grey",2018,8,0.93
In My Feelings,Drake,2018,9,0.92
Girls Like You,Maroon 5 featuring Cardi B,2018,10,0.91
Nice for What,Drake,2018,11,0.9
Lucid Dreams,Juice Wrld,2018,12,0.89
Better Now,Post Malone,2018,13,0.88
Finesse,Bruno Mars featuring Cardi B,2018,14,0.87
Boo'd Up,Ella Mai,2018,15,0.86
New Rules,Dua Lipa,2018,16,0.85
Sad!,XXXTentacion,2018,17,0.84
Never Be the Same,Camila Cabello,2018,18,0.83
Love Lies,Khalid and Normani,2018,19,0.82
No Tears Left to Cry,Ariana Grande,2018,20,0.81
Mine,Bazzi,2018,21,0.8
Thunder,Imagine Dragons,2018,22,0.79
Look Alive,BlocBoy JB featuring Drake,2018,23,0.78
Delicate,Taylor Swift,2018,24,0.77
Yes Indeed,Lil Baby and Drake,2018,25,0.76
Friends,Marshmello and Anne-Marie,2018,26,0.75
Bad at Love,Halsey,2018,27,0.74
Taste,Tyga featuring Offset,2018,28,0.73
Let You Down,NF,2018,29,0.72
No Limit,G-Eazy featuring ASAP Rocky and Cardi B,2018,30,0.71
Fefe,6ix9ine featuring Nicki Minaj and Murda Beatz,2018,31,0.7
Tequila,Dan + Shay,2018,32,0.69
Feel It Still,Portugal. The Man,2018,33,0.68
MotorSport,"Migos, Nicki Minaj and Cardi B",2018,34,0.67
I Like Me Better,Lauv,2018,35,0.66
Youngblood,5 Seconds of Summer,2018,36,0.65
Whatever It Takes,Imagine Dragons,2018,37,0.64
Ric Flair Drip,Offset and Metro Boomin,2018,38,0.63
I Fall Apart,Post Malone,2018,39,0.62
Pray for Me,The Weeknd and Kendrick Lamar,2018,40,0.61
Back to You,Selena Gomez,2018,41,0.6
Sicko Mode,Travis Scott,2018,42,0.59
Walk It Talk It,Migos featuring Drake,2018,43,0.58
Gucci Gang,Lil Pump,2018,44,0.57
Him & I,G-Eazy and Halsey,2018,45,0.56
In My Blood,Shawn Mendes,2018,46,0.55
All the Stars,Kendrick Lamar and SZA,2018,47,0.54
Stir Fry,Migos,2018,48,0.53
Too Good at Goodbyes,Sam Smith,2018,49,0.52
Love,Kendrick Lamar featuring Zacari,2018,50,0.51
This Is America,Childish Gambino,2018,51,0.5
Nonstop,Drake,2018,52,0.49
Heaven,Kane Brown,2018,53,0.48
Bodak Yellow,Cardi B,2018,54,0.47
Freaky Friday,Lil Dicky featuring Chris Brown,2018,55,0.46
Gummo,6ix9ine,2018,56,0.45
Plug Walk,Rich the Kid,2018,57,0.44
Wait,Maroon 5,2018,58,0.43
Be Careful,Cardi B,2018,59,0.42
Wolves,Selena Gomez and Marshmello,2018,60,0.41
Bartier Cardi,Cardi B featuring 21 Savage,2018,61,0.4
God Is a Woman,Ariana Grande,2018,62,0.39
Big Bank,"YG featuring 2 Chainz, Nicki Minaj and Big Sean",2018,63,0.38
Sorry Not Sorry,Demi Lovato,2018,64,0.37
How Long,Charlie Puth,2018,65,0.36
Lights Down Low,Max featuring Gnash,2018,66,0.35
Young Dumb & Broke,Khalid,2018,67,0.34
One Kiss,Calvin Harris and Dua Lipa,2018,68,0.33
Natural,Imagine Dragons,2018,69,0.32
You Make It Easy,Jason Aldean,2018,70,0.31
Shape of You,Ed Sheeran,2018,71,0.3
I Get the Bag,Gucci Mane featuring Migos,2018,72,0.29
No Brainer,"DJ Khaled featuring Justin Bieber, Chance the Rapper and Quavo",2018,73,0.28
Plain Jane,ASAP Ferg featuring Nicki Minaj,2018,74,0.27
Sky Walker,Miguel featuring Travis Scott,2018,75,0.26
Marry Me,Thomas Rhett,2018,76,0.25
Eastside,"Benny Blanco, Halsey and Khalid",2018,77,0.24
Call Out My Name,The Weeknd,2018,78,0.23
King's Dead,"Jay Rock, Kendrick Lamar, Future and James Blake",2018,79,0.22
Happier,Marshmello and Bastille,2018,80,0.21
Te Boté,"Nio García, Darell and Casper Mágico featuring Bad Bunny, Nicky Jam and Ozuna",2018,81,0.2
Simple,Florida Georgia Line,2018,82,0.19
Lemon,N.E.R.D and Rihanna,2018,83,0.18
1-800-273-8255,Logic featuring Alessia Cara and Khalid,2018,84,0.17
Say Something,Justin Timberlake featuring Chris Stapleton,2018,85,0.16
I'm Upset,Drake,2018,86,0.15
Get Along,Kenny Chesney,2018,87,0.14
Moonlight,XXXTentacion,2018,88,0.13
What Lovers Do,Maroon 5 featuring SZA,2018,89,0.12
X,Nicky Jam and J Balvin,2018,90,0.11
Outside Today,YoungBoy Never Broke Again,2018,91,0.1
Trip,Ella Mai,2018,92,0.09
Dura,Daddy Yankee,2018,93,0.08
Changes,XXXTentacion,2018,94,0.07
Mercy,Brett Young,2018,95,0.06
One Number Away,Luke Combs,2018,96,0.05
Powerglide,Rae Sremmurd featuring Juicy J,2018,97,0.04
IDGAF,Dua Lipa,2018,98,0.03
Mi Gente,J Balvin and Willy William featuring Beyoncé,2018,99,0.02
Believer,Imagine Dragons,2018,100,0.01
Old Town Road,Lil Nas X featuring Billy Ray Cyrus,2019,1,1.0
Sunflower,Post Malone and Swae Lee,2019,2,0.99
Without Me,Halsey,2019,3,0.98
Bad Guy,Billie Eilish,2019,4,0.97
Wow,Post Malone,2019,5,0.96
Happier,Marshmello and Bastille,2019,6,0.95
7 Rings,Ariana Grande,2019,7,0.94
Talk,Khalid,2019,8,0.93
Sicko Mode,Travis Scott,2019,9,0.92
Sucker,Jonas Brothers,2019,10,0.91
High Hopes,Panic! at the Disco,2019,11,0.9
"Thank U, Next",Ariana Grande,2019,12,0.89
Truth Hurts,Lizzo,2019,13,0.88
Dancing with a Stranger,Sam Smith and Normani,2019,14,0.87
Señorita,Shawn Mendes and Camila Cabello,2019,15,0.86
I Don't Care,Ed Sheeran and Justin Bieber,2019,16,0.85
Eastside,"Benny Blanco, Halsey and Khalid",2019,17,0.84
Going Bad,Meek Mill featuring Drake,2019,18,0.83
Shallow,Lady Gaga and Bradley Cooper,2019,19,0.82
Better,Khalid,2019,20,0.81
No Guidance,Chris Brown featuring Drake,2019,21,0.8
Girls Like You,Maroon 5 featuring Cardi B,2019,22,0.79
Sweet but Psycho,Ava Max,2019,23,0.78
Suge,DaBaby,2019,24,0.77
Middle Child,J. Cole,2019,25,0.76
Drip Too Hard,Lil Baby and Gunna,2019,26,0.75
Someone You Loved,Lewis Capaldi,2019,27,0.74
Ransom,Lil Tecca,2019,28,0.73
If I Can't Have You,Shawn Mendes,2019,29,0.72
Goodbyes,Post Malone featuring Young Thug,2019,30,0.71
Zeze,Kodak Black featuring Travis Scott and Offset,2019,31,0.7
Better Now,Post Malone,2019,32,0.69
Youngblood,5 Seconds of Summer,2019,33,0.68
Money in the Grave,Drake featuring Rick Ross,2019,34,0.67
Speechless,Dan + Shay,2019,35,0.66
"Break Up with Your Girlfriend, I'm Bored",Ariana Grande,2019,36,0.65
Please Me,Cardi B and Bruno Mars,2019,37,0.64
Money,Cardi B,2019,38,0.63
You Need to Calm Down,Taylor Swift,2019,39,0.62
Panini,Lil Nas X,2019,40,0.61
Look Back at It,A Boogie wit da Hoodie,2019,41,0.6
A Lot,21 Savage,2019,42,0.59
Me!,Taylor Swift featuring Brendon Urie,2019,43,0.58
Mia,Bad Bunny featuring Drake,2019,44,0.57
Pop Out,Polo G featuring Lil Tjay,2019,45,0.56
Beautiful Crazy,Luke Combs,2019,46,0.55
Thotiana,Blueface,2019,47,0.54
Lucid Dreams,Juice Wrld,2019,48,0.53
Mo Bamba,Sheck Wes,2019,49,0.52
Beautiful People,Ed Sheeran featuring Khalid,2019,50,0.51
Wake Up in the Sky,"Gucci Mane, Bruno Mars and Kodak Black",2019,51,0.5
Whiskey Glasses,Morgan Wallen,2019,52,0.49
God's Country,Blake Shelton,2019,53,0.48
Be Alright,Dean Lewis,2019,54,0.47
Pure Water,Mustard and Migos,2019,55,0.46
The Git Up,Blanco Brown,2019,56,0.45
Taki Taki,"DJ Snake featuring Selena Gomez, Ozuna and Cardi B",2019,57,0.44
Close to Me,Ellie Goulding and Diplo featuring Swae Lee,2019,58,0.43
Envy Me,Calboy,2019,59,0.42
You Say,Lauren Daigle,2019,60,0.41
"Hey Look Ma, I Made It",Panic! at the Disco,2019,61,0.4
Circles,Post Malone,2019,62,0.39
Beer Never Broke My Heart,Luke Combs,2019,63,0.38
The London,"Young Thug, J. Cole and Travis Scott",2019,64,0.37
Con Calma,Daddy Yankee and Katy Perry featuring Snow,2019,65,0.36
Murder on My Mind,YNW Melly,2019,66,0.35
When the Party's Over,Billie Eilish,2019,67,0.34
Act Up,City Girls,2019,68,0.33
I Like It,"Cardi B, Bad Bunny and J Balvin",2019,69,0.32
Trampoline,Shaed,2019,70,0.31
Leave Me Alone,Flipp Dinero,2019,71,0.3
Breathin,Ariana Grande,2019,72,0.29
Bury a Friend,Billie Eilish,2019,73,0.28
Close Friends,Lil Baby,2019,74,0.27
Baby Shark,Pinkfong,2019,75,0.26
My Type,Saweetie,2019,76,0.25
Worth It,YK Osiris,2019,77,0.24
Only Human,Jonas Brothers,2019,78,0.23
Knockin' Boots,Luke Bryan,2019,79,0.22
Trip,Ella Mai,2019,80,0.21
Rumor,Lee Brice,2019,81,0.2
Swervin,A Boogie wit da Hoodie featuring 6ix9ine,2019,82,0.19
How Do You Sleep?,Sam Smith,2019,83,0.18
Baby,Lil Baby and DaBaby,2019,84,0.17
Look What God Gave Her,Thomas Rhett,2019,85,0.16
Good as You,Kane Brown,2019,86,0.15
Clout,Offset featuring Cardi B,2019,87,0.14
Love Lies,Khalid and Normani,2019,88,0.13
One Thing Right,Marshmello and Kane Brown,2019,89,0.12
Cash Shit,Megan Thee Stallion featuring DaBaby,2019,90,0.11
Tequila,Dan + Shay,2019,91,0.1
Shotta Flow,NLE Choppa,2019,92,0.09
Hot Girl Summer,Megan Thee Stallion featuring Nicki Minaj and Ty Dolla Sign,2019,93,0.08
Talk You Out of It,Florida Georgia Line,2019,94,0.07
Beautiful,Bazzi featuring Camila Cabello,2019,95,0.06
Eyes on You,Chase Rice,2019,96,0.05
All to Myself,Dan + Shay,2019,97,0.04
Boyfriend,Ariana Grande and Social House,2019,98,0.03
Walk Me Home,Pink,2019,99,0.02
Robbery,Juice Wrld,2019,100,0.01
Blinding Lights,The Weeknd,2020,1,1.0
Circles,Post Malone,2020,2,0.99
The Box,Roddy Ricch,2020,3,0.98
Don't Start Now,Dua Lipa,2020,4,0.97
Rockstar,DaBaby featuring Roddy Ricch,2020,5,0.96
Adore You,Harry Styles,2020,6,0.95
Life Is Good,Future featuring Drake,2020,7,0.94
Memories,Maroon 5,2020,8,0.93
The Bones,Maren Morris,2020,9,0.92
Someone You Loved,Lewis Capaldi,2020,10,0.91
Say So,Doja Cat,2020,11,0.9
I Hope,Gabby Barrett featuring Charlie Puth,2020,12,0.89
Whats Poppin,"Jack Harlow featuring DaBaby, Tory Lanez and Lil Wayne",2020,13,0.88
Dance Monkey,Tones and I,2020,14,0.87
Savage,Megan Thee Stallion featuring Beyoncé,2020,15,0.86
Roxanne,Arizona Zervas,2020,16,0.85
Intentions,Justin Bieber featuring Quavo,2020,17,0.84
Everything I Wanted,Billie Eilish,2020,18,0.83
Roses (Imanbek remix),Saint Jhn,2020,19,0.82
Watermelon Sugar,Harry Styles,2020,20,0.81
Before You Go,Lewis Capaldi,2020,21,0.8
Falling,Trevor Daniel,2020,22,0.79
"10,000 Hours",Dan + Shay and Justin Bieber,2020,23,0.78
WAP,Cardi B featuring Megan Thee Stallion,2020,24,0.77
Ballin',Mustard and Roddy Ricch,2020,25,0.76
Hot Girl Bummer,Blackbear,2020,26,0.75
Blueberry Faygo,Lil Mosey,2020,27,0.74
Heartless,The Weeknd,2020,28,0.73
Bop,DaBaby,2020,29,0.72
Lose You to Love Me,Selena Gomez,2020,30,0.71
Good as Hell,Lizzo,2020,31,0.7
Toosie Slide,Drake,2020,32,0.69
Break My Heart,Dua Lipa,2020,33,0.68
Chasin' You,Morgan Wallen,2020,34,0.67
Savage Love (Laxed – Siren Beat),Jawsh 685 and Jason Derulo,2020,35,0.66
No Guidance,Chris Brown featuring Drake,2020,36,0.65
My Oh My,Camila Cabello featuring DaBaby,2020,37,0.64
Dynamite,BTS,2020,38,0.63
Go Crazy,Chris Brown and Young Thug,2020,39,0.62
High Fashion,Roddy Ricch featuring Mustard,2020,40,0.61
Laugh Now Cry Later,Drake featuring Lil Durk,2020,41,0.6
Woah,Lil Baby,2020,42,0.59
Death Bed,Powfu featuring Beabadoobee,2020,43,0.58
Señorita,Shawn Mendes and Camila Cabello,2020,44,0.57
Highest in the Room,Travis Scott,2020,45,0.56
Bad Guy,Billie Eilish,2020,46,0.55
Mood,24kGoldn featuring Iann Dior,2020,47,0.54
Rain on Me,Lady Gaga and Ariana Grande,2020,48,0.53
For the Night,Pop Smoke featuring Lil Baby and DaBaby,2020,49,0.52
Ritmo (Bad Boys for Life),Black Eyed Peas and J Balvin,2020,50,0.51
Heart on Ice,Rod Wave,2020,51,0.5
Nobody but You,Blake Shelton and Gwen Stefani,2020,52,0.49
Trampoline,Shaed,2020,53,0.48
Come & Go,Juice Wrld and Marshmello,2020,54,0.47
Truth Hurts,Lizzo,2020,55,0.46
If the World Was Ending,JP Saxe featuring Julia Michaels,2020,56,0.45
We Paid,Lil Baby and 42 Dugg,2020,57,0.44
Yummy,Justin Bieber,2020,58,0.43
One Man Band,Old Dominion,2020,59,0.42
Got What I Got,Jason Aldean,2020,60,0.41
Sunday Best,Surfaces,2020,61,0.4
Godzilla,Eminem featuring Juice Wrld,2020,62,0.39
Bandit,Juice Wrld and YoungBoy Never Broke Again,2020,63,0.38
Party Girl,StaySolidRocky,2020,64,0.37
Die from a Broken Heart,Maddie & Tae,2020,65,0.36
Popstar,DJ Khaled featuring Drake,2020,66,0.35
All I Want for Christmas Is You,Mariah Carey,2020,67,0.34
One of Them Girls,Lee Brice,2020,68,0.33
Hard to Forget,Sam Hunt,2020,69,0.32
One Margarita,Luke Bryan,2020,70,0.31
Panini,Lil Nas X,2020,71,0.3
Hot,Young Thug featuring Gunna,2020,72,0.29
I Hope You're Happy Now,Carly Pearce and Lee Brice,2020,73,0.28
Emotionally Scarred,Lil Baby,2020,74,0.27
Suicidal,YNW Melly featuring Juice Wrld,2020,75,0.26
The Bigger Picture,Lil Baby,2020,76,0.25
Only Human,Jonas Brothers,2020,77,0.24
The Woo,Pop Smoke featuring 50 Cent and Roddy Ricch,2020,78,0.23
Sum 2 Prove,Lil Baby,2020,79,0.22
Stuck with U,Ariana Grande and Justin Bieber,2020,80,0.21
Mood Swings,Pop Smoke featuring Lil Tjay,2020,81,0.2
You Should Be Sad,Halsey,2020,82,0.19
Dior,Pop Smoke,2020,83,0.18
Supalonely,Benee featuring Gus Dapperton,2020,84,0.17
Even Though I'm Leaving,Luke Combs,2020,85,0.16
The Scotts,The Scotts (Travis Scott and Kid Cudi),2020,86,0.15
Juicy,Doja Cat and Tyga,2020,87,0.14
Be Like That,"Kane Brown, Swae Lee and Khalid",2020,88,0.13
Homesick,Kane Brown,2020,89,0.12
Rags2Riches,Rod Wave featuring ATR Son Son,2020,90,0.11
Bluebird,Miranda Lambert,2020,91,0.1
Wishing Well,Juice Wrld,2020,92,0.09
Does to Me,Luke Combs featuring Eric Church,2020,93,0.08
Pussy Fairy (OTW),Jhené Aiko,2020,94,0.07
ILY (I Love You Baby),Surf Mesa featuring Emilee,2020,95,0.06
More Than My Hometown,Morgan Wallen,2020,96,0.05
Lovin' on You,Luke Combs,2020,97,0.04
Said Sum,Moneybagg Yo,2020,98,0.03
Slide,H.E.R. featuring YG,2020,99,0.02
Walk Em Down,NLE Choppa featuring Roddy Ricch,2020,100,0.01
Levitating,Dua Lipa,2021,1,1.0
Save Your Tears,The Weeknd and Ariana Grande,2021,2,0.99
Blinding Lights,The Weeknd,2021,3,0.98
Mood,24kGoldn featuring Iann Dior,2021,4,0.97
Good 4 U,Olivia Rodrigo,2021,5,0.96
Kiss Me More,Doja Cat featuring SZA,2021,6,0.95
Leave the Door Open,Silk Sonic (Bruno Mars and Anderson .Paak),2021,7,0.94
Drivers License,Olivia Rodrigo,2021,8,0.93
Montero (Call Me by Your Name),Lil Nas X,2021,9,0.92
Peaches,Justin Bieber featuring Daniel Caesar and Giveon,2021,10,0.91
Butter,BTS,2021,11,0.9
Stay,The Kid Laroi and Justin Bieber,2021,12,0.89
Deja Vu,Olivia Rodrigo,2021,13,0.88
Positions,Ariana Grande,2021,14,0.87
Bad Habits,Ed Sheeran,2021,15,0.86
Heat Waves,Glass Animals,2021,16,0.85
Without You,The Kid Laroi,2021,17,0.84
Forever After All,Luke Combs,2021,18,0.83
Go Crazy,Chris Brown and Young Thug,2021,19,0.82
Astronaut in the Ocean,Masked Wolf,2021,20,0.81
34+35,Ariana Grande featuring Doja Cat and Megan Thee Stallion,2021,21,0.8
What You Know Bout Love,Pop Smoke,2021,22,0.79
My Ex's Best Friend,Machine Gun Kelly featuring Blackbear,2021,23,0.78
Industry Baby,Lil Nas X and Jack Harlow,2021,24,0.77
Therefore I Am,Billie Eilish,2021,25,0.76
Up,Cardi B,2021,26,0.75
Fancy Like,Walker Hayes,2021,27,0.74
Dakiti,Bad Bunny and Jhay Cortez,2021,28,0.73
Best Friend,Saweetie featuring Doja Cat,2021,29,0.72
Rapstar,Polo G,2021,30,0.71
Heartbreak Anniversary,Giveon,2021,31,0.7
For the Night,Pop Smoke featuring Lil Baby and DaBaby,2021,32,0.69
Calling My Phone,Lil Tjay and 6lack,2021,33,0.68
Beautiful Mistakes,Maroon 5 featuring Megan Thee Stallion,2021,34,0.67
Holy,Justin Bieber featuring Chance the Rapper,2021,35,0.66
On Me,Lil Baby,2021,36,0.65
You Broke Me First,Tate McRae,2021,37,0.64
Traitor,Olivia Rodrigo,2021,38,0.63
Back in Blood,Pooh Shiesty featuring Lil Durk,2021,39,0.62
I Hope,Gabby Barrett featuring Charlie Puth,2021,40,0.61
Dynamite,BTS,2021,41,0.6
Wockesha,Moneybagg Yo,2021,42,0.59
You Right,Doja Cat and the Weeknd,2021,43,0.58
Beat Box 2 / Beat Box 3,SpotemGottem featuring Pooh Shiesty / SpotemGottem featuring DaBaby,2021,44,0.57
Laugh Now Cry Later,Drake featuring Lil Durk,2021,45,0.56
Need to Know,Doja Cat,2021,46,0.55
Wants and Needs,Drake featuring Lil Baby,2021,47,0.54
Way 2 Sexy,Drake featuring Future and Young Thug,2021,48,0.53
Telepatía,Kali Uchis,2021,49,0.52
Whoopty,CJ,2021,50,0.51
Lemonade,Internet Money and Gunna featuring Don Toliver and Nav,2021,51,0.5
Good Days,SZA,2021,52,0.49
Starting Over,Chris Stapleton,2021,53,0.48
Body,Megan Thee Stallion,2021,54,0.47
Willow,Taylor Swift,2021,55,0.46
Bang!,AJR,2021,56,0.45
Better Together,Luke Combs,2021,57,0.44
You're Mines Still,Yung Bleu featuring Drake,2021,58,0.43
Every Chance I Get,DJ Khaled featuring Lil Baby and Lil Durk,2021,59,0.42
Essence,Wizkid featuring Justin Bieber and Tems,2021,60,0.41
Chasing After You,Ryan Hurd and Maren Morris,2021,61,0.4
The Good Ones,Gabby Barrett,2021,62,0.39
Leave Before You Love Me,Marshmello and Jonas Brothers,2021,63,0.38
Glad You Exist,Dan + Shay,2021,64,0.37
Lonely,Justin Bieber and Benny Blanco,2021,65,0.36
Beggin',Måneskin,2021,66,0.35
Streets,Doja Cat,2021,67,0.34
What's Next,Drake,2021,68,0.33
Famous Friends,Chris Young and Kane Brown,2021,69,0.32
Lil Bit,Nelly and Florida Georgia Line,2021,70,0.31
Thot Shit,Megan Thee Stallion,2021,71,0.3
Late at Night,Roddy Ricch,2021,72,0.29
Kings & Queens,Ava Max,2021,73,0.28
Anyone,Justin Bieber,2021,74,0.27
Track Star,Mooski,2021,75,0.26
Time Today,Moneybagg Yo,2021,76,0.25
Cry Baby,Megan Thee Stallion featuring DaBaby,2021,77,0.24
All I Want for Christmas Is You,Mariah Carey,2021,78,0.23
No More Parties,Coi Leray featuring Lil Durk,2021,79,0.22
What's Your Country Song,Thomas Rhett,2021,80,0.21
One Too Many,Keith Urban and Pink,2021,81,0.2
Arcade,Duncan Laurence,2021,82,0.19
Yonaguni,Bad Bunny,2021,83,0.18
Good Time,Niko Moon,2021,84,0.17
If I Didn't Love You,Jason Aldean and Carrie Underwood,2021,85,0.16
Knife Talk,Drake featuring 21 Savage and Project Pat,2021,86,0.15
POV,Ariana Grande,2021,87,0.14
Just the Way,Parmalee and Blanco Brown,2021,88,0.13
Take My Breath,The Weeknd,2021,89,0.12
We're Good,Dua Lipa,2021,90,0.11
Hell of a View,Eric Church,2021,91,0.1
Rockin' Around the Christmas Tree,Brenda Lee,2021,92,0.09
Put Your Records On,Ritt Momney,2021,93,0.08
Happier Than Ever,Billie Eilish,2021,94,0.07
Single Saturday Night,Cole Swindell,2021,95,0.06
Things a Man Oughta Know,Lainey Wilson,2021,96,0.05
Throat Baby (Go Baby),BRS Kash,2021,97,0.04
Tombstone,Rod Wave,2021,98,0.03
Drinkin' Beer. Talkin' God. Amen.,Chase Rice featuring Florida Georgia Line,2021,99,0.02
Todo de Ti,Rauw Alejandro,2021,100,0.01
Heat Waves,Glass Animals,2022,1,1.0
As It Was,Harry Styles,2022,2,0.99
Stay,The Kid Laroi and Justin Bieber,2022,3,0.98
Easy on Me,Adele,2022,4,0.97
Shivers,Ed Sheeran,2022,5,0.96
First Class,Jack Harlow,2022,6,0.95
Big Energy,Latto,2022,7,0.94
Ghost,Justin Bieber,2022,8,0.93
Super Gremlin,Kodak Black,2022,9,0.92
Cold Heart (Pnau Remix),Elton John and Dua Lipa,2022,10,0.91
Wait for U,Future featuring Drake and Tems,2022,11,0.9
About Damn Time,Lizzo,2022,12,0.89
Bad Habits,Ed Sheeran,2022,13,0.88
Thats What I Want,Lil Nas X,2022,14,0.87
Enemy,Imagine Dragons and JID,2022,15,0.86
Industry Baby,Lil Nas X and Jack Harlow,2022,16,0.85
ABCDEFU,Gayle,2022,17,0.84
Need to Know,Doja Cat,2022,18,0.83
Wasted on You,Morgan Wallen,2022,19,0.82
Me Porto Bonito,Bad Bunny and Chencho Corleone,2022,20,0.81
Woman,Doja Cat,2022,21,0.8
Tití Me Preguntó,Bad Bunny,2022,22,0.79
Running Up That Hill (A Deal with God),Kate Bush,2022,23,0.78
We Don't Talk About Bruno,"Carolina Gaitán, Mauro Castillo, Adassa, Rhenzy Feliz, Diane Guerrero, Stephanie Beatriz and the Encanto cast",2022,24,0.77
Late Night Talking,Harry Styles,2022,25,0.76
I Like You (A Happier Song),Post Malone featuring Doja Cat,2022,26,0.75
You Proof,Morgan Wallen,2022,27,0.74
Bad Habit,Steve Lacy,2022,28,0.73
Sunroof,Nicky Youre and Dazy,2022,29,0.72
One Right Now,Post Malone and the Weeknd,2022,30,0.71
Good 4 U,Olivia Rodrigo,2022,31,0.7
Numb Little Bug,Em Beihold,2022,32,0.69
Jimmy Cooks,Drake featuring 21 Savage,2022,33,0.68
'Til You Can't,Cody Johnson,2022,34,0.67
Fancy Like,Walker Hayes,2022,35,0.66
The Kind of Love We Make,Luke Combs,2022,36,0.65
I Ain't Worried,OneRepublic,2022,37,0.64
Break My Soul,Beyoncé,2022,38,0.63
Something in the Orange,Zach Bryan,2022,39,0.62
Save Your Tears,The Weeknd and Ariana Grande,2022,40,0.61
Smokin out the Window,Silk Sonic (Bruno Mars and Anderson .Paak),2022,41,0.6
Levitating,Dua Lipa,2022,42,0.59
In a Minute,Lil Baby,2022,43,0.58
Moscow Mule,Bad Bunny,2022,44,0.57
You Right,Doja Cat and the Weeknd,2022,45,0.56
She Had Me at Heads Carolina,Cole Swindell,2022,46,0.55
Vegas,Doja Cat,2022,47,0.54
Pushin P,Gunna and Future featuring Young Thug,2022,48,0.53
Buy Dirt,Jordan Davis and Luke Bryan,2022,49,0.52
I Hate U,SZA,2022,50,0.51
Boyfriend,Dove Cameron,2022,51,0.5
Glimpse of Us,Joji,2022,52,0.49
Surface Pressure,Jessica Darrow,2022,53,0.48
Fall in Love,Bailey Zimmerman,2022,54,0.47
Love Nwantiti (Ah Ah Ah),CKay,2022,55,0.46
Super Freaky Girl,Nicki Minaj,2022,56,0.45
Hrs and Hrs,Muni Long,2022,57,0.44
Sand in My Boots,Morgan Wallen,2022,58,0.43
Mamiii,Becky G and Karol G,2022,59,0.42
Knife Talk,Drake featuring 21 Savage and Project Pat,2022,60,0.41
AA,Walker Hayes,2022,61,0.4
Sweetest Pie,Megan Thee Stallion and Dua Lipa,2022,62,0.39
Provenza,Karol G,2022,63,0.38
Essence,Wizkid featuring Justin Bieber and Tems,2022,64,0.37
All I Want for Christmas Is You,Mariah Carey,2022,65,0.36
Bam Bam,Camila Cabello featuring Ed Sheeran,2022,66,0.35
5 Foot 9,Tyler Hubbard,2022,67,0.34
Get Into It (Yuh),Doja Cat,2022,68,0.33
Efecto,Bad Bunny,2022,69,0.32
Rock and a Hard Place,Bailey Zimmerman,2022,70,0.31
Doin' This,Luke Combs,2022,71,0.3
Oh My God,Adele,2022,72,0.29
Better Days,"Neiked, Mae Muller and Polo G",2022,73,0.28
Meet Me at Our Spot,The Anxiety: Willow and Tyler Cole,2022,74,0.27
Fingers Crossed,Lauren Spencer-Smith,2022,75,0.26
All Too Well (Taylor's Version),Taylor Swift,2022,76,0.25
Party,Bad Bunny and Rauw Alejandro,2022,77,0.24
Después de la Playa,Bad Bunny,2022,78,0.23
You Should Probably Leave,Chris Stapleton,2022,79,0.22
Rockin' Around the Christmas Tree,Brenda Lee,2022,80,0.21
Broadway Girls,Lil Durk featuring Morgan Wallen,2022,81,0.2
Take My Name,Parmalee,2022,82,0.19
What Happened to Virgil,Lil Durk featuring Gunna,2022,83,0.18
Puffin on Zootiez,Future,2022,84,0.17
Like I Love Country Music,Kane Brown,2022,85,0.16
Jingle Bell Rock,Bobby Helms,2022,86,0.15
Ojitos Lindos,Bad Bunny and Bomba Estéreo,2022,87,0.14
Trouble with a Heartbreak,Jason Aldean,2022,88,0.13
A Holly Jolly Christmas,Burl Ives,2022,89,0.12
Kiss Me More,Doja Cat featuring SZA,2022,90,0.11
She Likes It,Russell Dickerson featuring Jake Scott,2022,91,0.1
Never Say Never,Cole Swindell and Lainey Wilson,2022,92,0.09
Damn Strait,Scotty McCreery,2022,93,0.08
She's All I Wanna Be,Tate McRae,2022,94,0.07
Last Night Lonely,Jon Pardi,2022,95,0.06
Flower Shops,Ernest featuring Morgan Wallen,2022,96,0.05
To the Moon,Jnr Choi and Sam Tompkins,2022,97,0.04
Unholy,Sam Smith and Kim Petras,2022,98,0.03
One Mississippi,Kane Brown,2022,99,0.02
Circles Around This Town,Maren Morris,2022,100,0.01
Last Night,Morgan Wallen,2023,1,1.0
Flowers,Miley Cyrus,2023,2,0.99
Kill Bill,SZA,2023,3,0.98
Anti-Hero,Taylor Swift,2023,4,0.97
Creepin',"Metro Boomin, the Weeknd and 21 Savage",2023,5,0.96
Calm Down,Rema and Selena Gomez,2023,6,0.95
Die for You,The Weeknd and Ariana Grande,2023,7,0.94
Fast Car,Luke Combs,2023,8,0.93
Snooze,SZA,2023,9,0.92
I'm Good (Blue),David Guetta and Bebe Rexha,2023,10,0.91
Unholy,Sam Smith and Kim Petras,2023,11,0.9
You Proof,Morgan Wallen,2023,12,0.89
Something in the Orange,Zach Bryan,2023,13,0.88
Rich Flex,Drake and 21 Savage,2023,14,0.87
As It Was,Harry Styles,2023,15,0.86
Rock and a Hard Place,Bailey Zimmerman,2023,16,0.85
Under the Influence,Chris Brown,2023,17,0.84
Cruel Summer,Taylor Swift,2023,18,0.83
Thinkin' Bout Me,Morgan Wallen,2023,19,0.82
Boy's a Liar Pt. 2,PinkPantheress and Ice Spice,2023,20,0.81
Favorite Song,Toosii,2023,21,0.8
Thought You Should Know,Morgan Wallen,2023,22,0.79
Thank God,Kane Brown and Katelyn Brown,2023,23,0.78
Sure Thing,Miguel,2023,24,0.77
All My Life,Lil Durk featuring J. Cole,2023,25,0.76
Ella Baila Sola,Eslabon Armado and Peso Pluma,2023,26,0.75
Karma,Taylor Swift featuring Ice Spice,2023,27,0.74
Just Wanna Rock,Lil Uzi Vert,2023,28,0.73
Cuff It,Beyoncé,2023,29,0.72
Vampire,Olivia Rodrigo,2023,30,0.71
FukUMean,Gunna,2023,31,0.7
Lavender Haze,Taylor Swift,2023,32,0.69
Players,Coi Leray,2023,33,0.68
Need a Favor,Jelly Roll,2023,34,0.67
Dance the Night,Dua Lipa,2023,35,0.66
Love You Anyway,Luke Combs,2023,36,0.65
One Thing at a Time,Morgan Wallen,2023,37,0.64
Superhero (Heroes & Villains),"Metro Boomin, Future and Chris Brown",2023,38,0.63
Bad Habit,Steve Lacy,2023,39,0.62
La Bebé,Yng Lvcas and Peso Pluma,2023,40,0.61
Golden Hour,Jvke,2023,41,0.6
Religiously,Bailey Zimmerman,2023,42,0.59
Spin Bout U,Drake and 21 Savage,2023,43,0.58
Cupid,Fifty Fifty,2023,44,0.57
Search & Rescue,Drake,2023,45,0.56
Barbie World,Nicki Minaj and Ice Spice with Aqua,2023,46,0.55
Next Thing You Know,Jordan Davis,2023,47,0.54
Escapism,Raye featuring 070 Shake,2023,48,0.53
Un x100to,Grupo Frontera and Bad Bunny,2023,49,0.52
Until I Found You,Stephen Sanchez,2023,50,0.51
Shirt,SZA,2023,51,0.5
Paint the Town Red,Doja Cat,2023,52,0.49
Made You Look,Meghan Trainor,2023,53,0.48
Wait in the Truck,Hardy featuring Lainey Wilson,2023,54,0.47
All I Want for Christmas Is You,Mariah Carey,2023,55,0.46
Everything I Love,Morgan Wallen,2023,56,0.45
Chemical,Post Malone,2023,57,0.44
Heart Like a Truck,Lainey Wilson,2023,58,0.43
"Going, Going, Gone",Luke Combs,2023,59,0.42
Rockin' Around the Christmas Tree,Brenda Lee,2023,60,0.41
Dancin' in the Country,Tyler Hubbard,2023,61,0.4
Daylight,David Kushner,2023,62,0.39
Lift Me Up,Rihanna,2023,63,0.38
Eyes Closed,Ed Sheeran,2023,64,0.37
TQG,Karol G and Shakira,2023,65,0.36
Try That in a Small Town,Jason Aldean,2023,66,0.35
Tennessee Orange,Megan Moroney,2023,67,0.34
Jingle Bell Rock,Bobby Helms,2023,68,0.33
Princess Diana,Ice Spice and Nicki Minaj,2023,69,0.32
Tomorrow 2,GloRilla and Cardi B,2023,70,0.31
A Holly Jolly Christmas,Burl Ives,2023,71,0.3
Where She Goes,Bad Bunny,2023,72,0.29
Bebe Dame,Fuerza Regida and Grupo Frontera,2023,73,0.28
I Remember Everything,Zach Bryan featuring Kacey Musgraves,2023,74,0.27
I Like You (A Happier Song),Post Malone featuring Doja Cat,2023,75,0.26
What It Is (Block Boy),Doechii featuring Kodak Black,2023,76,0.25
Nobody Gets Me,SZA,2023,77,0.24
Rich Men North of Richmond,Oliver Anthony Music,2023,78,0.23
Super Freaky Girl,Nicki Minaj,2023,79,0.22
Dial Drunk,Noah Kahan and Post Malone,2023,80,0.21
What Was I Made For?,Billie Eilish,2023,81,0.2
Seven,Jung Kook featuring Latto,2023,82,0.19
Wait for U,Future featuring Drake and Tems,2023,83,0.18
Last Christmas,Wham!,2023,84,0.17
Handle on You,Parker McCollum,2023,85,0.16
Por Las Noches,Peso Pluma,2023,86,0.15
Memory Lane,Old Dominion,2023,87,0.14
Area Codes,Kaliii,2023,88,0.13
Bury Me in Georgia,Kane Brown,2023,89,0.12
PRC,Peso Pluma and Natanael Cano,2023,90,0.11
What My World Spins Around,Jordan Davis,2023,91,0.1
Ain't That Some,Morgan Wallen,2023,92,0.09
Wild as Her,Corey Kent,2023,93,0.08
Peaches & Eggplants,Young Nudy featuring 21 Savage,2023,94,0.07
I Wrote the Book,Morgan Wallen,2023,95,0.06
"Bzrp Music Sessions, Vol. 53",Bizarrap and Shakira,2023,96,0.05
Meltdown,Travis Scott featuring Drake,2023,97,0.04
Put It on da Floor Again,Latto featuring Cardi B,2023,98,0.03
Bloody Mary,Lady Gaga,2023,99,0.02
Watermelon Moonshine,Lainey Wilson,2023,100,0.01
Lose Control,Teddy Swims,2024,1,1.0
A Bar Song (Tipsy),Shaboozey,2024,2,0.99
Beautiful Things,Benson Boone,2024,3,0.98
I Had Some Help,Post Malone featuring Morgan Wallen,2024,4,0.97
Lovin on Me,Jack Harlow,2024,5,0.96
Not Like Us,Kendrick Lamar,2024,6,0.95
Espresso,Sabrina Carpenter,2024,7,0.94
Million Dollar Baby,Tommy Richman,2024,8,0.93
I Remember Everything,Zach Bryan featuring Kacey Musgraves,2024,9,0.92
Too Sweet,Hozier,2024,10,0.91
Stick Season,Noah Kahan,2024,11,0.9
Cruel Summer,Taylor Swift,2024,12,0.89
Greedy,Tate McRae,2024,13,0.88
Like That,"Future, Metro Boomin and Kendrick Lamar",2024,14,0.87
Birds of a Feather,Billie Eilish,2024,15,0.86
Please Please Please,Sabrina Carpenter,2024,16,0.85
Agora Hills,Doja Cat,2024,17,0.84
"Good Luck, Babe!",Chappell Roan,2024,18,0.83
Saturn,SZA,2024,19,0.82
Snooze,SZA,2024,20,0.81
Paint the Town Red,Doja Cat,2024,21,0.8
Fortnight,Taylor Swift featuring Post Malone,2024,22,0.79
Fast Car,Luke Combs,2024,23,0.78
Water,Tyla,2024,24,0.77
Feather,Sabrina Carpenter,2024,25,0.76
We Can't Be Friends (Wait for Your Love),Ariana Grande,2024,26,0.75
Austin,Dasha,2024,27,0.74
Last Night,Morgan Wallen,2024,28,0.73
Cowgirls,Morgan Wallen featuring Ernest,2024,29,0.72
Pink Skies,Zach Bryan,2024,30,0.71
Thinkin' Bout Me,Morgan Wallen,2024,31,0.7
Texas Hold 'Em,Beyoncé,2024,32,0.69
Is It Over Now?,Taylor Swift,2024,33,0.68
Miles on It,Marshmello and Kane Brown,2024,34,0.67
I Can Do It with a Broken Heart,Taylor Swift,2024,35,0.66
Wild Ones,Jessie Murph and Jelly Roll,2024,36,0.65
Ain't No Love in Oklahoma,Luke Combs,2024,37,0.64
Carnival,¥$ (Kanye West and Ty Dolla Sign) featuring Rich the Kid and Playboi Carti,2024,38,0.63
Houdini,Eminem,2024,39,0.62
Wanna Be,GloRilla and Megan Thee Stallion,2024,40,0.61
Slow It Down,Benson Boone,2024,41,0.6
Redrum,21 Savage,2024,42,0.59
Houdini,Dua Lipa,2024,43,0.58
Yeah Glo!,GloRilla,2024,44,0.57
Rich Baby Daddy,Drake featuring Sexyy Red and SZA,2024,45,0.56
What Was I Made For?,Billie Eilish,2024,46,0.55
End of Beginning,Djo,2024,47,0.54
Lunch,Billie Eilish,2024,48,0.53
Never Lose Me,Flo Milli,2024,49,0.52
Lies Lies Lies,Morgan Wallen,2024,50,0.51
Type Shit,"Future, Metro Boomin, Travis Scott, and Playboi Carti",2024,51,0.5
Gata Only,FloyyMenor and Cris MJ,2024,52,0.49
Hot to Go!,Chappell Roan,2024,53,0.48
All I Want for Christmas Is You,Mariah Carey,2024,54,0.47
Get It Sexyy,Sexyy Red,2024,55,0.46
Made for Me,Muni Long,2024,56,0.45
Vampire,Olivia Rodrigo,2024,57,0.44
Whatever She Wants,Bryson Tiller,2024,58,0.43
Rockin' Around the Christmas Tree,Brenda Lee,2024,59,0.42
Pretty Little Poison,Warren Zeiders,2024,60,0.41
First Person Shooter,Drake featuring J. Cole,2024,61,0.4
Die with a Smile,Lady Gaga and Bruno Mars,2024,62,0.39
I Like the Way You Kiss Me,Artemas,2024,63,0.38
Need a Favor,Jelly Roll,2024,64,0.37
Save Me,Jelly Roll featuring Lainey Wilson,2024,65,0.36
Euphoria,Kendrick Lamar,2024,66,0.35
Truck Bed,Hardy,2024,67,0.34
Jingle Bell Rock,Bobby Helms,2024,68,0.33
Flowers,Miley Cyrus,2024,69,0.32
Where the Wild Things Are,Luke Combs,2024,70,0.31
Everybody,Nicki Minaj featuring Lil Uzi Vert,2024,71,0.3
La Diabla,Xavi,2024,72,0.29
Stargazing,Myles Smith,2024,73,0.28
Last Christmas,Wham!,2024,74,0.27
I Am Not Okay,Jelly Roll,2024,75,0.26
Pour Me a Drink,Post Malone featuring Blake Shelton,2024,76,0.25
White Horse,Chris Stapleton,2024,77,0.24
Lil Boo Thang,Paul Russell,2024,78,0.23
Good Good,"Usher, Summer Walker and 21 Savage",2024,79,0.22
Act II: Date @ 8,4Batz and Drake,2024,80,0.21
High Road,Koe Wetzel featuring Jessie Murph,2024,81,0.2
Monaco,Bad Bunny,2024,82,0.19
IDGAF,Drake featuring Yeat,2024,83,0.18
Burn It Down,Parker McCollum,2024,84,0.17
FukUMean,Gunna,2024,85,0.16
Taste,Sabrina Carpenter,2024,86,0.15
Where It Ends,Bailey Zimmerman,2024,87,0.14
FTCU,Nicki Minaj,2024,88,0.13
Wildflower,Billie Eilish,2024,89,0.12
World on Fire,Nate Smith,2024,90,0.11
On My Mama,Victoria Monét,2024,91,0.1
"Yes, And?",Ariana Grande,2024,92,0.09
Exes,Tate McRae,2024,93,0.08
A Holly Jolly Christmas,Burl Ives,2024,94,0.07
Wind Up Missin' You,Tucker Wetmore,2024,95,0.06
Bulletproof,Nate Smith,2024,96,0.05
Fe!n,Travis Scott featuring Playboi Carti,2024,97,0.04
The Painter,Cody Johnson,2024,98,0.03
Down Bad,Taylor Swift,2024,99,0.02
Dance the Night,Dua Lipa,2024,100,0.01
Die with a Smile,Lady Gaga and Bruno Mars,2025,1,1.0
Luther,Kendrick Lamar and SZA,2025,2,0.99
A Bar Song (Tipsy),Shaboozey,2025,3,0.98
Lose Control,Teddy Swims,2025,4,0.97
Birds of a Feather,Billie Eilish,2025,5,0.96
Beautiful Things,Benson Boone,2025,6,0.95
Ordinary,Alex Warren,2025,7,0.94
I Had Some Help,Post Malone featuring Morgan Wallen,2025,8,0.93
APT.,Rosé and Bruno Mars,2025,9,0.92
Pink Pony Club,Chappell Roan,2025,10,0.91
Love Somebody,Morgan Wallen,2025,11,0.9
Espresso,Sabrina Carpenter,2025,12,0.89
I'm the Problem,Morgan Wallen,2025,13,0.88
That's So True,Gracie Abrams,2025,14,0.87
TV Off,Kendrick Lamar featuring Lefty Gunplay,2025,15,0.86
Timeless,The Weeknd and Playboi Carti,2025,16,0.85
Not Like Us,Kendrick Lamar,2025,17,0.84
Just in Case,Morgan Wallen,2025,18,0.83
Taste,Sabrina Carpenter,2025,19,0.82
Squabble Up,Kendrick Lamar,2025,20,0.81
30 for 30,SZA and Kendrick Lamar,2025,21,0.8
Mutt,Leon Thomas,2025,22,0.79
Good News,Shaboozey,2025,23,0.78
Nokia,Drake,2025,24,0.77
Golden,"Huntrix: Ejae, Audrey Nuna and Rei Ami",2025,25,0.76
Wildflower,Billie Eilish,2025,26,0.75
What I Want,Morgan Wallen featuring Tate McRae,2025,27,0.74
Messy,Lola Young,2025,28,0.73
Stargazing,Myles Smith,2025,29,0.72
Love Me Not,Ravyn Lenae,2025,30,0.71
"Good Luck, Babe!",Chappell Roan,2025,31,0.7
No One Noticed,The Marías,2025,32,0.69
All the Way,BigXthaPlug featuring Bailey Zimmerman,2025,33,0.68
Too Sweet,Hozier,2025,34,0.67
Worst Way,Riley Green,2025,35,0.66
Sailor Song,Gigi Perez,2025,36,0.65
Sorry I'm Here for Someone Else,Benson Boone,2025,37,0.64
Manchild,Sabrina Carpenter,2025,38,0.63
Anxiety,Doechii,2025,39,0.62
I Got Better,Morgan Wallen,2025,40,0.61
Sticky,"Tyler, the Creator featuring GloRilla, Sexyy Red and Lil Wayne",2025,41,0.6
Undressed,Sombr,2025,42,0.59
I Never Lie,Zach Top,2025,43,0.58
Back to Friends,Sombr,2025,44,0.57
Bed Chem,Sabrina Carpenter,2025,45,0.56
Sports Car,Tate McRae,2025,46,0.55
Mystical Magical,Benson Boone,2025,47,0.54
Whatchu Kno About Me,GloRilla and Sexyy Red,2025,48,0.53
Indigo,Sam Barber featuring Avery Anna,2025,49,0.52
Please Please Please,Sabrina Carpenter,2025,50,0.51
DTMF,Bad Bunny,2025,51,0.5
Blue Strips,Jessie Murph,2025,52,0.49
Peekaboo,Kendrick Lamar featuring AzChike,2025,53,0.48
Your Idol,"Saja Boys: Andrew Choi, Neckwav, Danny Chung, Kevin Woo and Samuil Lee",2025,54,0.47
High Road,Koe Wetzel featuring Jessie Murph,2025,55,0.46
Abracadabra,Lady Gaga,2025,56,0.45
Who,Jimin,2025,57,0.44
Burning Blue,Mariah the Scientist,2025,58,0.43
All I Want for Christmas Is You,Mariah Carey,2025,59,0.42
Daisies,Justin Bieber,2025,60,0.41
Soda Pop,"Saja Boys: Andrew Choi, Neckwav, Danny Chung, Kevin Woo and Samuil Lee",2025,61,0.4
Like Him,"Tyler, the Creator featuring Lola Young",2025,62,0.39
Residuals,Chris Brown,2025,63,0.38
Smile,Morgan Wallen,2025,64,0.37
Last Christmas,Wham!,2025,65,0.36
Am I Okay?,Megan Moroney,2025,66,0.35
Rockin' Around the Christmas Tree,Brenda Lee,2025,67,0.34
How It's Done,"Huntrix: Ejae, Audrey Nuna and Rei Ami",2025,68,0.33
Happen to Me,Russell Dickerson,2025,69,0.32
Baile Inolvidable,Bad Bunny,2025,70,0.31
Weren't for the Wind,Ella Langley,2025,71,0.3
I Ain't Comin' Back,Morgan Wallen featuring Post Malone,2025,72,0.29
Cry for Me,The Weeknd,2025,73,0.28
Bad Dreams,Teddy Swims,2025,74,0.27
Denial Is a River,Doechii,2025,75,0.26
BMF,SZA,2025,76,0.25
Eoo,Bad Bunny,2025,77,0.24
I'm Gonna Love You,Cody Johnson and Carrie Underwood,2025,78,0.23
I Am Not Okay,Jelly Roll,2025,79,0.22
Backup Plan,Bailey Zimmerman and Luke Combs,2025,80,0.21
Jingle Bell Rock,Bobby Helms,2025,81,0.2
Revolving Door,Tate McRae,2025,82,0.19
What It Sounds Like,"Huntrix: Ejae, Audrey Nuna and Rei Ami",2025,83,0.18
Hard Fought Hallelujah,Brandon Lake and Jelly Roll,2025,84,0.17
Somebody Loves Me,PartyNextDoor and Drake,2025,85,0.16
Liar,Jelly Roll,2025,86,0.15
Tu Boda,Óscar Maydon and Fuerza Regida,2025,87,0.14
After All the Bars Are Closed,Thomas Rhett,2025,88,0.13
Nuevayol,Bad Bunny,2025,89,0.12
20 Cigarettes,Morgan Wallen,2025,90,0.11
Rather Lie,Playboi Carti and the Weeknd,2025,91,0.1
Free,Ejae and Andrew Choi,2025,92,0.09
Takedown,"Huntrix: Ejae, Audrey Nuna and Rei Ami",2025,93,0.08
Heart of a Woman,Summer Walker,2025,94,0.07
House Again,Hudson Westbrook,2025,95,0.06
Dark Thoughts,Lil Tecca,2025,96,0.05
No Pole,Don Toliver,2025,97,0.04
Folded,Kehlani,2025,98,0.03
Superman,Morgan Wallen,2025,99,0.02
Loco,Netón Vega,2025,100,0.01
